student_id,name,gender,join_date,ability_band,study_hours_per_week,overall_attendance,video_completion_rate,average_video_duration,video_sessions,average_quiz_accuracy,average_quiz_score,quiz_attempts,mock_test_average,mock_test_count,average_assignment_score,assignment_delay_average,on_time_submissions,delayed_submissions,missing_submissions,engagement_score,weekly_videos_watched,weekly_forum_posts,weekly_study_sessions,study_hours,performance,low_attendance_flag,low_quiz_accuracy_flag,low_mock_average_flag,low_study_hours_flag,low_assignment_score_flag,high_delay_flag,learning_gap_score,student_rank,learning_category
S1000,Allison Hill,Male,2024-08-06,Medium,8.646502719632686,0.9666666666666668,0.5,10.7,4,0.7999130434782609,81.3913043478261,23,75.0,2,87.33333333333333,1.3333333333333333,1,5,0,2.4,10.0,2.0,4.0,8.646502719632686,High Performer,False,False,False,True,False,False,0.21574316349077333,162,Good
S1001,Noah Rhodes,Female,2025-09-10,High,11.803332075472506,0.9333333333333332,1.0,10.475,4,0.858,90.60857142857144,21,85.0,2,87.5,3.1666666666666665,0,6,0,1.2,10.0,5.0,4.0,11.803332075472506,High Performer,False,False,False,False,False,False,0.17850833647798545,221,Excellent
S1002,Angie Henderson,Female,2025-01-11,Low,7.227000244390741,0.6,1.0,7.433333333333334,3,0.6950400000000001,69.0,25,66.0,2,74.33333333333333,4.666666666666667,0,6,0,1.0,5.0,2.0,2.0,7.227000244390741,At Risk,True,False,False,True,False,False,0.37992049938902317,1814,Good
S1003,Daniel Wagner,Female,2026-02-02,High,9.66153906571669,0.9333333333333332,1.0,9.5,2,0.792,77.89655172413794,29,77.5,4,84.33333333333333,2.1666666666666665,2,4,0,1.3,8.0,0.0,4.0,9.66153906571669,High Performer,False,False,False,True,False,False,0.22341281900237497,590,Good
S1004,Cristian Santos,Male,2024-12-22,Medium,11.774285110299411,0.7333333333333333,0.6666666666666666,8.333333333333334,3,0.7946666666666666,75.58333333333333,24,70.25,4,81.33333333333333,2.333333333333333,3,3,0,1.7,7.0,0.0,2.0,11.774285110299411,Average Performer,True,False,False,False,False,False,0.2863309538909182,1047,Good
S1005,Connie Lawrence,Male,2025-03-02,Low,3.3610844726805835,0.4333333333333333,0.75,14.325,4,0.6172962962962963,60.44444444444444,27,63.75,4,71.0,5.666666666666667,0,6,0,1.0,6.0,0.0,7.0,3.3610844726805835,At Risk,True,False,False,True,False,True,0.4640750665960763,1874,Average
S1006,Abigail Shaffer,Male,2024-12-07,Medium,12.29632859944677,0.8,0.75,11.75,4,0.7307857142857143,76.21428571428571,28,78.0,2,76.66666666666667,4.333333333333333,0,6,0,1.7,6.0,2.0,3.0,12.29632859944677,Average Performer,False,False,False,False,False,False,0.27902346421566876,1167,Good
S1007,Gina Moore,Female,2026-06-27,Low,8.202061478926549,0.5,0.3333333333333333,3.9996666666666663,3,0.6539090909090909,68.0,22,67.0,2,77.5,5.5,0,5,1,1.7,7.0,3.0,5.0,8.202061478926549,At Risk,True,False,False,True,False,True,0.4080721190299563,1664,Average
S1008,Gabrielle Davis,Female,2026-03-04,High,18.28506572859425,0.9333333333333332,0.25,11.2,4,0.7838620689655172,81.44827586206897,29,82.5,2,72.5,1.5,1,5,0,1.9,7.0,1.0,6.0,18.28506572859425,High Performer,False,False,False,False,False,False,0.21204538165552592,677,Good
S1009,Ryan Munoz,Female,2025-09-17,Medium,10.245225871967715,0.7333333333333333,0.6666666666666666,9.166666666666666,3,0.7585,75.96153846153847,26,75.0,4,84.33333333333333,5.166666666666667,0,6,0,1.1,9.0,0.0,4.0,10.245225871967715,Average Performer,True,False,False,False,False,True,0.28700360198674746,1162,Good
S1010,Monica Herrera,Male,2024-07-30,High,15.87208203549125,0.9333333333333332,1.0,8.533333333333333,3,0.8167931034482759,83.75862068965517,29,79.33333333333333,3,86.5,2.6666666666666665,2,4,0,2.1,7.0,3.0,5.0,15.87208203549125,High Performer,False,False,False,False,False,False,0.1935318638767891,160,Excellent
S1011,Jamie Arnold,Other,2026-02-10,High,12.692922673145556,0.9,0.0,9.05,4,0.7625000000000001,77.04166666666667,24,78.66666666666667,3,88.0,3.333333333333333,0,6,0,1.9,7.0,2.0,6.0,12.692922673145556,High Performer,False,False,False,False,False,False,0.22518435998380273,409,Good
S1012,Lisa Hensley,Female,2024-10-11,Low,5.807419673576449,0.7,0.6666666666666666,8.733333333333333,3,0.7448888888888888,73.96296296296296,27,56.5,2,77.66666666666667,5.833333333333333,0,6,0,1.6,4.0,0.0,2.0,5.807419673576449,Average Performer,True,False,False,True,False,True,0.35751478414939225,1535,Good
S1013,Michele Williams,Male,2026-07-14,High,11.68579450598132,0.9,0.75,14.5,4,0.7555161290322581,78.35483870967742,31,85.25,4,91.33333333333331,4.5,0,6,0,1.7,7.0,1.0,4.0,11.68579450598132,High Performer,False,False,False,False,False,False,0.2116306750253693,346,Good
S1014,Dylan Miller,Male,2025-01-09,Medium,9.211966423940716,0.6333333333333333,0.0,8.649999999999999,2,0.7549666666666667,77.1,30,63.25,4,79.83333333333333,3.6666666666666665,0,6,0,1.7,7.0,0.0,4.0,9.211966423940716,At Risk,True,False,False,True,False,False,0.34589675060681485,1420,Good
S1015,Brian Ramirez,Male,2026-07-11,Medium,8.724182618274146,0.8666666666666667,1.0,10.325,4,0.842304347826087,82.73913043478261,23,75.0,2,81.33333333333333,4.333333333333333,0,6,0,1.8,8.0,1.0,2.0,8.724182618274146,High Performer,False,False,False,True,False,False,0.23683157243982192,577,Good
S1016,Holly Wood,Male,2025-08-22,Medium,15.673113687169018,0.7,0.6666666666666666,13.566666666666668,3,0.7220322580645161,70.35483870967742,31,87.5,2,81.16666666666667,2.1666666666666665,3,3,0,1.9,6.0,0.0,1.0,15.673113687169018,Average Performer,True,False,False,False,False,False,0.2724575383627226,873,Good
S1017,Derek Zuniga,Female,2026-05-19,Low,11.222936943538862,0.7,0.3333333333333333,8.799999999999999,3,0.6525,63.625,24,59.66666666666666,3,82.0,5.5,1,5,0,1.6,7.0,0.0,6.0,11.222936943538862,Average Performer,True,False,False,False,False,True,0.3588593243078195,1544,Good
S1018,Lisa Jackson,Male,2026-01-27,High,14.469391409073518,0.8666666666666667,1.0,10.65,4,0.765551724137931,80.10344827586206,29,64.0,2,78.0,4.5,1,5,0,1.4,8.0,1.0,3.0,14.469391409073518,Average Performer,False,False,False,False,False,False,0.2724943375692702,1294,Good
S1019,Carla Gray,Male,2025-07-30,Medium,2.584855834599137,0.7333333333333333,0.5,12.825,4,0.78924,78.96,25,82.5,2,79.0,2.833333333333333,2,4,0,1.8,7.0,1.0,3.0,2.584855834599137,Average Performer,True,False,False,True,False,False,0.2899325270801688,842,Good
S1020,Margaret Hawkins DDS,Female,2025-05-07,Low,4.85852176899677,0.8,0.6666666666666666,9.7,3,0.7482916666666667,77.16666666666667,24,73.75,4,76.5,3.333333333333333,0,6,0,1.2,10.0,0.0,2.0,4.85852176899677,Average Performer,False,False,False,True,False,False,0.301116195577508,1383,Good
S1021,Patty Perez,Male,2026-01-20,Medium,9.60633721743682,0.9,1.0,14.333333333333334,3,0.7359166666666667,72.79166666666667,24,83.25,4,76.0,4.333333333333333,0,6,0,2.0,7.0,1.0,6.0,9.60633721743682,Average Performer,False,False,False,True,False,False,0.24970915695640794,783,Good
S1022,Ethan Adams,Male,2025-10-27,Low,7.17553744864295,0.8,0.0,8.05,4,0.7295769230769231,76.15384615384616,26,77.66666666666667,3,69.5,3.333333333333333,2,4,0,1.7,6.0,4.0,5.0,7.17553744864295,Average Performer,False,False,False,True,False,False,0.3036047461219823,1299,Good
S1023,Tommy Walter,Male,2024-12-17,High,13.943121683938138,0.9,1.0,18.6,3,0.8097857142857142,81.42857142857143,28,82.33333333333333,3,89.5,0.6666666666666666,5,1,0,1.0,7.0,4.0,4.0,13.943121683938138,High Performer,False,False,False,False,False,False,0.19828981483777375,499,Excellent
S1024,Matthew Foster,Male,2025-07-03,Medium,11.75730832817938,0.7666666666666667,0.75,12.6,4,0.7725333333333333,78.0,30,80.25,4,79.5,5.0,1,5,0,2.0,9.0,1.0,6.0,11.75730832817938,Average Performer,False,False,False,False,False,False,0.26743006251288487,811,Good
S1025,Judy Baker,Female,2026-01-01,Medium,10.424283013627225,0.8,0.8,7.8,5,0.6346086956521739,65.8695652173913,23,66.0,4,77.33333333333333,4.166666666666667,0,6,0,1.1,8.0,4.0,4.0,10.424283013627225,Average Performer,False,False,False,False,False,False,0.33555668377027975,1677,Good
S1026,Justin Baker,Male,2024-10-18,Medium,14.7275700708995,0.8,0.5,14.6,4,0.8029999999999999,80.42105263157895,19,76.75,4,72.66666666666667,5.333333333333333,2,3,1,1.8,5.0,2.0,5.0,14.7275700708995,Average Performer,False,False,False,False,False,True,0.25978107482275126,1011,Good
S1027,Stephanie Ross,Female,2024-12-14,Low,2.4860938962288053,0.7333333333333333,0.5,9.15,4,0.629962962962963,63.407407407407405,27,72.0,2,79.16666666666667,2.1666666666666665,3,3,0,1.2,5.0,3.0,5.0,2.4860938962288053,Average Performer,True,False,False,True,False,False,0.3587125430372058,1594,Good
S1028,Zachary Hicks,Female,2026-05-06,Medium,5.578106413308662,0.6,0.75,5.125,4,0.7870666666666667,81.53333333333333,30,72.66666666666667,3,81.66666666666667,3.5,0,6,0,1.4,5.0,3.0,3.0,5.578106413308662,At Risk,True,False,False,True,False,False,0.332101400633395,1211,Good
S1029,Anthony Rodriguez,Male,2025-04-28,Medium,15.991593393454128,0.8333333333333334,0.75,10.425,4,0.7562758620689655,73.96551724137932,29,84.0,3,80.66666666666667,3.333333333333333,2,4,0,2.7,10.0,0.0,6.0,15.991593393454128,Average Performer,False,False,False,False,False,False,0.23580492456234167,514,Good
S1030,Rebecca Henderson,Female,2025-05-17,High,12.67976791640804,1.0,0.6666666666666666,15.033333333333331,3,0.7776153846153846,76.03846153846153,26,88.5,2,80.33333333333333,0.8333333333333334,3,3,0,2.0,8.0,3.0,5.0,12.67976791640804,High Performer,False,False,False,False,False,False,0.18751596482436453,247,Excellent
S1031,James Ferrell,Male,2025-06-21,Medium,13.009013883833202,0.9666666666666668,1.0,7.6,3,0.76644,75.96,25,88.25,4,85.16666666666667,3.5,1,5,0,1.6,8.0,5.0,7.0,13.009013883833202,High Performer,False,False,False,False,False,False,0.1916287986237503,283,Excellent
S1032,Tricia Valencia,Male,2025-01-09,Medium,9.092253216352994,0.7,0.5,14.8,4,0.759,80.14285714285714,28,81.75,4,81.83333333333333,3.333333333333333,1,5,0,1.5,5.0,3.0,4.0,9.092253216352994,Average Performer,True,False,False,True,False,False,0.28831936695911753,978,Good
S1033,Nathan Maldonado,Female,2025-08-30,Low,5.963655218428095,0.8333333333333334,0.25,10.025,4,0.7876818181818183,78.86363636363636,22,69.66666666666667,3,74.0,5.0,0,6,0,1.9,9.0,1.0,3.0,5.963655218428095,Average Performer,False,False,False,True,False,False,0.2901196498327176,1142,Good
S1034,Debra Davidson,Other,2025-01-19,Medium,12.782288579803032,1.0,1.0,12.35,2,0.81778125,83.53125,32,89.0,2,80.33333333333333,1.0,3,3,0,2.1,9.0,4.0,5.0,12.782288579803032,High Performer,False,False,False,False,False,False,0.17420990355049243,122,Excellent
S1035,Jeffrey Chavez,Female,2025-06-08,Medium,10.9128854650467,0.9333333333333332,0.5,8.55,2,0.7966666666666667,82.48148148148148,27,68.25,4,86.33333333333333,4.0,1,5,0,2.0,3.0,2.0,4.0,10.9128854650467,Average Performer,False,False,False,False,False,False,0.23438445300404992,487,Good
S1036,Sherri Baker,Male,2024-10-22,High,11.95517079944086,0.9666666666666668,0.4,12.9,5,0.7971612903225807,79.80645161290323,31,80.0,2,76.83333333333333,4.666666666666667,2,4,0,2.1,7.0,0.0,2.0,11.95517079944086,High Performer,False,False,False,False,False,False,0.214047019237957,464,Good
S1037,Cassandra Gaines,Male,2026-03-10,High,15.30978880129809,0.8,0.5,8.475,4,0.8454347826086956,82.34782608695652,23,82.33333333333333,3,78.16666666666667,2.1666666666666665,1,5,0,1.3,7.0,0.0,3.0,15.30978880129809,Average Performer,False,False,False,False,False,False,0.2261784265474794,820,Good
S1038,Elizabeth Fowler,Female,2025-03-28,High,19.988632935674417,0.9333333333333332,1.0,16.2,4,0.7429565217391305,74.26086956521739,23,84.5,2,79.5,2.333333333333333,1,5,0,2.6,7.0,3.0,7.0,19.988632935674417,Average Performer,False,False,False,False,False,False,0.2055581278057415,419,Good
S1039,Brittany Farmer,Male,2024-10-31,Medium,9.612150157375842,0.6666666666666666,0.25,11.2,4,0.7191739130434783,71.52173913043478,23,70.0,4,79.66666666666667,4.333333333333333,0,5,1,1.0,7.0,1.0,3.0,9.612150157375842,At Risk,True,False,False,True,False,False,0.3340507840268502,1624,Good
S1040,Paula Moreno,Male,2025-07-23,Low,7.43489594483265,0.6666666666666666,0.75,7.4,4,0.7652692307692307,77.57692307692308,26,71.5,2,75.16666666666667,5.666666666666667,0,6,0,1.1,5.0,3.0,4.0,7.43489594483265,At Risk,True,False,False,True,False,True,0.32941532424048253,1552,Good
S1041,Fred Smith,Female,2024-10-20,Medium,11.281460696543991,0.9,1.0,12.3,4,0.706655172413793,74.48275862068965,29,62.0,2,83.66666666666667,2.333333333333333,2,4,0,2.4,6.0,2.0,3.0,11.281460696543991,Average Performer,False,False,False,False,False,False,0.2852997965345021,893,Good
S1042,Sherry Decker,Male,2025-09-03,Medium,10.121591212351108,0.8333333333333334,0.75,17.9,4,0.7997692307692308,83.92307692307692,26,80.5,2,81.5,2.0,2,4,0,1.6,4.0,3.0,6.0,10.121591212351108,Average Performer,False,False,False,False,False,False,0.24318191940501965,675,Good
S1043,Anthony Humphrey,Female,2024-11-09,High,14.59956682142691,1.0,0.75,9.15,4,0.7649583333333333,77.0,24,79.25,4,85.0,1.8333333333333333,2,4,0,2.1,6.0,1.0,4.0,14.59956682142691,High Performer,False,False,False,False,False,False,0.19801358294643273,253,Excellent
S1044,Angelica Tucker,Male,2025-08-16,Low,8.00020103628746,0.5333333333333333,0.6666666666666666,12.6,3,0.7210344827586207,72.96551724137932,29,69.5,4,72.5,1.8333333333333333,3,3,0,1.8,7.0,1.0,5.0,8.00020103628746,At Risk,True,False,False,True,False,False,0.38260581924836184,1612,Good
S1045,Philip Cannon,Female,2026-03-11,Medium,12.009917978815958,0.9333333333333332,0.75,14.55,4,0.8252173913043478,81.43478260869566,23,63.0,2,74.33333333333333,2.6666666666666665,2,4,0,2.4,9.0,4.0,7.0,12.009917978815958,Average Performer,False,False,False,False,False,False,0.25157665432832244,803,Good
S1046,John Pierce,Male,2025-05-03,High,19.65779539040457,0.8,0.3333333333333333,16.633333333333333,3,0.892265925925926,88.8076923076923,26,81.66666666666667,3,86.83333333333333,1.5,2,4,0,1.8,6.0,1.0,5.0,19.65779539040457,Average Performer,False,False,False,False,False,False,0.18959240041287742,282,Excellent
S1047,Shane Henderson,Female,2026-01-25,Medium,14.208972408997369,0.9333333333333332,0.75,10.675,4,0.8326923076923076,82.8076923076923,26,74.75,4,73.0,5.0,0,6,0,1.6,7.0,3.0,6.0,14.208972408997369,High Performer,False,False,False,False,False,False,0.22233654333648098,836,Good
S1048,Joshua Blair,Female,2025-03-07,Medium,15.621900866796414,0.7,0.6666666666666666,11.633333333333333,3,0.6429230769230769,63.46153846153846,26,74.5,4,83.0,3.0,2,4,0,2.0,5.0,1.0,4.0,15.621900866796414,Average Performer,True,False,False,False,False,False,0.31956832475608593,1189,Good
S1049,Eric Carney,Male,2025-10-02,High,17.461300221931733,0.9666666666666668,1.0,7.533333333333334,3,0.8620370370370369,85.70370370370371,27,88.66666666666667,3,78.83333333333333,3.8333333333333335,1,5,0,1.7,9.0,2.0,5.0,17.461300221931733,High Performer,False,False,False,False,False,False,0.16048563833405954,249,Excellent
S1050,Jessica Holmes,Other,2026-02-07,Medium,4.86873753645666,0.9333333333333332,0.3333333333333333,8.933333333333334,3,0.86084,86.04,25,70.33333333333333,3,79.0,2.5,1,5,0,2.2,8.0,2.0,3.0,4.86873753645666,High Performer,False,False,False,True,False,False,0.23707615615885838,520,Good
S1051,Danny Morgan,Female,2024-08-27,Medium,13.527547257100371,1.0,1.0,17.933333333333334,3,0.81848,80.76,25,82.5,2,77.5,4.0,1,5,0,1.0,9.0,0.0,5.0,13.527547257100371,High Performer,False,False,False,False,False,False,0.1893871318572491,688,Excellent
S1052,Crystal Robinson,Female,2024-09-28,High,21.05633847383303,1.0,1.0,17.46666666666667,3,0.8150000000000001,84.6923076923077,26,94.0,3,88.5,0.6666666666666666,3,3,0,2.1,7.0,3.0,5.0,21.05633847383303,High Performer,False,False,False,False,False,False,0.1321091538154174,15,Excellent
S1053,Mark Perez,Female,2025-04-07,Low,2.548188371543553,0.5333333333333333,0.3333333333333333,6.8,3,0.6629200000000001,66.36,25,54.74916666666667,3,76.66666666666667,5.5,0,6,0,1.0,4.0,0.0,6.0,2.548188371543553,At Risk,True,False,False,True,False,True,0.4369218624044744,1846,Average
S1054,Shannon Jones,Female,2025-08-14,Low,2.97987923625352,0.8333333333333334,0.6666666666666666,7.433333333333334,3,0.8132592592592592,78.07407407407408,27,81.75,4,75.83333333333333,4.333333333333333,1,5,0,1.0,7.0,2.0,5.0,2.97987923625352,Average Performer,False,False,False,True,False,False,0.2629891907982551,1044,Good
S1055,Michael Lewis,Female,2024-10-24,Medium,11.583662873270216,0.9333333333333332,1.0,14.533333333333331,3,0.7626206896551724,76.6896551724138,29,76.0,3,76.33333333333333,2.6666666666666665,1,5,0,1.3,6.0,1.0,2.0,11.583662873270216,High Performer,False,False,False,False,False,False,0.24242130258693945,1020,Good
S1056,Timothy Duncan,Male,2025-05-21,Medium,12.289386817306042,0.8666666666666667,1.0,12.275,4,0.7444,72.24,25,88.75,4,77.16666666666667,0.6666666666666666,4,2,0,2.7,10.0,3.0,6.0,12.289386817306042,Average Performer,False,False,False,False,False,False,0.23603986629006823,551,Good
S1057,Richard Aguirre,Male,2025-03-04,Medium,13.892583236858783,0.9,0.75,18.175,4,0.8125517241379311,83.10344827586206,29,84.5,4,89.5,1.5,2,4,0,2.5,10.0,1.0,3.0,13.892583236858783,High Performer,False,False,False,False,False,False,0.1932530246664737,61,Excellent
S1058,Brent Jordan,Male,2025-07-16,Medium,10.835587095804955,0.6666666666666666,0.3333333333333333,18.1,3,0.7478461538461538,77.34615384615384,26,68.0,2,69.16666666666667,4.333333333333333,0,6,0,1.8,9.0,1.0,7.0,10.835587095804955,At Risk,True,False,False,False,False,False,0.34214051943997476,1531,Good
S1059,John Daniel,Male,2025-11-05,Medium,12.33586676084949,0.8333333333333334,0.0,10.5,3,0.7846296296296296,74.81481481481481,27,80.66666666666667,3,82.16666666666667,2.5,2,4,0,1.7,10.0,1.0,5.0,12.33586676084949,Average Performer,False,False,False,False,False,False,0.2408547775423207,647,Good
S1060,Victoria Garcia,Male,2026-02-18,High,12.229233490037346,0.9333333333333332,1.0,15.8,3,0.7797407407407407,77.77777777777777,27,74.0,2,83.5,2.0,2,4,0,1.7,6.0,3.0,6.0,12.229233490037346,High Performer,False,False,False,False,False,False,0.2289213607193511,607,Good
S1061,Gerald Hensley,Male,2025-03-26,Medium,3.3252598026758338,0.8666666666666667,0.0,6.133333333333333,3,0.7338888888888889,73.18518518518519,27,73.5,4,81.5,2.6666666666666665,2,4,0,2.2,7.0,2.0,4.0,3.3252598026758338,Average Performer,False,False,False,True,False,False,0.28560351715997706,816,Good
S1062,Connor West,Female,2026-01-11,Low,12.675358446537372,0.4666666666666667,0.3333333333333333,9.866666666666667,3,0.7003103448275863,67.58620689655173,29,64.33333333333333,3,77.5,6.333333333333333,0,6,0,1.7,7.0,1.0,3.0,12.675358446537372,At Risk,True,False,False,False,False,True,0.3966351671020474,1644,Good
S1063,Donald Wright,Male,2026-05-11,Medium,6.497834213755126,0.9666666666666668,1.0,13.5,2,0.8103,80.93333333333334,30,77.5,2,75.16666666666667,3.1666666666666665,1,5,0,1.2,6.0,0.0,6.0,6.497834213755126,High Performer,False,False,False,True,False,False,0.23124874779894547,852,Good
S1064,Jessica Callahan,Male,2025-07-06,High,14.917181294870012,1.0,0.75,18.075000000000003,4,0.8665172413793104,83.13793103448276,29,82.5,2,72.16666666666667,2.5,3,3,0,2.7,6.0,2.0,1.0,14.917181294870012,High Performer,False,False,False,False,False,False,0.17950187434903186,237,Excellent
S1065,Amber Kidd,Female,2025-01-18,Low,9.913382054784948,0.6666666666666666,0.25,11.125,4,0.7146875,71.9375,32,62.0,3,76.0,3.5,1,5,0,1.6,5.0,2.0,5.0,9.913382054784948,At Risk,True,False,False,True,False,False,0.35614362819637096,1641,Good
S1066,Tracy House,Male,2025-09-30,High,24.78288660106347,0.7333333333333333,0.5,12.225,4,0.7593928571428572,75.64285714285714,28,77.33333333333333,3,84.0,2.5,3,3,0,2.8,10.0,2.0,3.0,22.628166883106164,Average Performer,True,False,False,False,False,False,0.25161172564937745,643,Good
S1067,Carol Tucker,Female,2025-06-08,Medium,5.001816585827367,0.7333333333333333,0.3333333333333333,5.5,3,0.6904,68.88,25,66.0,2,77.0,5.5,0,6,0,1.1,4.0,4.0,3.0,5.001816585827367,Average Performer,True,False,False,True,False,True,0.34954212520209826,1692,Good
S1068,James Brown,Male,2025-03-09,High,14.598661295608192,0.7333333333333333,0.5,13.625,4,0.694304347826087,70.91304347826087,23,85.66666666666667,3,86.33333333333333,3.1666666666666665,0,6,0,2.4,9.0,2.0,3.0,14.598661295608192,Average Performer,True,False,False,False,False,False,0.2710453757464868,606,Good
S1069,William Baker,Other,2026-05-22,Medium,12.353827349762144,1.0,0.5,10.6,2,0.7924117647058824,79.20588235294117,34,88.33333333333333,3,89.66666666666667,3.333333333333333,1,5,0,1.9,8.0,1.0,5.0,12.353827349762144,High Performer,False,False,False,False,False,False,0.17022523554716323,55,Excellent
S1070,Jordan Henderson,Female,2025-06-24,Low,7.821832295066928,0.5666666666666667,0.6666666666666666,7.400000000000001,3,0.8397916666666667,83.91666666666667,24,73.0,4,86.0,3.6666666666666665,0,6,0,1.4,8.0,0.0,3.0,7.821832295066928,At Risk,True,False,False,True,False,False,0.31184125259566603,920,Good
S1071,Whitney Peters,Male,2024-12-20,Medium,15.677288157574132,0.7,0.6666666666666666,7.833333333333333,3,0.7293076923076923,68.57692307692308,26,73.5,4,82.16666666666667,3.1666666666666665,1,5,0,2.1,7.0,2.0,4.0,15.677288157574132,Average Performer,True,False,False,False,False,False,0.296764471913757,1050,Good
S1072,Brittney Phillips,Male,2026-05-23,High,19.34460318657231,0.8,1.0,17.433333333333334,3,0.7673636363636364,76.54545454545455,33,87.0,4,83.33333333333333,3.0,1,5,0,2.8,8.0,2.0,4.0,19.34460318657231,Average Performer,False,False,False,False,False,False,0.22242940112447834,367,Good
S1073,Lauren Daniels,Female,2024-09-19,Low,10.640490249125367,0.5666666666666667,0.5,6.275,4,0.6316,62.86666666666667,30,67.0,4,69.66666666666667,7.0,0,4,2,1.0,6.0,0.0,1.0,10.640490249125367,At Risk,True,False,False,False,False,True,0.40375210771051984,1861,Average
S1074,Amy Silva,Female,2026-06-21,Low,3.850151568828567,0.6333333333333333,0.3333333333333333,11.233333333333334,3,0.6538620689655172,66.37931034482759,29,66.25,4,67.16666666666667,4.5,0,6,0,1.0,7.0,2.0,2.0,3.850151568828567,At Risk,True,False,False,True,False,False,0.40263266705494005,1852,Average
S1075,Sarah Moore,Female,2026-05-11,Low,6.811225279999154,0.7666666666666667,1.0,15.633333333333333,3,0.7688846153846154,75.92307692307692,26,85.0,2,79.5,2.833333333333333,0,6,0,1.1,8.0,2.0,8.0,6.811225279999154,Average Performer,False,False,False,True,False,False,0.27138988551795085,1024,Good
S1076,Angela Lopez,Female,2026-04-11,High,15.667198318030367,0.9666666666666668,1.0,10.45,4,0.76536,76.6,25,79.66666666666667,3,86.16666666666667,3.5,2,4,0,2.0,6.0,3.0,3.0,15.667198318030367,High Performer,False,False,False,False,False,False,0.200974004204924,274,Good
S1077,Megan Young,Male,2025-07-31,Medium,20.81155541926145,0.9,1.0,7.966666666666666,3,0.8545,88.21875,32,74.5,2,85.66666666666667,4.833333333333333,1,5,0,2.4,10.0,2.0,6.0,20.81155541926145,High Performer,False,False,False,False,False,False,0.18912111145184637,213,Excellent
S1078,Steve Sanchez,Male,2026-07-26,Low,1.991381486313128,0.8333333333333334,0.75,8.475,4,0.7009677419354838,69.70967741935483,31,70.25,4,77.16666666666667,1.3333333333333333,3,3,0,1.0,8.0,0.0,6.0,1.991381486313128,Average Performer,False,False,False,True,False,False,0.3201478903702387,1573,Good
S1079,Lisa Barnes,Male,2026-01-05,Low,9.561546290050131,0.7,0.2,7.359999999999999,5,0.6061724137931035,60.6551724137931,29,54.74916666666667,4,69.16666666666667,3.1666666666666665,1,5,0,1.2,3.0,3.0,3.0,9.561546290050131,At Risk,True,False,False,True,False,False,0.4059960768036102,1842,Average
S1080,Kelly Donovan,Female,2025-05-08,High,14.673530954265033,0.9666666666666668,1.0,9.7,3,0.8364333333333334,84.36666666666666,30,77.5,2,84.0,1.8333333333333333,2,4,0,2.6,10.0,3.0,3.0,14.673530954265033,High Performer,False,False,False,False,False,False,0.1897195059476707,115,Excellent
S1081,Mike Allen,Female,2024-12-13,High,16.51962835288419,0.9,0.75,10.9,4,0.7239354838709677,71.90322580645162,31,91.5,2,82.83333333333333,3.0,0,6,0,2.3,6.0,0.0,5.0,16.51962835288419,Average Performer,False,False,False,False,False,False,0.20927028395649921,386,Good
S1082,Michael Evans,Male,2024-08-05,Medium,12.019429104680004,0.8,1.0,10.9,4,0.7317199999999999,74.96,25,77.33333333333333,3,85.83333333333333,2.5,2,4,0,1.1,5.0,2.0,6.0,12.019429104680004,Average Performer,False,False,False,False,False,False,0.2670187605716333,1037,Good
S1083,Paul Jones,Male,2026-01-01,Low,3.006704764269412,0.8,1.0,10.233333333333333,3,0.7802758620689655,79.82758620689656,29,71.0,3,81.66666666666667,3.1666666666666665,1,5,0,1.0,4.0,0.0,6.0,3.006704764269412,Average Performer,False,False,False,True,False,False,0.29390047946863684,1240,Good
S1084,Zachary Ferrell,Male,2025-08-12,Medium,11.920408552895909,0.6666666666666666,0.6666666666666666,5.9,3,0.6851290322580645,71.09677419354838,31,64.66666666666667,3,79.5,4.666666666666667,1,5,0,2.0,6.0,4.0,4.0,11.920408552895909,At Risk,True,False,False,False,False,False,0.3494102689403409,1454,Good
S1085,Daniel Baker,Male,2025-12-31,Medium,12.004141910815614,0.8333333333333334,1.0,10.366666666666667,3,0.775576923076923,81.15384615384616,26,70.0,3,84.0,0.8333333333333334,4,2,0,1.2,6.0,1.0,5.0,12.004141910815614,Average Performer,False,False,False,False,False,False,0.2629832349665507,1056,Good
S1086,Shirley Suarez,Female,2024-10-16,High,20.31407704065401,0.8333333333333334,1.0,10.6,3,0.8515454545454546,86.72727272727273,22,84.33333333333333,3,89.66666666666667,3.333333333333333,3,3,0,2.4,10.0,2.0,5.0,20.31407704065401,Average Performer,False,False,False,False,False,False,0.1822511710347286,82,Excellent
S1087,Christopher Bass,Female,2025-05-30,Medium,9.695358053767556,0.8333333333333334,1.0,8.833333333333334,3,0.80636,80.6,25,79.0,4,76.83333333333333,2.1666666666666665,1,5,0,2.0,9.0,0.0,3.0,9.695358053767556,Average Performer,False,False,False,True,False,False,0.2522702715322478,726,Good
S1088,Lisa Archer,Female,2025-07-02,Low,4.265135078496048,0.6333333333333333,0.25,13.6,4,0.6214444444444445,65.11111111111111,27,70.5,2,81.83333333333333,3.0,1,5,0,1.0,9.0,2.0,4.0,4.265135078496048,At Risk,True,False,False,True,False,False,0.3808204956370932,1669,Good
S1089,Aimee Montoya,Male,2025-09-05,Medium,5.574301017990748,0.7666666666666667,0.3333333333333333,13.133333333333333,3,0.7650869565217392,76.8695652173913,23,67.0,2,79.66666666666667,5.666666666666667,1,4,1,1.6,6.0,2.0,1.0,5.574301017990748,Average Performer,False,False,False,True,False,True,0.31137149383183466,1268,Good
S1090,Matthew Mcmillan,Male,2025-12-20,Low,4.213735398327919,0.5666666666666667,1.0,14.9,3,0.7921153846153846,80.11538461538461,26,71.66666666666667,3,77.0,5.833333333333333,0,6,0,1.2,9.0,0.0,5.0,4.213735398327919,At Risk,True,False,False,True,False,True,0.35133104611956484,1453,Good
S1091,Brian Rodriguez,Female,2026-01-03,Low,4.1174708953629295,0.6,0.3333333333333333,7.033333333333334,3,0.660074074074074,68.66666666666667,27,62.5,4,68.33333333333333,6.5,0,6,0,1.2,3.0,0.0,3.0,4.1174708953629295,At Risk,True,False,False,True,False,True,0.41418410053937055,1835,Average
S1092,Denise Jacobs,Female,2024-10-01,High,13.775207879903247,1.0,1.0,23.027249999999995,4,0.8286923076923076,77.84615384615384,26,82.25,4,83.16666666666667,2.5,0,6,0,1.6,9.0,0.0,5.0,13.775207879903247,High Performer,False,False,False,False,False,False,0.17770428799254961,235,Excellent
S1093,Christina Walters,Female,2024-10-27,Medium,7.640933421156421,0.7666666666666667,0.6,13.12,5,0.8224516129032258,81.61290322580645,31,72.0,2,72.0,2.5,2,4,0,2.0,5.0,0.0,3.0,7.640933421156421,Average Performer,False,False,False,True,False,False,0.29049551590947453,1073,Good
S1094,John Whitehead,Female,2024-11-15,Medium,11.479793980730795,0.8,1.0,11.1,3,0.8258181818181818,83.9090909090909,33,83.5,4,79.0,2.333333333333333,2,4,0,1.2,6.0,0.0,7.0,11.479793980730795,Average Performer,False,False,False,False,False,False,0.23805506050271846,843,Good
S1095,Anna Henderson,Female,2025-05-29,Low,4.226153128545043,0.7333333333333333,0.6666666666666666,15.533333333333331,3,0.8065,83.89285714285714,28,57.5,2,75.66666666666667,4.333333333333333,1,5,0,1.0,9.0,4.0,3.0,4.226153128545043,Average Performer,True,False,False,True,False,False,0.33565128384530407,1580,Good
S1096,Aaron Wise,Female,2025-06-03,Medium,9.576448944592906,0.9333333333333332,0.0,11.7,2,0.7594137931034483,76.3103448275862,29,87.0,2,80.83333333333333,2.5,1,5,0,1.8,6.0,3.0,5.0,9.576448944592906,High Performer,False,False,False,True,False,False,0.21965140637414995,468,Good
S1097,Deborah Figueroa,Male,2026-01-17,Medium,10.671137325802956,0.8333333333333334,0.6666666666666666,12.766666666666666,3,0.765,73.8,30,71.33333333333333,3,83.16666666666667,5.333333333333333,1,5,0,1.5,8.0,1.0,7.0,10.671137325802956,Average Performer,False,False,False,False,False,True,0.2680721566854926,992,Good
S1098,Jessica Smith,Male,2025-10-28,Low,4.802623814793792,0.6,0.0,4.225,4,0.6873600000000001,67.96,25,63.5,4,78.0,3.333333333333333,1,5,0,1.0,7.0,1.0,4.0,4.802623814793792,At Risk,True,False,False,True,False,False,0.38778544046301544,1783,Good
S1099,Stephen Mckee,Male,2024-10-14,Medium,9.712322607654208,0.8,0.75,13.725,4,0.6996129032258064,69.12903225806451,31,72.33333333333333,3,71.0,3.8333333333333335,2,4,0,1.7,3.0,1.0,6.0,9.712322607654208,Average Performer,False,False,False,True,False,False,0.31466865584645587,1464,Good
S1100,Sandra Aguilar,Male,2026-02-22,Low,1.0,0.8333333333333334,0.6666666666666666,10.6,3,0.6421111111111111,65.29629629629629,27,58.25,4,88.5,3.1666666666666665,1,5,0,1.0,8.0,0.0,5.0,1.0,Average Performer,False,False,False,True,False,False,0.3472833333333334,1445,Good
S1101,Cameron Parker,Female,2026-07-15,Medium,22.98380563273064,1.0,0.6666666666666666,7.566666666666667,3,0.768875,79.21875,32,86.75,4,86.66666666666667,2.6666666666666665,1,5,0,2.0,6.0,1.0,6.0,22.628166883106164,High Performer,False,False,False,False,False,False,0.1592670827922346,117,Excellent
S1102,Rebecca Valencia,Male,2026-06-20,High,23.72488949795973,0.8666666666666667,1.0,12.35,4,0.7745357142857143,80.25,28,82.25,4,85.5,4.0,1,5,0,2.5,6.0,2.0,4.0,22.628166883106164,High Performer,False,False,False,False,False,False,0.2016522018398536,276,Good
S1103,Christine Wright,Female,2024-12-05,Medium,8.297192893715636,0.8666666666666667,1.0,8.566666666666668,3,0.7624583333333333,74.625,24,73.25,4,78.83333333333333,1.8333333333333333,1,5,0,1.0,5.0,2.0,2.0,8.297192893715636,High Performer,False,False,False,True,False,False,0.26910285109904425,1270,Good
S1104,Richard Henson,Female,2024-09-15,Low,7.454225951444409,0.5333333333333333,0.0,11.966666666666669,3,0.6935714285714286,71.57142857142857,28,64.0,3,69.66666666666667,4.5,1,5,0,1.0,10.0,1.0,4.0,7.454225951444409,At Risk,True,False,False,True,False,False,0.407459673216627,1855,Average
S1105,Marc Moore,Male,2025-05-05,Medium,15.179723013104145,0.9,0.5,9.175,4,0.83748,83.32,25,80.0,2,87.66666666666667,4.0,0,6,0,2.8,8.0,0.0,6.0,15.179723013104145,High Performer,False,False,False,False,False,False,0.19430669246723964,74,Excellent
S1106,Sharon Cherry,Male,2024-12-28,Low,8.683435627305478,0.7666666666666667,1.0,8.200000000000001,3,0.8414230769230768,83.57692307692308,26,66.33333333333333,3,87.33333333333333,4.0,0,6,0,1.0,7.0,2.0,3.0,8.683435627305478,Average Performer,False,False,False,True,False,False,0.2705311545214799,1015,Good
S1107,Sierra Johnson,Female,2025-04-16,Low,2.640239291750394,0.9333333333333332,0.5,17.05,4,0.7922758620689655,77.3103448275862,29,71.5,4,84.66666666666667,4.0,0,6,0,2.0,9.0,1.0,5.0,2.640239291750394,High Performer,False,False,False,True,False,False,0.25238330981660106,489,Good
S1108,Evelyn Galvan,Male,2024-12-29,Medium,16.57035324595226,0.6666666666666666,0.6666666666666666,17.966666666666665,3,0.7375384615384615,74.57692307692308,26,73.0,4,73.0,3.6666666666666665,1,5,0,1.7,7.0,4.0,7.0,16.57035324595226,At Risk,True,False,False,False,False,False,0.31514591175691425,1468,Good
S1109,Sharon Cochran,Male,2025-11-01,Low,4.787115231650002,0.6,0.3333333333333333,11.033333333333331,3,0.7360800000000001,72.48,25,74.0,4,76.33333333333333,3.333333333333333,0,6,0,1.0,4.0,4.0,3.0,4.787115231650002,At Risk,True,False,False,True,False,False,0.35470821192087504,1628,Good
S1110,Richard Rodriguez,Male,2026-05-13,High,12.35840168678468,0.9666666666666668,1.0,9.42,5,0.7854399999999999,80.04,25,80.25,4,84.66666666666667,3.6666666666666665,1,5,0,2.7,9.0,3.0,4.0,12.35840168678468,High Performer,False,False,False,False,False,False,0.20430532911637164,133,Good
S1111,Shannon Walker,Male,2025-06-06,High,16.50386699180756,0.9333333333333332,1.0,19.75,2,0.782878787878788,80.78787878787878,33,74.0,2,87.83333333333333,3.1666666666666665,1,5,0,1.8,7.0,2.0,3.0,16.50386699180756,High Performer,False,False,False,False,False,False,0.21079336282351144,423,Good
S1112,Julia Torres,Female,2024-10-30,High,16.43693097564049,0.9,1.0,16.55,2,0.6784583333333334,67.25,24,84.0,3,87.5,2.6666666666666665,3,3,0,2.6,8.0,3.0,6.0,16.43693097564049,Average Performer,False,False,False,False,False,False,0.23112017256089873,366,Good
S1113,Crystal Johnson,Female,2025-01-23,Low,12.942057253584917,0.6333333333333333,0.3333333333333333,10.066666666666666,3,0.6902727272727273,71.18181818181819,22,76.66666666666667,3,79.5,5.833333333333333,0,6,0,1.5,3.0,3.0,3.0,12.942057253584917,At Risk,True,False,False,False,False,True,0.32964637201755287,1411,Good
S1114,Garrett Lin,Female,2026-05-08,Medium,8.610885655172652,0.8333333333333334,1.0,17.175,4,0.7586896551724137,75.17241379310344,29,74.0,2,76.16666666666667,3.0,1,5,0,1.6,8.0,3.0,2.0,8.610885655172652,Average Performer,False,False,False,True,False,False,0.2802825559770109,1188,Good
S1115,Diana May,Female,2025-06-21,High,17.64514555709028,1.0,0.6666666666666666,16.133333333333336,3,0.8922592592592593,90.60857142857144,27,78.33333333333333,3,80.5,1.1666666666666667,2,4,0,1.9,10.0,2.0,5.0,17.64514555709028,High Performer,False,False,False,False,False,False,0.16079269166282983,238,Excellent
S1116,William Herrera,Female,2026-02-10,Medium,12.438554685840367,0.7,0.6666666666666666,15.333333333333334,3,0.7757307692307692,76.07692307692308,26,75.33333333333333,3,79.83333333333333,3.333333333333333,1,5,0,1.2,7.0,2.0,5.0,12.438554685840367,Average Performer,True,False,False,False,False,False,0.2907677158495017,1248,Good
S1117,Ashley Waller,Male,2025-08-18,Medium,12.33392283600302,0.9666666666666668,0.75,18.375,4,0.759125,75.04166666666667,24,84.75,4,82.83333333333333,2.0,0,6,0,1.0,8.0,2.0,4.0,12.33392283600302,High Performer,False,False,False,False,False,False,0.20601102624332573,672,Good
S1118,Victor Baker,Female,2025-02-28,High,9.479122436374409,0.9333333333333332,0.6666666666666666,17.033333333333335,3,0.673258064516129,67.80645161290323,31,87.0,2,79.0,4.0,0,6,0,1.0,10.0,2.0,4.0,9.479122436374409,Average Performer,False,False,False,True,False,False,0.24849144122089198,1063,Good
S1119,Jeffrey Chandler,Female,2026-03-13,Low,2.7086149463613274,0.6666666666666666,0.6666666666666666,3.9996666666666663,3,0.7784827586206897,80.03448275862068,29,65.75,4,79.66666666666667,5.5,0,6,0,1.0,7.0,0.0,5.0,2.7086149463613274,At Risk,True,False,False,True,False,True,0.3420169683812231,1526,Good
S1120,Larry Dixon,Female,2026-02-01,Low,3.8951277913812095,0.6,0.25,9.625,4,0.7340000000000001,77.08695652173913,23,68.33333333333333,3,69.16666666666667,4.833333333333333,0,6,0,1.0,4.0,2.0,3.0,3.8951277913812095,At Risk,True,False,False,True,False,False,0.3796455138548803,1777,Good
S1121,Kenneth Scott,Female,2026-03-13,Medium,12.816311622508742,0.9,0.5,11.3,2,0.8331379310344829,81.79310344827586,29,82.0,2,80.66666666666667,1.5,2,4,0,1.4,7.0,2.0,5.0,12.816311622508742,High Performer,False,False,False,False,False,False,0.20801784163338327,551,Good
S1122,April Frost,Male,2025-10-21,Low,2.8473711855261423,0.6,0.6,11.32,5,0.7394333333333333,75.76666666666667,30,68.5,2,76.33333333333333,5.5,0,6,0,1.2,5.0,3.0,3.0,2.8473711855261423,At Risk,True,False,False,True,False,True,0.3695515720361846,1642,Good
S1123,Michelle Harmon,Male,2025-10-31,Medium,16.042878677326765,0.8333333333333334,0.6,9.1,5,0.8058571428571428,80.10714285714286,28,77.0,2,79.83333333333333,3.8333333333333335,0,6,0,1.9,6.0,2.0,3.0,16.042878677326765,Average Performer,False,False,False,False,False,False,0.2360523271162069,705,Good
S1124,Helen Jones,Male,2025-02-24,Low,12.501070470661292,0.3333333333333333,0.0,7.733333333333334,3,0.67715625,66.53125,32,63.25,4,76.5,5.666666666666667,0,6,0,1.5,5.0,2.0,2.0,12.501070470661292,At Risk,True,False,False,False,False,True,0.44101711549001343,1749,Average
S1125,Erin Edwards,Male,2026-03-06,Medium,13.02023334042206,0.9,0.6666666666666666,11.2,3,0.8512592592592593,84.33333333333333,27,89.66666666666667,3,87.83333333333333,4.0,0,6,0,1.9,3.0,1.0,4.0,13.02023334042206,High Performer,False,False,False,False,False,False,0.17598830553783373,66,Excellent
S1126,Michelle Evans,Female,2026-04-01,Medium,19.16517757918168,0.8,0.5,12.925,4,0.736037037037037,73.4074074074074,27,88.5,2,77.33333333333333,6.666666666666667,0,6,0,1.3,6.0,1.0,6.0,19.16517757918168,Average Performer,False,False,False,False,False,True,0.23827594494093465,1058,Good
S1127,Jason Powell,Female,2026-04-10,High,15.134485747115509,0.9666666666666668,0.3333333333333333,5.233333333333333,3,0.81075,82.82142857142857,28,77.5,2,80.66666666666667,3.333333333333333,1,5,0,2.2,8.0,1.0,4.0,15.134485747115509,High Performer,False,False,False,False,False,False,0.2012721189655445,311,Good
S1128,Cameron Fisher,Male,2025-12-09,Low,5.108201306513414,0.6,0.25,7.125,4,0.6521111111111111,68.74074074074075,27,63.0,2,74.33333333333333,4.0,1,5,0,1.0,4.0,2.0,2.0,5.108201306513414,At Risk,True,False,False,True,False,False,0.40409616340038323,1849,Average
S1129,Megan Orr,Female,2025-06-02,Medium,17.866370614503115,0.9,0.0,9.366666666666667,3,0.78012,78.08,25,75.0,2,87.83333333333333,3.6666666666666665,1,5,0,2.3,4.0,1.0,7.0,17.866370614503115,High Performer,False,False,False,False,False,False,0.21454807346374222,326,Good
S1130,Elizabeth Kelley,Male,2025-04-29,High,15.911405853561766,0.9,0.75,9.175,4,0.8387037037037037,81.70370370370371,27,77.0,4,83.5,2.6666666666666665,2,4,0,1.6,9.0,3.0,7.0,15.911405853561766,High Performer,False,False,False,False,False,False,0.20436037425498446,479,Good
S1131,Dustin Jordan,Male,2025-07-31,High,18.70012932131612,0.8333333333333334,1.0,21.75,4,0.7723939393939394,81.0,33,80.75,4,80.66666666666667,3.1666666666666665,1,5,0,1.8,7.0,0.0,4.0,18.70012932131612,Average Performer,False,False,False,False,False,False,0.2306981615451945,716,Good
S1132,Mary Marshall,Male,2025-12-26,Medium,10.599571875458809,0.9333333333333332,0.75,15.5,4,0.7588846153846155,74.84615384615384,26,77.75,4,86.66666666666667,1.5,3,3,0,1.0,7.0,4.0,0.0,10.599571875458809,High Performer,False,False,False,False,False,False,0.227002352362635,746,Good
S1133,Daniel Kennedy,Male,2025-11-07,Medium,11.314953750252135,0.7333333333333333,0.5,8.625,4,0.7483103448275862,74.44827586206897,29,73.33333333333333,3,91.0,3.1666666666666665,2,4,0,1.7,8.0,0.0,3.0,11.314953750252135,Average Performer,True,False,False,False,False,False,0.2807195121760938,878,Good
S1134,Rebecca Jackson,Female,2025-06-06,Medium,4.511612118554522,0.9,0.6666666666666666,9.3,3,0.8795,86.8125,32,73.0,2,81.33333333333333,1.3333333333333333,4,2,0,1.6,6.0,3.0,3.0,4.511612118554522,High Performer,False,False,False,True,False,False,0.23187096970361373,609,Good
S1135,Jose Schultz,Male,2025-08-07,Low,1.7479597076045663,0.7,0.3333333333333333,9.7,3,0.6571935483870968,65.90322580645162,31,70.0,4,77.66666666666667,3.333333333333333,3,2,1,2.0,6.0,1.0,5.0,1.7479597076045663,Average Performer,True,False,False,True,False,False,0.3669720362148596,1451,Good
S1136,Robert Potter,Female,2025-08-28,High,20.21271940974954,0.8333333333333334,0.5,5.825,4,0.8259666666666666,80.43333333333334,30,78.75,4,78.66666666666667,5.0,1,5,0,2.5,4.0,4.0,3.0,20.21271940974954,Average Performer,False,False,False,False,False,False,0.2178448681422928,511,Good
S1137,Courtney Gonzalez,Female,2025-02-28,Medium,9.570143709207674,0.7333333333333333,0.3333333333333333,7.933333333333334,3,0.7614285714285715,77.78571428571429,28,67.5,4,80.83333333333333,3.333333333333333,2,4,0,1.3,8.0,3.0,4.0,9.570143709207674,Average Performer,True,False,False,True,False,False,0.30806273596507605,1365,Good
S1138,David Alvarez,Male,2024-11-18,High,14.589496585296454,0.9,1.0,15.4,3,0.7903600000000001,82.68,25,83.33333333333333,3,84.66666666666667,0.8333333333333334,4,2,0,2.3,5.0,1.0,3.0,14.589496585296454,High Performer,False,False,False,False,False,False,0.20775159187009218,212,Good
S1139,Angel Perry,Other,2026-03-15,Low,5.779460743913383,0.6,0.3333333333333333,5.5,3,0.6193793103448276,64.24137931034483,29,64.5,2,75.16666666666667,3.8333333333333335,1,5,0,1.2,8.0,1.0,3.0,5.779460743913383,At Risk,True,False,False,True,False,False,0.40798755503676826,1811,Average
S1140,Cheyenne Horton,Other,2025-07-15,Low,6.309781184230351,0.5,0.5,11.725,4,0.6963870967741935,66.09677419354838,31,70.5,4,77.0,2.6666666666666665,1,5,0,1.0,7.0,2.0,1.0,6.309781184230351,At Risk,True,False,False,True,False,False,0.39380941800716607,1759,Good
S1141,David Douglas Jr.,Male,2024-10-18,Medium,14.218797767048969,0.9,1.0,15.025,4,0.7389545454545455,75.77272727272727,22,88.0,2,83.5,2.333333333333333,2,4,0,1.7,7.0,2.0,5.0,14.218797767048969,Average Performer,False,False,False,False,False,False,0.2165166419460139,522,Good
S1142,Patricia Rodriguez,Female,2024-10-29,Medium,8.947610591473381,0.7333333333333333,1.0,13.275,4,0.6918148148148148,73.11111111111111,27,69.5,2,84.0,4.166666666666667,1,5,0,2.4,7.0,1.0,2.0,8.947610591473381,Average Performer,True,False,False,True,False,False,0.32175319574353883,1066,Good
S1143,Christopher Rubio,Male,2025-02-06,Medium,8.875783027070204,0.7,0.5,8.075,4,0.7439166666666667,69.83333333333333,24,79.5,2,78.16666666666667,4.333333333333333,0,6,0,1.0,9.0,2.0,1.0,8.875783027070204,Average Performer,True,False,False,True,False,False,0.30338554243232446,1405,Good
S1144,Amber Wright,Male,2025-08-11,Medium,13.089250658473206,0.9,1.0,11.8,3,0.7718275862068965,75.96551724137932,29,67.5,2,86.83333333333333,2.6666666666666665,0,6,0,1.0,9.0,2.0,4.0,13.089250658473206,Average Performer,False,False,False,False,False,False,0.245478597491748,995,Good
S1145,Joyce Solis,Male,2025-08-17,Low,8.061910855288323,0.6,0.25,3.9996666666666663,4,0.6176296296296295,63.14814814814815,27,65.33333333333333,3,74.33333333333333,3.6666666666666665,1,5,0,1.3,4.0,1.0,4.0,8.061910855288323,At Risk,True,False,False,True,False,False,0.4023896673062237,1804,Average
S1146,Victoria Larson,Female,2025-01-22,Medium,11.011948974894802,0.9,0.25,9.375,4,0.7007666666666666,72.33333333333333,30,68.33333333333333,3,80.5,3.5,1,5,0,1.7,6.0,3.0,4.0,11.011948974894802,Average Performer,False,False,False,False,False,False,0.27982346089609633,1168,Good
S1147,Stephanie Salazar,Female,2025-11-27,Medium,8.698080016989667,0.9,0.75,17.15,4,0.7864814814814814,78.14814814814815,27,72.0,4,87.0,3.6666666666666665,0,6,0,1.8,9.0,1.0,2.0,8.698080016989667,High Performer,False,False,False,True,False,False,0.2428103555130814,549,Good
S1148,Kathy Rivas,Male,2024-11-08,Medium,12.591651024700973,0.9333333333333332,0.3333333333333333,5.233333333333333,3,0.8435,82.875,32,73.66666666666667,3,83.83333333333333,3.5,2,3,1,1.6,7.0,3.0,2.0,12.591651024700973,High Performer,False,False,False,False,False,False,0.20905420577158096,472,Good
S1149,Stephanie Manning,Male,2024-08-19,Low,6.743580632651525,0.7,0.25,7.875,4,0.759551724137931,76.34482758620689,29,71.0,2,80.66666666666667,3.6666666666666665,2,4,0,1.2,6.0,3.0,4.0,6.743580632651525,Average Performer,True,False,False,True,False,False,0.3172755311769918,1377,Good
S1150,David Wright,Female,2024-10-12,Medium,6.243229479114954,1.0,1.0,8.95,4,0.7460689655172413,73.79310344827586,29,81.5,2,89.33333333333333,2.0,1,5,0,1.8,7.0,1.0,5.0,6.243229479114954,Average Performer,False,False,False,True,False,False,0.21357123664704025,260,Good
S1151,Pamela Boyd,Male,2026-02-20,High,11.119181001601032,0.9333333333333332,0.3333333333333333,13.833333333333334,3,0.8745769230769231,90.60857142857144,26,80.0,3,87.66666666666667,2.833333333333333,1,5,0,1.3,8.0,4.0,6.0,11.119181001601032,High Performer,False,False,False,False,False,False,0.18499563723958717,266,Excellent
S1152,Denise Jones,Male,2024-09-06,Medium,9.146058166330551,0.7666666666666667,1.0,11.95,2,0.6533478260869565,67.56521739130434,23,67.0,2,75.0,3.8333333333333335,1,5,0,1.2,8.0,2.0,4.0,9.146058166330551,Average Performer,False,False,False,True,False,False,0.34296384009141995,1717,Good
S1153,Devon Flores,Female,2026-05-02,Low,7.572302656927273,0.8,0.0,11.275,4,0.6637307692307692,66.8076923076923,26,74.5,2,87.33333333333333,2.5,1,5,0,1.4,6.0,4.0,3.0,7.572302656927273,Average Performer,False,False,False,True,False,False,0.30195001258845106,1114,Good
S1154,Brenda Hall,Other,2024-09-17,High,14.032568204801686,1.0,0.75,13.325,4,0.8019642857142857,80.60714285714286,28,78.0,2,78.83333333333333,2.5,1,5,0,2.4,9.0,3.0,6.0,14.032568204801686,High Performer,False,False,False,False,False,False,0.2000792937737101,329,Good
S1155,Michelle Brown,Male,2025-08-17,High,12.67237671033658,0.8333333333333334,0.3333333333333333,9.933333333333334,3,0.7676333333333333,78.9,30,67.0,2,79.16666666666667,1.3333333333333333,3,3,0,1.0,6.0,3.0,6.0,12.67237671033658,Average Performer,False,False,False,False,False,False,0.2769457248908252,1401,Good
S1156,Joshua Perry,Female,2026-01-04,High,11.79407674704428,0.9666666666666668,0.5,15.55,2,0.816,81.12,25,65.0,2,84.16666666666667,2.1666666666666665,3,3,0,1.0,7.0,0.0,4.0,11.79407674704428,Average Performer,False,False,False,False,False,False,0.2277981414657226,866,Good
S1157,Jason Stein,Female,2024-08-16,Medium,13.167312755899784,0.8666666666666667,0.5,10.95,4,0.7161785714285714,70.5,28,76.33333333333333,3,71.0,4.333333333333333,2,4,0,1.3,7.0,0.0,5.0,13.167312755899784,Average Performer,False,False,False,False,False,False,0.2763948133483458,1392,Good
S1158,Melissa Gates,Male,2024-12-13,Medium,3.858415823355581,0.9,0.3333333333333333,12.633333333333333,3,0.7462,72.46666666666667,30,76.0,4,71.5,3.0,1,5,0,1.2,7.0,1.0,4.0,3.858415823355581,Average Performer,False,False,False,True,False,False,0.28224396044161104,1288,Good
S1159,Jamie Smith,Female,2025-05-20,Medium,12.71497275415797,0.7333333333333333,1.0,11.2,4,0.64372,67.76,25,80.5,2,78.33333333333333,4.0,0,6,0,1.8,10.0,2.0,3.0,12.71497275415797,Average Performer,True,False,False,False,False,False,0.3132632347812717,1240,Good
S1160,Paul Castaneda,Male,2025-11-08,Medium,11.032707561862908,0.9,0.75,11.725,4,0.7868148148148149,77.33333333333333,27,84.5,4,79.16666666666667,2.1666666666666665,1,5,0,1.8,7.0,3.0,3.0,11.032707561862908,High Performer,False,False,False,False,False,False,0.22362378665089827,544,Good
S1161,Jennifer Adkins,Female,2026-01-05,Medium,9.272472374948418,1.0,0.6666666666666666,12.933333333333332,3,0.8333478260869566,86.43478260869566,23,82.5,2,79.0,2.6666666666666665,1,5,0,1.7,7.0,1.0,6.0,9.272472374948418,High Performer,False,False,False,True,False,False,0.193314471236542,348,Excellent
S1162,Lindsey Walker,Female,2025-04-06,Medium,13.05214158682621,0.8666666666666667,1.0,13.85,4,0.7755483870967742,78.2258064516129,31,76.5,2,87.83333333333333,5.666666666666667,0,5,1,2.1,8.0,2.0,3.0,13.05214158682621,High Performer,False,False,False,False,False,True,0.23328846323723557,416,Good
S1163,Jeffrey Johnson,Female,2024-11-22,Low,2.76868508323418,0.5666666666666667,0.0,11.233333333333334,3,0.6505,63.06666666666667,30,64.66666666666667,3,76.0,7.0,0,5,1,1.5,7.0,3.0,3.0,2.76868508323418,At Risk,True,False,False,True,False,True,0.41292828729191455,1750,Average
S1164,Michael Powell,Male,2025-03-19,Medium,13.883759741652918,0.5333333333333333,0.5,9.9,4,0.6960714285714286,69.60714285714286,28,72.25,4,75.5,5.666666666666667,0,6,0,1.5,9.0,3.0,3.0,13.883759741652918,At Risk,True,False,False,False,False,True,0.3653858387411058,1636,Good
S1165,John Anderson,Female,2025-11-22,Low,7.015671786898996,0.5666666666666667,0.3333333333333333,11.9,3,0.6998148148148148,69.88888888888889,27,62.0,2,82.83333333333333,3.1666666666666665,1,5,0,1.5,8.0,2.0,4.0,7.015671786898996,At Risk,True,False,False,True,False,False,0.3825997094216414,1545,Good
S1166,Alyssa Long,Male,2025-11-23,Medium,12.643644281254788,0.9333333333333332,0.6666666666666666,6.466666666666666,3,0.8028399999999999,79.16,25,76.75,4,80.16666666666667,2.0,1,5,0,1.6,9.0,3.0,6.0,12.643644281254788,High Performer,False,False,False,False,False,False,0.22045555596352978,633,Good
S1167,Alyssa Day,Male,2024-10-09,High,17.38763658379382,0.9,1.0,21.133333333333333,3,0.8674347826086957,86.26086956521739,23,90.5,2,82.16666666666667,3.8333333333333335,2,4,0,1.4,9.0,2.0,6.0,17.38763658379382,High Performer,False,False,False,False,False,False,0.16705047375790671,314,Excellent
S1168,Joel Williams,Male,2026-03-09,Medium,11.544354629818235,0.8333333333333334,1.0,16.049999999999997,2,0.7873333333333333,76.08333333333333,24,73.66666666666667,3,79.16666666666667,3.0,1,5,0,2.2,7.0,2.0,1.0,11.544354629818235,Average Performer,False,False,False,False,False,False,0.2605224467587877,779,Good
S1169,Daniel Murphy,Female,2024-09-24,Medium,12.578580014677254,0.7666666666666667,1.0,14.65,2,0.77536,77.12,25,79.75,4,82.66666666666667,4.0,2,3,1,1.1,8.0,4.0,4.0,12.578580014677254,Average Performer,False,False,False,False,False,False,0.2607788832966402,990,Good
S1170,Jamie Walton,Female,2025-12-22,Medium,9.913291348177314,0.7333333333333333,1.0,7.55,4,0.796590909090909,80.0909090909091,22,80.5,2,78.5,2.5,2,4,0,1.1,5.0,2.0,6.0,9.913291348177314,Average Performer,True,False,False,True,False,False,0.27415616556895067,1126,Good
S1171,Darlene Miller,Male,2026-03-02,High,9.812022010660954,0.9,0.75,12.625,4,0.7316666666666666,72.66666666666667,24,73.25,4,81.33333333333333,2.5,1,5,0,2.0,9.0,4.0,2.0,9.812022010660954,Average Performer,False,False,False,True,False,False,0.2624699449733477,847,Good
S1172,Joshua Cooke,Female,2025-09-03,High,20.26981415849896,0.9666666666666668,0.3333333333333333,17.533333333333335,3,0.8297241379310345,80.34482758620689,29,94.0,3,86.83333333333333,0.6666666666666666,4,2,0,2.2,8.0,4.0,5.0,20.26981415849896,High Performer,False,False,False,False,False,False,0.14049155655777557,20,Excellent
S1173,Matthew Harrington,Male,2026-03-15,Low,6.811614694754482,0.4333333333333333,0.6666666666666666,9.366666666666667,3,0.6815185185185185,69.88888888888889,27,67.25,4,72.5,3.6666666666666665,1,5,0,1.3,7.0,0.0,4.0,6.811614694754482,At Risk,True,False,False,True,False,False,0.4269320743742249,1791,Average
S1174,Nicole Herring,Female,2025-08-13,High,21.50708641870583,1.0,1.0,18.85,4,0.8543703703703704,85.0,27,80.75,4,86.5,1.8333333333333333,2,4,0,2.1,10.0,1.0,4.0,21.50708641870583,High Performer,False,False,False,False,False,False,0.1486711728421243,46,Excellent
S1175,Alex Hernandez,Male,2026-04-03,Low,11.774145679216184,0.6666666666666666,0.75,13.175,4,0.7488148148148148,73.77777777777777,27,74.0,2,77.66666666666667,5.5,0,6,0,1.1,7.0,0.0,4.0,11.774145679216184,At Risk,True,False,False,False,False,True,0.3147535246908484,1482,Good
S1176,Michael Elliott,Female,2025-07-23,Medium,8.78251129202276,0.8333333333333334,0.6666666666666666,6.3,3,0.7488571428571429,74.89285714285714,28,83.0,4,73.16666666666667,3.8333333333333335,2,4,0,1.9,9.0,2.0,4.0,8.78251129202276,Average Performer,False,False,False,True,False,False,0.2693032455794669,958,Good
S1177,Michael Wang,Male,2024-12-30,Medium,9.859947675699788,0.7333333333333333,0.3333333333333333,11.666666666666666,3,0.7238214285714285,71.85714285714286,28,74.66666666666667,3,78.16666666666667,2.333333333333333,2,4,0,2.4,9.0,3.0,3.0,9.859947675699788,Average Performer,True,False,False,True,False,False,0.3082870355726553,1110,Good
S1178,Lawrence Adkins,Female,2025-03-12,Medium,9.132970532983384,0.6,1.0,13.633333333333333,3,0.7758484848484849,77.72727272727273,33,82.66666666666667,3,79.66666666666667,4.0,0,6,0,2.3,9.0,2.0,3.0,9.132970532983384,At Risk,True,False,False,True,False,False,0.30957969487966275,797,Good
S1179,Robert Oconnell,Male,2025-12-23,Medium,4.719044202941106,0.7666666666666667,0.5,11.875,4,0.7145666666666667,72.93333333333334,30,76.0,3,72.66666666666667,3.5,1,5,0,1.2,5.0,2.0,6.0,4.719044202941106,Average Performer,False,False,False,True,False,False,0.32116572282598055,1532,Good
S1180,Alexander Collins,Male,2025-08-17,Medium,9.82094177204353,0.9,1.0,8.5,4,0.8100416666666667,78.70833333333333,24,80.75,4,89.16666666666667,0.6666666666666666,4,2,0,1.2,8.0,2.0,6.0,9.82094177204353,High Performer,False,False,False,True,False,False,0.21218514556989115,436,Good
S1181,Tina Sanders,Male,2025-08-11,High,20.733755765048308,1.0,1.0,16.775,4,0.804375,86.29166666666667,24,87.0,3,83.5,3.333333333333333,2,4,0,2.4,9.0,3.0,5.0,20.733755765048308,High Performer,False,False,False,False,False,False,0.15760311058737925,59,Excellent
S1182,Angela Vaughn,Female,2025-08-23,High,11.639213524264555,0.9,0.6,11.44,5,0.8242857142857144,83.32142857142857,28,87.33333333333333,3,82.66666666666667,1.6666666666666667,2,4,0,2.7,7.0,3.0,3.0,11.639213524264555,High Performer,False,False,False,False,False,False,0.19994958523695766,109,Excellent
S1183,Ashley Barton,Female,2025-02-15,Medium,13.32125638115878,0.8666666666666667,0.25,7.875,4,0.7230769230769231,69.96153846153847,26,77.0,4,90.33333333333331,4.0,0,6,0,1.3,9.0,1.0,4.0,13.32125638115878,Average Performer,False,False,False,False,False,False,0.24360711545735952,829,Good
S1184,Lindsay Martinez,Male,2025-09-21,Medium,6.74652428672222,0.7333333333333333,0.6666666666666666,7.833333333333333,3,0.6850384615384615,71.57692307692308,26,69.33333333333333,3,74.5,3.333333333333333,2,4,0,1.4,4.0,1.0,4.0,6.74652428672222,Average Performer,True,False,False,True,False,False,0.343872150821656,1649,Good
S1185,Dr. Hannah Patterson,Female,2025-04-19,Low,2.777294130269534,0.7,1.0,20.83333333333333,3,0.7661153846153846,76.07692307692308,26,63.5,2,68.0,4.833333333333333,1,5,0,2.3,8.0,2.0,7.0,2.777294130269534,Average Performer,True,False,False,True,False,False,0.35922214928971075,1397,Good
S1186,Jonathan Peterson,Female,2026-04-16,Low,4.273671020767705,0.4666666666666667,0.5,6.575,4,0.6821481481481482,67.74074074074075,27,59.66666666666666,3,76.16666666666667,4.333333333333333,0,6,0,1.1,9.0,1.0,2.0,4.273671020767705,At Risk,True,False,False,True,False,False,0.43442137800363634,1816,Average
S1187,Samantha Garcia,Female,2026-05-25,Low,8.151326201330843,0.8666666666666667,0.5,11.1,4,0.8595,87.70833333333333,24,74.66666666666667,3,80.83333333333333,4.0,0,6,0,1.6,6.0,3.0,5.0,8.151326201330843,High Performer,False,False,False,True,False,False,0.23452168449667288,664,Good
S1188,Madison Poole,Female,2025-09-19,Low,3.668663024739467,0.6,0.6666666666666666,8.566666666666666,3,0.6818333333333333,69.7,30,72.5,2,80.16666666666667,3.0,1,5,0,1.3,7.0,3.0,4.0,3.668663024739467,At Risk,True,False,False,True,False,False,0.37102834243815136,1556,Good
S1189,Jessica Gross,Male,2025-09-24,Medium,1.4247894326938777,0.9666666666666668,1.0,19.08,5,0.74208,77.92,25,80.0,3,79.0,2.1666666666666665,1,5,0,1.6,10.0,1.0,4.0,1.4247894326938777,Average Performer,False,False,False,True,False,False,0.25364735975159863,743,Good
S1190,Debra Morton,Male,2024-08-09,Medium,2.202991903229572,0.8,0.5,13.025,4,0.73588,73.48,25,80.66666666666667,3,85.66666666666667,3.0,2,4,0,2.6,10.0,2.0,6.0,2.202991903229572,Average Performer,False,False,False,True,False,False,0.2838951869085927,519,Good
S1191,Karen Graham,Female,2026-03-12,Low,8.92398532746238,0.8,0.6666666666666666,10.866666666666667,3,0.8107878787878788,84.9090909090909,33,59.0,3,71.5,7.0,0,6,0,1.2,9.0,4.0,2.0,8.92398532746238,Average Performer,False,False,False,True,False,True,0.3092036730449804,1477,Good
S1192,Debra Christian,Female,2024-08-20,Medium,11.317243937084095,0.6666666666666666,0.75,5.625,4,0.7193214285714287,73.64285714285714,28,73.25,4,77.5,2.0,2,4,0,1.6,7.0,4.0,4.0,11.317243937084095,At Risk,True,False,False,False,False,False,0.3264937949191945,1448,Good
S1193,Angelica Keith,Female,2025-06-26,Medium,12.567013939816764,0.7333333333333333,0.75,19.3,4,0.7468750000000001,74.0,24,75.75,4,68.66666666666667,5.0,1,5,0,1.9,10.0,3.0,3.0,12.567013939816764,Average Performer,True,False,False,False,False,False,0.30668663181712474,1308,Good
S1194,John Bishop,Male,2026-06-10,High,15.49697281006106,0.9,1.0,17.049999999999997,2,0.7822962962962963,82.07407407407408,27,80.75,4,90.0,1.5,4,2,0,2.8,9.0,1.0,6.0,15.49697281006106,High Performer,False,False,False,False,False,False,0.20506867908595844,128,Good
S1195,Allen Rosales,Male,2026-07-07,Medium,17.42564046534371,0.8,0.6666666666666666,13.566666666666668,3,0.6935925925925926,74.14814814814815,27,77.33333333333333,3,85.66666666666667,2.6666666666666665,2,4,0,1.3,9.0,3.0,7.0,17.42564046534371,Average Performer,False,False,False,False,False,False,0.2651914543921962,1078,Good
S1196,Daniel Salinas,Female,2024-10-27,Medium,11.733755320627273,0.8666666666666667,0.6666666666666666,10.166666666666666,3,0.707392857142857,71.85714285714286,28,77.0,3,75.16666666666667,4.166666666666667,1,5,0,2.0,7.0,1.0,6.0,11.733755320627273,Average Performer,False,False,False,False,False,False,0.275031087888908,1096,Good
S1197,Spencer Haynes,Female,2025-05-20,Low,9.965416354344956,0.6,0.6666666666666666,16.066666666666666,3,0.6926538461538462,71.0,26,67.0,4,80.5,3.6666666666666665,2,4,0,1.0,7.0,2.0,3.0,9.965416354344956,At Risk,True,False,False,True,False,False,0.36254030526798375,1705,Good
S1198,Adam Vaughan,Female,2025-07-11,Medium,5.90021700861305,0.8333333333333334,0.3333333333333333,9.066666666666666,3,0.7624375,77.15625,32,77.33333333333333,3,82.33333333333333,3.333333333333333,0,6,0,1.0,6.0,1.0,3.0,5.90021700861305,Average Performer,False,False,False,True,False,False,0.2700182074784674,1087,Good
S1199,Nathan Freeman,Female,2025-03-28,Medium,7.37056351103497,0.6,0.6666666666666666,10.7,3,0.7428076923076923,74.57692307692308,26,68.0,3,78.0,3.6666666666666665,1,5,0,1.8,7.0,3.0,2.0,7.37056351103497,At Risk,True,False,False,True,False,False,0.35573128353010486,1437,Good
S1200,Melissa Brewer,Female,2026-05-20,Low,1.0,0.5,0.3333333333333333,6.633333333333333,3,0.7361785714285715,73.28571428571429,28,64.33333333333333,3,74.5,4.333333333333333,2,4,0,1.3,6.0,3.0,2.0,1.0,At Risk,True,False,False,True,False,False,0.4112297619047619,1736,Average
S1201,Ricky Davis II,Male,2025-05-15,High,19.062521860235016,0.9333333333333332,1.0,11.266666666666666,3,0.7836551724137931,75.89655172413794,29,86.0,3,87.83333333333333,2.0,1,5,0,2.0,7.0,3.0,5.0,19.062521860235016,High Performer,False,False,False,False,False,False,0.18016381029194123,125,Excellent
S1202,Elizabeth Perkins,Male,2025-07-05,Medium,9.318739704062692,0.5333333333333333,0.25,11.675,4,0.7615833333333333,77.875,24,73.0,3,86.83333333333333,2.5,1,5,0,2.0,7.0,3.0,7.0,9.318739704062692,At Risk,True,False,False,True,False,False,0.33864481740651,923,Good
S1203,Joseph Coleman,Female,2025-07-19,High,17.66959717074524,0.8,0.5,16.85,2,0.750625,80.08333333333333,24,65.0,3,79.16666666666667,3.8333333333333335,1,5,0,1.1,8.0,3.0,5.0,17.66959717074524,Average Performer,False,False,False,False,False,False,0.2818885070731369,1465,Good
S1204,Erin Warner,Female,2024-08-23,Medium,13.335722880351767,0.7,0.0,9.8,3,0.8015517241379311,79.65517241379311,29,77.25,4,67.16666666666667,3.333333333333333,1,5,0,1.3,7.0,4.0,2.0,13.335722880351767,Average Performer,True,False,False,False,False,False,0.29594517555774125,1338,Good
S1205,David Martinez,Male,2024-08-21,Low,2.5705556791600213,0.4333333333333333,0.3333333333333333,7.366666666666666,3,0.653896551724138,63.86206896551724,29,63.66666666666666,3,70.16666666666667,5.5,0,6,0,1.5,6.0,2.0,1.0,2.5705556791600213,At Risk,True,False,False,True,False,True,0.4564879786181919,1813,Average
S1206,Bryan Herrera,Male,2024-12-11,Medium,12.410182099185668,0.8,1.0,8.725,4,0.7199259259259259,68.88888888888889,27,70.0,4,83.33333333333333,2.1666666666666665,1,5,0,1.3,6.0,1.0,3.0,12.410182099185668,Average Performer,False,False,False,False,False,False,0.2879967669742581,1282,Good
S1207,Cathy Robinson,Female,2025-10-02,Low,3.784809735163339,0.9,0.25,12.525,4,0.6994285714285714,76.53571428571429,28,77.5,4,81.0,2.6666666666666665,2,4,0,1.0,8.0,1.0,4.0,3.784809735163339,Average Performer,False,False,False,True,False,False,0.27920940423352025,1200,Good
S1208,Dr. William Warren,Male,2025-12-21,Medium,19.227229083726407,0.7,0.3333333333333333,7.933333333333334,3,0.7891153846153846,82.57692307692308,26,60.5,2,77.16666666666667,4.666666666666667,0,6,0,1.3,7.0,2.0,4.0,19.227229083726407,Average Performer,True,False,False,False,False,False,0.30344731190606866,1488,Good
S1209,Brian Lee,Male,2026-05-26,Low,4.302241884901575,0.7666666666666667,0.6666666666666666,11.533333333333331,3,0.8077142857142857,82.0,28,69.5,2,67.66666666666667,4.5,0,6,0,1.6,8.0,0.0,3.0,4.302241884901575,Average Performer,False,False,False,True,False,False,0.3147634429067937,1330,Good
S1210,Christopher Smith,Female,2026-03-24,Low,2.206056667831342,0.6333333333333333,0.0,6.85,4,0.7118333333333333,71.79166666666667,24,77.66666666666667,3,81.16666666666667,2.6666666666666665,2,4,0,1.0,6.0,1.0,5.0,2.206056667831342,At Risk,True,False,False,True,False,False,0.34551819166375497,1461,Good
S1211,Denise Mccann,Female,2025-03-19,Low,8.961371310221185,0.7,0.6,12.8,5,0.7352666666666666,74.6,30,59.5,2,81.0,5.833333333333333,0,6,0,1.0,9.0,2.0,2.0,8.961371310221185,Average Performer,True,False,False,True,False,True,0.34151657172444705,1625,Good
S1212,Melissa Martinez,Female,2026-06-14,High,12.690967484420977,0.9333333333333332,0.6666666666666666,8.933333333333332,3,0.6982333333333333,71.46666666666667,30,79.0,3,84.0,3.0,0,6,0,2.1,8.0,4.0,6.0,12.690967484420977,Average Performer,False,False,False,False,False,False,0.24146924795561425,564,Good
S1213,Katherine Salas,Male,2026-01-26,Low,3.3024576690901903,0.5333333333333333,0.0,5.066666666666666,3,0.6264444444444445,66.85185185185185,27,77.0,3,73.33333333333333,4.0,1,5,0,1.4,5.0,1.0,3.0,3.3024576690901903,At Risk,True,False,False,True,False,False,0.4064771891606078,1672,Average
S1214,Julie Alexander,Female,2024-12-01,Medium,6.376353070410921,0.9666666666666668,1.0,10.233333333333334,3,0.8489615384615384,85.46153846153847,26,83.0,3,76.5,3.6666666666666665,1,5,0,2.4,7.0,3.0,3.0,6.376353070410921,High Performer,False,False,False,True,False,False,0.20695398911884447,227,Good
S1215,Anthony Everett,Male,2025-08-12,Medium,6.944055246097328,0.9333333333333332,0.5,10.55,4,0.7956551724137931,79.86206896551724,29,74.0,3,86.66666666666667,1.8333333333333333,3,3,0,2.1,7.0,1.0,5.0,6.944055246097328,High Performer,False,False,False,True,False,False,0.23260997682728543,313,Good
S1216,Rodney Morales,Male,2025-06-26,Low,8.020045066352207,0.4666666666666667,0.0,8.9,2,0.5914919565217391,59.51834838709678,26,60.0,2,75.0,5.833333333333333,0,6,0,1.4,8.0,0.0,3.0,8.020045066352207,At Risk,True,False,False,True,False,True,0.4533356337109311,1823,Average
S1217,Mark Brown,Female,2024-11-08,Medium,17.533553096576817,0.9,0.75,13.475,4,0.8458928571428571,81.96428571428571,28,71.0,2,92.16833333333334,3.5,1,5,0,2.5,5.0,3.0,5.0,17.533553096576817,High Performer,False,False,False,False,False,False,0.1971457601157008,194,Excellent
S1218,Justin Torres,Female,2025-03-26,Low,13.35849076998343,0.7333333333333333,0.75,12.275,4,0.7423913043478261,72.73913043478261,23,70.66666666666667,3,77.66666666666667,4.666666666666667,0,6,0,1.4,9.0,3.0,4.0,13.35849076998343,Average Performer,True,False,False,False,False,False,0.30271971510402695,1439,Good
S1219,Bailey Duran DDS,Female,2026-02-02,High,10.469973675504736,0.8666666666666667,0.6666666666666666,16.5,3,0.6124615384615384,62.92307692307692,26,85.5,4,88.83333333333333,4.666666666666667,1,5,0,2.1,8.0,1.0,4.0,10.469973675504736,Average Performer,False,False,False,False,False,False,0.26916993760610997,530,Good
S1220,Courtney Mills,Female,2025-05-25,Medium,14.275465174245664,0.8,0.0,17.1,2,0.7574642857142857,73.32142857142857,28,79.5,2,79.33333333333333,1.3333333333333333,3,3,0,2.3,7.0,2.0,2.0,14.275465174245664,Average Performer,False,False,False,False,False,False,0.2590720513501001,762,Good
S1221,Jeremy Dalton,Female,2025-08-09,Medium,9.844136335761991,0.8333333333333334,0.5,6.75,4,0.7065172413793104,69.37931034482759,29,85.5,2,75.0,4.166666666666667,1,5,0,1.9,9.0,4.0,5.0,9.844136335761991,Average Performer,False,False,False,True,False,False,0.2716011534134686,996,Good
S1222,Elizabeth Oliver DDS,Male,2026-03-12,High,16.10408648706987,1.0,1.0,18.466666666666665,3,0.8499687499999999,86.6875,32,84.5,2,84.66666666666667,1.5,3,3,0,2.900999999999999,9.0,0.0,2.0,16.10408648706987,High Performer,False,False,False,False,False,False,0.15874915878232532,18,Excellent
S1223,Theresa Clark,Male,2024-10-19,High,14.931430977609695,0.9333333333333332,0.6666666666666666,19.7,3,0.8484137931034482,83.62068965517241,29,81.0,3,90.33333333333331,2.333333333333333,1,5,0,2.2,9.0,2.0,2.0,14.931430977609695,High Performer,False,False,False,False,False,False,0.177313951291608,48,Excellent
S1224,Matthew Moore,Male,2025-10-11,High,12.648336648269527,0.9666666666666668,1.0,15.975,4,0.74556,72.32,25,84.0,2,82.0,1.5,1,5,0,2.3,9.0,3.0,6.0,12.648336648269527,Average Performer,False,False,False,False,False,False,0.2120444917126595,309,Good
S1225,Benjamin Smith,Male,2026-01-02,Medium,15.303859101094574,0.8666666666666667,0.5,14.375,4,0.7015925925925927,69.0,27,78.0,3,79.16666666666667,3.1666666666666665,1,4,1,1.5,7.0,1.0,5.0,15.303859101094574,Average Performer,False,False,False,False,False,False,0.25984590780281913,1130,Good
S1226,Kirk Carter,Other,2025-08-12,Medium,13.450093333987308,0.9666666666666668,0.5,9.475,4,0.7567037037037038,74.03703703703704,27,78.0,2,70.33333333333333,3.1666666666666665,1,5,0,2.2,8.0,0.0,4.0,13.450093333987308,High Performer,False,False,False,False,False,False,0.2361969888872539,737,Good
S1227,Michael Warner,Male,2025-12-21,Medium,11.709444917852144,0.7333333333333333,1.0,9.933333333333332,3,0.7807666666666666,80.3,30,71.33333333333333,3,76.33333333333333,2.1666666666666665,3,3,0,1.7,10.0,2.0,5.0,11.709444917852144,Average Performer,True,False,False,False,False,False,0.2959963877053697,1245,Good
S1228,Michael Bradshaw,Female,2025-09-30,Medium,15.096389211458554,0.7,0.6666666666666666,8.166666666666666,3,0.6806521739130434,71.69565217391305,23,78.66666666666667,3,82.0,1.8333333333333333,1,5,0,1.2,9.0,2.0,5.0,15.096389211458554,Average Performer,True,False,False,False,False,False,0.30273004146410726,1339,Good
S1229,Lori Guerrero,Female,2026-01-10,Medium,6.334825987716796,0.6666666666666666,0.0,14.366666666666667,3,0.7870370370370371,78.74074074074075,27,85.5,2,76.16666666666667,3.5,1,5,0,1.1,6.0,2.0,5.0,6.334825987716796,At Risk,True,False,False,True,False,False,0.29613515725293016,1182,Good
S1230,Jessica Stephens,Female,2025-09-18,Medium,7.220832307742594,0.9,0.6666666666666666,15.2,3,0.7714,78.72,25,78.66666666666667,3,78.83333333333333,2.6666666666666665,2,4,0,1.9,9.0,1.0,4.0,7.220832307742594,High Performer,False,False,False,True,False,False,0.24994458589731017,707,Good
S1231,Susan Serrano,Female,2025-10-14,High,11.1324556659563,0.9,0.5,8.675,4,0.7745925925925926,78.81481481481481,27,90.0,2,82.33333333333333,1.8333333333333333,3,3,0,1.6,8.0,0.0,6.0,11.1324556659563,High Performer,False,False,False,False,False,False,0.21129108305733146,465,Good
S1232,Christopher Parker,Female,2025-07-26,Low,6.817053587369742,0.5333333333333333,0.0,3.9996666666666663,3,0.72072,71.36,25,58.75,4,72.0,6.5,1,4,1,1.0,2.0,2.0,4.0,6.817053587369742,At Risk,True,False,False,True,False,True,0.40790803269824233,1843,Average
S1233,Laura Roberts,Female,2025-07-31,Low,6.560261153719598,0.6666666666666666,0.0,8.933333333333334,3,0.66252,65.04,25,59.75,4,70.0,4.666666666666667,0,6,0,2.2,6.0,3.0,5.0,6.560261153719598,At Risk,True,False,False,True,False,False,0.3936766804490343,1643,Good
S1234,Michael Lyons,Male,2025-10-06,Medium,8.744451892467847,0.7,0.5,13.3,2,0.7412592592592593,74.88888888888889,27,79.0,3,86.83333333333333,4.5,1,5,0,1.1,8.0,2.0,6.0,8.744451892467847,Average Performer,True,False,False,True,False,False,0.2925110924910526,1046,Good
S1235,Kathryn Snyder,Female,2026-05-21,Medium,10.8324884950712,0.7666666666666667,0.3333333333333333,10.666666666666666,3,0.7749166666666666,79.70833333333333,24,75.0,2,74.66666666666667,2.5,3,3,0,2.1,6.0,3.0,4.0,10.8324884950712,Average Performer,False,False,False,False,False,False,0.2867771120956553,1057,Good
S1236,Andrew Reynolds,Male,2024-11-25,Low,2.560483057147994,0.9333333333333332,0.3333333333333333,11.733333333333334,3,0.6815483870967742,68.58064516129032,31,63.25,4,84.0,1.5,3,3,0,1.2,7.0,3.0,3.0,2.560483057147994,Average Performer,False,False,False,True,False,False,0.30330094289476445,1234,Good
S1237,David Davis,Male,2025-08-24,High,14.737926715487884,0.9666666666666668,0.75,11.3,4,0.7935652173913043,78.3913043478261,23,76.5,2,84.66666666666667,2.5,0,6,0,1.7,6.0,1.0,2.0,14.737926715487884,High Performer,False,False,False,False,False,False,0.20341895132722232,408,Good
S1238,Sara Johnston,Female,2024-09-08,High,19.49621159492196,0.9666666666666668,1.0,10.966666666666669,3,0.7665,78.96153846153847,26,76.75,4,87.66666666666667,3.1666666666666665,2,4,0,1.8,9.0,1.0,3.0,19.49621159492196,High Performer,False,False,False,False,False,False,0.19464280434602843,363,Excellent
S1239,Yvonne Chambers,Male,2025-05-26,High,18.48391866941893,0.9666666666666668,0.5,13.925,4,0.7838620689655172,79.72413793103448,29,85.66666666666667,3,85.16666666666667,3.1666666666666665,1,5,0,2.7,5.0,4.0,4.0,18.48391866941893,High Performer,False,False,False,False,False,False,0.17788158263679746,67,Excellent
S1240,Andrew Avila,Female,2025-02-16,Low,2.03080022518544,0.9,0.6666666666666666,16.666666666666668,3,0.7538636363636364,76.0909090909091,22,75.0,3,84.16666666666667,2.333333333333333,1,5,0,1.0,8.0,2.0,3.0,2.03080022518544,High Performer,False,False,False,True,False,False,0.2675139085279455,982,Good
S1241,Matthew Moon,Female,2025-08-15,High,19.6655255014459,0.9666666666666668,1.0,14.366666666666667,3,0.8303666666666667,84.86666666666666,30,86.25,4,81.16666666666667,4.0,1,5,0,2.5,4.0,2.0,5.0,19.6655255014459,High Performer,False,False,False,False,False,False,0.1658095195797185,85,Excellent
S1242,Kevin Walters,Female,2025-10-29,Medium,5.582536000003962,0.8666666666666667,0.75,6.05,4,0.7188518518518519,72.33333333333333,27,85.25,4,80.66666666666667,2.333333333333333,2,4,0,1.6,7.0,2.0,4.0,5.582536000003962,Average Performer,False,False,False,True,False,False,0.26222143777776785,838,Good
S1243,Brandon Bailey MD,Male,2025-05-16,Low,6.154775730389655,0.7666666666666667,0.25,10.85,4,0.70940625,72.5,32,77.5,2,82.83333333333333,4.0,1,4,1,1.0,6.0,2.0,3.0,6.154775730389655,Average Performer,False,False,False,True,False,False,0.30087451900735923,1307,Good
S1244,Shannon Rivera,Male,2025-11-18,Low,7.116184000387086,0.8,0.25,8.475,4,0.678516129032258,67.83870967741936,31,59.66666666666666,3,85.16666666666667,4.5,1,5,0,1.9,6.0,2.0,5.0,7.116184000387086,Average Performer,False,False,False,True,False,False,0.3315713679560216,1216,Good
S1245,Donna Landry,Female,2026-01-03,Medium,10.950653887863858,0.8,0.3333333333333333,13.333333333333334,3,0.7295925925925926,74.70370370370371,27,75.33333333333333,3,75.83333333333333,5.833333333333333,1,5,0,2.0,8.0,2.0,2.0,10.950653887863858,Average Performer,False,False,False,False,False,True,0.2893289208358959,1166,Good
S1246,Krista Gibson,Male,2025-04-26,High,11.900995285053284,0.9,0.6666666666666666,15.266666666666666,3,0.831576923076923,85.96153846153847,26,68.33333333333333,3,81.83333333333333,3.6666666666666665,0,6,0,2.0,10.0,1.0,4.0,11.900995285053284,Average Performer,False,False,False,False,False,False,0.23635776819762327,612,Good
S1247,Frank Cordova,Other,2026-03-14,Low,9.3468893178341,0.4,0.5,5.35,4,0.7636060606060606,77.6969696969697,33,55.25,4,79.33333333333333,6.5,0,6,0,2.0,4.0,1.0,4.0,9.3468893178341,At Risk,True,False,False,True,False,True,0.4180509585235966,1416,Average
S1248,Jose Travis,Other,2025-03-04,Medium,4.888626316496107,0.8666666666666667,0.75,13.125,4,0.6802800000000001,70.28,25,79.25,4,86.66666666666667,2.6666666666666665,2,4,0,1.0,5.0,0.0,4.0,4.888626316496107,Average Performer,False,False,False,True,False,False,0.278527767542093,1034,Good
S1249,Kimberly Gutierrez,Female,2025-04-01,High,20.849730681486296,0.8333333333333334,0.6666666666666666,17.833333333333332,3,0.8252142857142857,83.42857142857143,28,94.0,2,82.16666666666667,2.5,3,3,0,2.6,8.0,2.0,3.0,20.849730681486296,Average Performer,False,False,False,False,False,False,0.1807280542486652,166,Excellent
S1250,Isaiah Avila,Male,2024-09-12,High,11.634133166567374,0.8666666666666667,1.0,4.5,3,0.7666666666666666,77.45833333333333,24,70.5,2,83.33333333333333,3.1666666666666665,0,6,0,2.6,7.0,2.0,1.0,11.634133166567374,High Performer,False,False,False,False,False,False,0.2582480004169149,640,Good
S1251,Olivia Harris,Male,2024-08-17,Low,11.156351920017888,0.8666666666666667,0.5,4.0,4,0.8906896551724137,88.37931034482759,29,83.0,4,85.33333333333333,2.333333333333333,2,4,0,1.6,6.0,2.0,5.0,11.156351920017888,High Performer,False,False,False,False,False,False,0.1942355569815645,284,Excellent
S1252,Tanya Kim,Female,2025-10-28,Medium,11.261561407077966,0.8,1.0,10.775,4,0.7384137931034483,70.82758620689656,29,81.0,2,78.66666666666667,3.6666666666666665,1,5,0,1.2,6.0,0.0,5.0,11.261561407077966,Average Performer,False,False,False,False,False,False,0.27032195855127056,1178,Good
S1253,Barbara Dudley,Male,2024-08-31,Low,4.885928249578149,0.8333333333333334,0.25,10.15,4,0.7316400000000001,73.16,25,61.333333333333336,3,85.83333333333333,3.8333333333333335,0,6,0,1.0,6.0,2.0,5.0,4.885928249578149,Average Performer,False,False,False,True,False,False,0.3085431793760546,1352,Good
S1254,Cynthia Moore,Male,2024-11-03,Low,3.635648101129535,0.9333333333333332,0.3333333333333333,11.066666666666668,3,0.7294137931034482,73.58620689655173,29,78.0,2,78.16666666666667,1.3333333333333333,3,3,0,1.4,7.0,2.0,8.0,3.635648101129535,Average Performer,False,False,False,True,False,False,0.26550340848280835,987,Good
S1255,Kristen Davis,Female,2026-05-08,Medium,14.866608772152896,0.8,0.6666666666666666,14.766666666666667,3,0.77048,78.56,25,76.5,2,80.83333333333333,1.0,3,3,0,1.0,8.0,2.0,3.0,14.866608772152896,Average Performer,False,False,False,False,False,False,0.25743947806961776,1192,Good
S1256,Susan Murray MD,Female,2025-05-07,Medium,13.094572271110913,0.8,0.3333333333333333,7.6,3,0.7502758620689655,74.86206896551724,29,74.25,4,85.16666666666667,2.5,2,4,0,2.9,10.0,3.0,5.0,13.094572271110913,Average Performer,False,False,False,False,False,False,0.265930810701533,626,Good
S1257,Kathleen Moran,Female,2025-04-23,Medium,9.729610615646148,0.7,0.5,8.65,4,0.6266923076923077,67.15384615384616,26,69.33333333333333,3,84.83333333333333,2.5,3,3,0,1.9,10.0,0.0,4.0,9.729610615646148,Average Performer,True,False,False,True,False,False,0.3467516144865257,1279,Good
S1258,Denise Davenport,Female,2026-04-16,Medium,11.22547138330574,0.9333333333333332,0.25,17.2,4,0.7386,75.36,25,67.0,2,87.5,1.1666666666666667,4,2,0,1.3,10.0,2.0,4.0,11.22547138330574,Average Performer,False,False,False,False,False,False,0.2517729882084023,891,Good
S1259,Mrs. Kristen Reyes,Male,2026-02-23,Medium,2.260893846071526,0.9,0.5,7.5,4,0.7401923076923077,73.8076923076923,26,74.5,2,83.5,4.166666666666667,1,5,0,2.0,8.0,2.0,2.0,2.260893846071526,Average Performer,False,False,False,True,False,False,0.27304007307712885,695,Good
S1260,Katie Suarez,Female,2025-10-23,Low,4.534378037934372,0.4666666666666667,0.25,7.6,4,0.684375,70.53125,32,65.0,2,70.5,4.166666666666667,1,5,0,1.0,7.0,3.0,2.0,4.534378037934372,At Risk,True,False,False,True,False,False,0.43093488823849746,1859,Average
S1261,Desiree Tyler,Other,2024-08-16,Medium,6.377361011572706,0.6333333333333333,1.0,11.866666666666667,3,0.7552222222222222,77.4074074074074,27,82.5,2,81.0,3.333333333333333,2,4,0,2.1,5.0,0.0,3.0,6.377361011572706,At Risk,True,False,False,True,False,False,0.3126565974710682,858,Good
S1262,Timothy Romero,Male,2026-03-13,Low,5.228120293610333,0.5666666666666667,0.5,7.449999999999999,4,0.756423076923077,74.6923076923077,26,73.33333333333333,3,73.66666666666667,4.333333333333333,0,6,0,1.0,5.0,2.0,0.0,5.228120293610333,At Risk,True,False,False,True,False,False,0.3611694428557177,1667,Good
S1263,Diane Evans,Female,2026-06-19,Medium,6.812642667033826,0.7666666666666667,1.0,12.55,4,0.6950799999999999,69.12,25,75.5,2,75.66666666666667,3.5,1,5,0,1.0,10.0,2.0,3.0,6.812642667033826,Average Performer,False,False,False,True,False,False,0.3182777266657488,1595,Good
S1264,Yvonne Burns,Female,2025-11-24,Medium,11.972570561945576,0.8666666666666667,0.75,14.25,4,0.7570769230769231,73.53846153846153,26,76.33333333333333,3,90.66666666666669,1.5,2,4,0,1.5,7.0,2.0,6.0,11.972570561945576,High Performer,False,False,False,False,False,False,0.23761216333872576,663,Good
S1265,Joshua Reed,Female,2025-04-18,Medium,12.73959536102034,0.9,0.25,17.025,4,0.84304,87.16,25,72.0,3,74.83333333333333,1.1666666666666667,4,2,0,2.3,9.0,2.0,2.0,12.73959536102034,High Performer,False,False,False,False,False,False,0.23398901159744914,685,Good
S1266,Kimberly Gibson,Female,2025-05-18,Medium,6.790126995947213,0.6666666666666666,0.3333333333333333,5.866666666666667,3,0.7986666666666666,76.9047619047619,21,63.25,4,73.16666666666667,2.833333333333333,1,5,0,1.0,7.0,5.0,4.0,6.790126995947213,At Risk,True,False,False,True,False,False,0.34050801584346535,1653,Good
S1267,Colin Terry,Female,2024-10-10,Medium,14.375151507913223,0.9666666666666668,1.0,17.7,4,0.7216896551724138,73.17241379310344,29,81.25,4,91.0,1.1666666666666667,4,2,0,1.5,8.0,1.0,3.0,14.375151507913223,Average Performer,False,False,False,False,False,False,0.2068885580118261,466,Good
S1268,Cynthia Rowe,Male,2025-06-24,High,18.238649097158447,0.9,0.3333333333333333,7.2,3,0.71134375,73.0,32,84.5,2,78.83333333333333,3.1666666666666665,1,5,0,1.4,6.0,4.0,5.0,18.238649097158447,Average Performer,False,False,False,False,False,False,0.22875025225710388,942,Good
S1269,Patrick Thornton,Male,2025-04-21,Medium,8.58780458119131,0.9333333333333332,1.0,15.633333333333333,3,0.8205357142857144,83.46428571428571,28,79.5,2,82.66666666666667,2.0,2,4,0,1.9,8.0,1.0,5.0,8.58780458119131,High Performer,False,False,False,True,False,False,0.21603644092797408,312,Good
S1270,Jasmin Alvarado,Female,2025-04-30,High,14.091165842549518,0.9333333333333332,0.3333333333333333,15.066666666666668,3,0.7689655172413793,77.48275862068965,29,80.66666666666667,3,86.0,2.6666666666666665,3,3,0,1.6,10.0,2.0,5.0,14.091165842549518,High Performer,False,False,False,False,False,False,0.21041576355454578,437,Good
S1271,Veronica Simpson,Female,2025-06-11,Medium,1.677204170194591,0.9666666666666668,0.5,17.05,4,0.7905714285714286,79.07142857142857,28,75.0,2,82.0,3.5,1,5,0,1.2,9.0,1.0,4.0,1.677204170194591,High Performer,False,False,False,True,False,False,0.24396889433641825,723,Good
S1272,Jonathan Lawrence,Female,2025-04-25,Medium,8.678253493816138,0.8333333333333334,0.3333333333333333,12.566666666666668,3,0.8102142857142857,78.39285714285714,28,74.5,4,81.5,2.1666666666666665,2,4,0,2.2,7.0,1.0,2.0,8.678253493816138,Average Performer,False,False,False,True,False,False,0.2556567472178406,581,Good
S1273,Shelly Alexander,Female,2024-09-08,Medium,5.994003321109027,0.8666666666666667,1.0,12.433333333333332,3,0.7981481481481482,79.55555555555556,27,76.0,2,82.66666666666667,0.6666666666666666,5,1,0,1.0,8.0,3.0,1.0,5.994003321109027,High Performer,False,False,False,True,False,False,0.25290388058611635,918,Good
S1274,Joyce Bowen,Female,2025-12-22,Low,7.190187801116404,0.7333333333333333,0.3333333333333333,6.966666666666668,3,0.626076923076923,61.84615384615385,26,76.75,4,78.5,3.8333333333333335,1,5,0,1.2,3.0,1.0,6.0,7.190187801116404,Average Performer,True,False,False,True,False,False,0.33961812024079874,1511,Good
S1275,Matthew Moore,Female,2025-02-01,Medium,7.943271248756154,0.7666666666666667,0.75,11.05,4,0.7969375,81.09375,32,78.75,4,84.0,2.6666666666666665,3,3,0,1.7,7.0,1.0,4.0,7.943271248756154,Average Performer,False,False,False,True,False,False,0.26589390521144296,691,Good
S1276,Wayne Morgan,Female,2025-02-04,Medium,12.50577736812138,1.0,1.0,12.175,4,0.73325,74.96428571428571,28,85.0,3,81.0,1.3333333333333333,3,3,0,1.8,8.0,2.0,5.0,12.50577736812138,Average Performer,False,False,False,False,False,False,0.20726055657969655,475,Good
S1277,Marie Christian,Female,2025-01-25,Medium,9.44245732643891,0.8,1.0,12.025,4,0.7446785714285714,75.42857142857143,28,84.5,2,79.83333333333333,1.5,1,5,0,1.7,9.0,1.0,4.0,9.44245732643891,Average Performer,False,False,False,True,False,False,0.2642402852553313,863,Good
S1278,Shannon James,Female,2025-12-12,Medium,9.255271692330233,0.8333333333333334,0.3333333333333333,10.833333333333334,3,0.7462307692307693,76.61538461538461,26,76.66666666666667,3,80.16666666666667,3.8333333333333335,0,6,0,1.2,5.0,1.0,5.0,9.255271692330233,Average Performer,False,False,False,True,False,False,0.27107592333327696,1155,Good
S1279,Nathan Malone,Female,2025-03-26,High,19.436034330254063,0.8666666666666667,0.75,23.025,4,0.7986666666666666,78.14814814814815,27,75.5,2,86.33333333333333,2.833333333333333,1,5,0,2.3,7.0,4.0,3.0,19.436034330254063,High Performer,False,False,False,False,False,False,0.2146432475076982,361,Good
S1280,Amanda Jones,Female,2025-10-30,Medium,9.168727246352674,0.6333333333333333,0.3333333333333333,14.800000000000002,3,0.7318333333333332,73.4,30,68.0,3,75.83333333333333,3.5,0,6,0,2.9,4.0,0.0,2.0,9.168727246352674,At Risk,True,False,False,True,False,False,0.349444848550785,1324,Good
S1281,Tammie Bright,Male,2024-09-30,Medium,12.051619811282336,0.8,0.6666666666666666,14.9,3,0.6347307692307692,66.57692307692308,26,80.5,2,84.33333333333333,3.6666666666666665,2,4,0,1.6,8.0,1.0,4.0,12.051619811282336,Average Performer,False,False,False,False,False,False,0.2919517197025634,1010,Good
S1282,Jessica Garcia,Male,2026-07-04,Medium,12.42302206432842,0.7333333333333333,1.0,13.5,2,0.8122400000000001,82.76,25,86.0,2,68.33333333333333,2.6666666666666665,0,6,0,2.900999999999999,7.0,2.0,3.0,12.42302206432842,Average Performer,True,False,False,False,False,False,0.26743711150584565,687,Good
S1283,Shelia Wallace,Male,2026-01-12,High,19.68472354567499,0.8666666666666667,0.5,8.2,2,0.8095714285714285,80.10714285714286,28,88.0,3,85.33333333333333,2.833333333333333,2,4,0,2.3,9.0,1.0,7.0,19.68472354567499,High Performer,False,False,False,False,False,False,0.1872500958977173,134,Excellent
S1284,Stephanie Williams,Female,2024-09-15,High,13.630496534477036,0.9,0.6666666666666666,9.8,3,0.825551724137931,84.24137931034483,29,83.0,4,81.0,4.666666666666667,0,6,0,1.4,8.0,3.0,5.0,13.630496534477036,High Performer,False,False,False,False,False,False,0.2057582414224281,529,Good
S1285,Elaine Brooks,Male,2026-06-01,Medium,10.682884251354226,0.9333333333333332,1.0,8.966666666666667,3,0.892265925925926,90.60857142857144,30,79.66666666666667,3,92.16833333333334,1.6666666666666667,3,3,0,1.8,9.0,3.0,3.0,10.682884251354226,High Performer,False,False,False,False,False,False,0.17469384492716997,96,Excellent
S1286,Joseph Knight,Male,2025-03-20,Low,4.327913251045809,0.9333333333333332,1.0,11.433333333333335,3,0.7594285714285715,77.32142857142857,28,59.75,4,75.83333333333333,3.333333333333333,0,6,0,1.8,3.0,0.0,4.0,4.327913251045809,Average Performer,False,False,False,True,False,False,0.2947683121104807,1165,Good
S1287,Carolyn Miller,Female,2024-10-23,Medium,13.228859703088236,0.7333333333333333,0.5,11.575,4,0.7428571428571429,73.53571428571429,28,78.0,3,87.33333333333333,2.6666666666666665,3,3,0,1.4,7.0,3.0,8.0,13.228859703088236,Average Performer,True,False,False,False,False,False,0.27373737455180325,917,Good
S1288,Lisa Allen,Male,2025-04-15,Medium,7.828251266613903,0.9,0.75,14.875,4,0.7944761904761906,78.95238095238095,21,63.5,2,77.66666666666667,2.1666666666666665,3,3,0,1.2,6.0,0.0,5.0,7.828251266613903,Average Performer,False,False,False,True,False,False,0.273586514690608,1224,Good
S1289,Briana Murray,Female,2024-12-05,High,20.336640989276884,0.9,0.3333333333333333,11.6,3,0.8426774193548388,84.83870967741936,31,72.5,2,91.33333333333331,1.8333333333333333,2,4,0,2.1,10.0,3.0,4.0,20.336640989276884,High Performer,False,False,False,False,False,False,0.1893551717203562,242,Excellent
S1290,David Smith,Male,2024-08-11,Medium,14.594239769586087,0.7666666666666667,1.0,3.9996666666666663,2,0.7696428571428572,76.92857142857143,28,70.33333333333333,3,85.0,2.6666666666666665,1,5,0,1.8,8.0,3.0,5.0,14.594239769586087,Average Performer,False,False,False,False,False,False,0.2727882100998443,900,Good
S1291,Stephanie Byrd,Male,2025-09-18,Medium,5.566745944913224,0.7333333333333333,0.0,9.733333333333333,3,0.59565625,62.0625,32,63.66666666666666,3,80.66666666666667,1.8333333333333333,2,4,0,1.0,5.0,1.0,2.0,5.566745944913224,Average Performer,True,False,False,True,False,False,0.3757195934710503,1730,Good
S1292,Jeremy Reed,Female,2025-04-06,High,13.758402852248416,0.9333333333333332,0.5,12.625,4,0.7035172413793104,68.89655172413794,29,76.0,2,85.83333333333333,1.1666666666666667,3,3,0,1.1,7.0,2.0,5.0,13.758402852248416,Average Performer,False,False,False,False,False,False,0.24046548712225255,903,Good
S1293,Margaret Coleman,Male,2024-08-25,Medium,12.338772190754446,0.7666666666666667,0.5,7.925,4,0.674448275862069,67.58620689655173,29,73.33333333333333,3,86.0,5.0,0,6,0,2.3,5.0,3.0,3.0,12.338772190754446,Average Performer,False,False,False,False,False,False,0.29948525343115984,901,Good
S1294,Ryan Gonzalez,Male,2025-07-19,High,18.987067280231496,0.9333333333333332,0.6666666666666666,7.8,3,0.7950689655172414,82.48275862068965,29,79.33333333333333,3,83.0,3.1666666666666665,1,5,0,2.7,9.0,4.0,5.0,18.987067280231496,High Performer,False,False,False,False,False,False,0.19751164214424888,217,Excellent
S1295,John Young,Female,2025-12-19,High,14.718912154023288,0.9333333333333332,0.3333333333333333,13.6,3,0.798344827586207,77.13793103448276,29,80.0,3,68.66666666666667,3.0,3,3,0,2.7,8.0,1.0,3.0,14.718912154023288,High Performer,False,False,False,False,False,False,0.22736593800574637,549,Good
S1296,Laura Haney,Female,2026-05-28,High,16.81614253421415,0.9,1.0,16.2,3,0.7866333333333333,77.73333333333333,30,88.0,2,79.66666666666667,5.833333333333333,0,6,0,2.1,9.0,2.0,7.0,16.81614253421415,High Performer,False,False,False,False,False,True,0.2014696436644646,373,Good
S1297,William Barrett,Male,2025-06-20,High,18.098349701270656,1.0,0.75,20.75,4,0.8690399999999999,86.92,25,92.0,2,81.0,1.8333333333333333,3,3,0,2.2,8.0,1.0,6.0,18.098349701270656,High Performer,False,False,False,False,False,False,0.13854212574682337,45,Excellent
S1298,Keith Jennings,Female,2025-10-11,High,12.29465750795962,0.9666666666666668,1.0,23.027249999999995,3,0.8786363636363638,88.0,22,85.5,2,81.33333333333333,1.0,5,1,0,2.5,8.0,4.0,4.0,12.29465750795962,High Performer,False,False,False,False,False,False,0.17100578047252513,57,Excellent
S1299,Amber Obrien,Male,2025-08-30,Medium,11.547702409021426,0.7,1.0,14.95,4,0.715037037037037,72.74074074074075,27,67.5,2,67.16666666666667,2.833333333333333,0,6,0,1.6,8.0,4.0,2.0,11.547702409021426,Average Performer,True,False,False,False,False,False,0.3458696328663353,1656,Good
S1300,Tanner Mitchell DDS,Male,2026-06-27,Low,2.1756761585261586,0.7333333333333333,0.25,7.475,4,0.5914919565217391,59.51834838709678,29,63.0,2,70.0,3.0,1,5,0,1.0,7.0,3.0,1.0,2.1756761585261586,Average Performer,True,False,False,True,False,False,0.4027798893138295,1847,Average
S1301,Heather Fields,Female,2025-06-19,Medium,7.591894437484596,0.8666666666666667,0.6666666666666666,9.333333333333334,3,0.7832399999999999,78.48,25,68.66666666666667,3,79.16666666666667,4.833333333333333,0,6,0,1.0,9.0,1.0,3.0,7.591894437484596,Average Performer,False,False,False,True,False,False,0.27329826390628853,1284,Good
S1302,Megan Le,Female,2025-02-19,Medium,9.660575089928145,0.9666666666666668,1.0,9.125,4,0.7754615384615384,81.8076923076923,26,81.0,3,81.0,3.0,2,4,0,1.7,8.0,2.0,3.0,9.660575089928145,High Performer,False,False,False,True,False,False,0.2180434340700514,494,Good
S1303,Sara Fuller,Female,2024-08-11,Medium,13.244690251927322,1.0,1.0,10.733333333333334,3,0.7737307692307692,77.11538461538461,26,89.25,4,89.83333333333333,3.1666666666666665,1,5,0,2.6,4.0,1.0,2.0,13.244690251927322,High Performer,False,False,False,False,False,False,0.17151904360095094,24,Excellent
S1304,Maria Parker,Female,2026-01-18,Low,6.363513710222346,0.6333333333333333,0.3333333333333333,5.066666666666666,3,0.7585172413793103,73.0,29,77.0,3,75.83333333333333,2.6666666666666665,0,6,0,1.4,8.0,1.0,4.0,6.363513710222346,At Risk,True,False,False,True,False,False,0.3304527099773177,1392,Good
S1305,Kevin Oconnor,Other,2025-07-26,Medium,6.078301555755548,0.9,1.0,10.82,5,0.7532222222222222,77.14814814814815,27,75.0,2,80.83333333333333,2.6666666666666665,3,3,0,1.3,3.0,3.0,3.0,6.078301555755548,High Performer,False,False,False,True,False,False,0.2625875794439445,983,Good
S1306,Edward Burgess,Female,2025-10-26,High,14.320617475521184,0.9333333333333332,1.0,15.85,4,0.7185,72.78571428571429,28,87.5,4,89.33333333333333,1.5,4,2,0,1.5,10.0,1.0,3.0,14.320617475521184,Average Performer,False,False,False,False,False,False,0.20631512297786375,443,Good
S1307,Carlos Ryan,Male,2024-08-13,Medium,9.20451246490538,0.7,0.25,7.775,4,0.7377142857142857,73.35714285714286,28,67.0,2,80.5,5.0,0,6,0,1.4,6.0,1.0,4.0,9.20451246490538,Average Performer,True,False,False,True,False,False,0.3259244331234509,1447,Good
S1308,Kiara Mcintyre,Female,2025-03-29,High,16.23452785235991,0.8666666666666667,0.75,15.0,4,0.7086428571428571,73.35714285714286,28,76.5,2,79.0,3.333333333333333,1,5,0,1.7,10.0,2.0,7.0,16.23452785235991,Average Performer,False,False,False,False,False,False,0.2586541565595764,1089,Good
S1309,Dawn Summers,Male,2025-05-16,Medium,11.138487905299073,0.7666666666666667,1.0,9.566666666666666,3,0.74075,76.67857142857143,28,67.0,2,82.33333333333333,3.1666666666666665,3,3,0,1.2,5.0,3.0,2.0,11.138487905299073,Average Performer,False,False,False,False,False,False,0.3007621135700857,1371,Good
S1310,Dr. Paul Morgan,Male,2025-10-13,Medium,9.013930018177462,0.7,0.5,12.25,2,0.6520714285714285,62.32142857142857,28,72.0,2,78.16666666666667,4.833333333333333,1,5,0,1.7,10.0,3.0,7.0,9.013930018177462,Average Performer,True,False,False,True,False,False,0.3455937463831278,1487,Good
S1311,Victor Taylor,Male,2025-05-26,Low,7.554573729098041,0.7666666666666667,0.6666666666666666,6.8,3,0.70816,68.56,25,67.33333333333333,3,75.0,5.833333333333333,0,5,1,1.0,6.0,2.0,6.0,7.554573729098041,Average Performer,False,False,False,True,False,True,0.32983223234392156,1720,Good
S1312,Shannon Ramsey,Male,2025-04-03,Medium,18.200342730176967,0.9,1.0,16.96666666666667,3,0.7989642857142857,79.03571428571429,28,85.5,4,77.5,3.6666666666666665,1,5,0,1.6,8.0,0.0,5.0,18.200342730176967,High Performer,False,False,False,False,False,False,0.20255985746027189,620,Good
S1313,Tracy Ballard,Other,2025-10-14,Medium,11.724160728305598,0.7666666666666667,0.4,11.52,5,0.7947241379310345,79.65517241379311,29,70.33333333333333,3,77.33333333333333,2.333333333333333,1,5,0,1.2,7.0,4.0,2.0,11.724160728305598,Average Performer,False,False,False,False,False,False,0.28393902346659233,1329,Good
S1314,Richard Smith,Female,2024-10-10,Low,2.593622364307591,0.8,0.0,8.275,4,0.6826551724137931,67.44827586206897,29,58.5,2,70.5,3.8333333333333335,0,6,0,1.0,6.0,3.0,3.0,2.593622364307591,Average Performer,False,False,False,True,False,False,0.36596939236509307,1795,Good
S1315,Jordan Chambers,Female,2026-04-15,High,17.04828700440982,0.9666666666666668,1.0,12.333333333333334,3,0.8057272727272727,78.31818181818181,22,81.33333333333333,3,88.66666666666667,1.5,2,4,0,1.5,10.0,2.0,3.0,17.04828700440982,High Performer,False,False,False,False,False,False,0.1783277673374603,224,Excellent
S1316,Lauren Carson,Male,2025-08-10,Medium,10.214834565734575,0.9,0.3333333333333333,10.466666666666669,3,0.7977142857142857,77.5,28,61.66666666666666,3,84.0,3.8333333333333335,1,5,0,1.0,7.0,1.0,7.0,10.214834565734575,Average Performer,False,False,False,False,False,False,0.26081529453804453,1093,Good
S1317,Ashley Hall,Male,2024-10-12,Medium,20.189233496121577,0.6666666666666666,0.75,17.55,4,0.892265925925926,90.60714285714286,28,79.66666666666667,3,85.5,3.5,2,4,0,2.5,10.0,1.0,5.0,20.189233496121577,At Risk,True,False,False,False,False,False,0.22759713848191823,345,Good
S1318,Stephen Hoffman,Male,2026-01-14,Medium,5.867275721527983,0.9333333333333332,0.5,16.75,4,0.7821379310344827,79.6896551724138,29,78.25,4,83.5,3.5,0,6,0,1.6,10.0,2.0,4.0,5.867275721527983,High Performer,False,False,False,True,False,False,0.23560709805250196,532,Good
S1319,Connie Brown,Male,2026-01-02,Medium,11.321526236744162,0.6666666666666666,0.0,12.8,2,0.80875,81.0,24,72.5,4,75.83333333333333,3.1666666666666665,1,5,0,1.2,5.0,0.0,5.0,11.321526236744162,At Risk,True,False,False,False,False,False,0.303654517741473,1382,Good
S1320,Susan Turner,Female,2025-01-02,Low,8.631428740411659,0.8333333333333334,0.3333333333333333,6.633333333333333,3,0.7346956521739131,72.21739130434783,23,70.0,3,87.0,2.833333333333333,2,4,0,1.2,5.0,2.0,3.0,8.631428740411659,Average Performer,False,False,False,True,False,False,0.27917939916346357,1102,Good
S1321,Charles Shah,Female,2025-04-13,Medium,14.13991348017056,0.9,0.6666666666666666,12.4,3,0.7832666666666667,80.26666666666667,30,87.25,4,86.83333333333333,3.5,0,6,0,2.2,9.0,4.0,7.0,14.13991348017056,High Performer,False,False,False,False,False,False,0.19992021629957363,137,Excellent
S1322,Johnathan Davis,Female,2025-08-16,Medium,17.40844354493709,0.7333333333333333,0.6666666666666666,12.566666666666668,3,0.8512580645161291,85.41935483870968,31,76.33333333333333,3,77.66666666666667,2.1666666666666665,2,4,0,1.8,8.0,3.0,5.0,17.40844354493709,Average Performer,True,False,False,False,False,False,0.24860147178281858,872,Good
S1323,Brandy Chavez,Male,2025-08-21,Medium,13.168169056190536,0.6333333333333333,0.3333333333333333,11.2,3,0.6543076923076924,63.15384615384615,26,65.33333333333333,3,74.5,5.333333333333333,0,6,0,1.5,6.0,3.0,4.0,13.168169056190536,At Risk,True,False,False,False,False,True,0.37003726966721595,1747,Good
S1324,Natalie Bautista,Female,2026-04-18,Low,5.089340621693649,0.8,0.25,9.15,4,0.637,63.03448275862069,29,66.0,2,67.16666666666667,3.5,1,5,0,1.0,4.0,4.0,4.0,5.089340621693649,Average Performer,False,False,False,True,False,False,0.3634266484457659,1797,Good
S1325,Patrick Moore,Female,2026-03-13,Low,5.467813218830122,0.6333333333333333,0.3333333333333333,5.7,3,0.7967857142857142,76.92857142857143,28,82.5,2,73.16666666666667,5.5,0,6,0,1.0,7.0,2.0,6.0,5.467813218830122,At Risk,True,False,False,True,False,True,0.3142114193338771,1358,Good
S1326,Brett Burns,Female,2025-12-27,Low,1.0,0.5666666666666667,0.75,7.025,4,0.5914919565217391,59.51834838709678,23,71.0,3,78.83333333333333,3.8333333333333335,0,6,0,1.1,6.0,1.0,0.0,1.0,At Risk,True,False,False,True,False,False,0.4181357463768116,1739,Average
S1327,Trevor Johnson,Female,2025-04-16,High,16.980611124001705,0.9333333333333332,0.25,12.85,4,0.7506363636363637,79.04545454545455,22,78.66666666666667,3,82.0,2.6666666666666665,2,4,0,2.6,10.0,1.0,4.0,16.980611124001705,High Performer,False,False,False,False,False,False,0.21869089643241996,422,Good
S1328,Jeremy Sampson,Male,2024-12-03,Medium,13.927295556386571,0.9666666666666668,0.6666666666666666,7.566666666666666,3,0.7775555555555556,79.25925925925925,27,78.25,4,86.16666666666667,3.1666666666666665,2,4,0,2.2,7.0,3.0,5.0,13.927295556386571,High Performer,False,False,False,False,False,False,0.2044984277757002,208,Good
S1329,Ariana Jennings,Male,2025-11-16,High,18.207182216575045,0.9666666666666668,0.75,8.325,4,0.8666538461538462,86.6923076923077,26,74.5,2,79.16666666666667,3.1666666666666665,0,6,0,1.7,6.0,1.0,4.0,18.207182216575045,High Performer,False,False,False,False,False,False,0.1850692239457418,512,Excellent
S1330,Vanessa Howard,Male,2025-03-16,Medium,9.011138784913635,0.6666666666666666,0.6666666666666666,8.166666666666666,3,0.7363928571428572,73.64285714285714,28,65.5,2,79.0,5.166666666666667,0,6,0,2.1,6.0,1.0,4.0,9.011138784913635,At Risk,True,False,False,True,False,True,0.3403876292281921,1338,Good
S1331,Colton Martinez,Female,2025-05-05,High,16.46377137684896,0.9,1.0,13.2,3,0.7868518518518519,79.4074074074074,27,88.25,4,86.33333333333333,3.333333333333333,1,5,0,2.6,8.0,1.0,3.0,16.46377137684896,High Performer,False,False,False,False,False,False,0.19178501600232206,92,Excellent
S1332,Jordan Bates,Male,2025-06-30,Medium,9.03270105583196,0.7666666666666667,0.3333333333333333,8.299999999999999,3,0.74228125,75.03125,32,63.333333333333336,3,81.16666666666667,2.0,2,4,0,2.5,10.0,1.0,4.0,9.03270105583196,Average Performer,False,False,False,True,False,False,0.31465053902708673,1091,Good
S1333,Linda Smith,Male,2024-12-30,Medium,13.027272807549837,0.8,0.6666666666666666,7.633333333333333,3,0.6983103448275862,69.3103448275862,29,71.0,4,84.33333333333333,4.666666666666667,1,5,0,1.8,6.0,3.0,4.0,13.027272807549837,Average Performer,False,False,False,False,False,False,0.28943871453284953,1098,Good
S1334,Dana Martinez,Male,2025-08-16,High,13.658471880961606,0.9666666666666668,0.75,9.15,4,0.7944333333333333,81.36666666666666,30,76.25,4,78.5,3.1666666666666665,2,4,0,1.7,6.0,1.0,4.0,13.658471880961606,High Performer,False,False,False,False,False,False,0.2156071536309293,646,Good
S1335,Andrea Hubbard,Male,2025-12-02,Medium,18.29287720959351,0.8333333333333334,1.0,14.4,3,0.7997500000000001,79.67857142857143,28,82.75,4,77.83333333333333,6.5,0,6,0,2.2,8.0,1.0,3.0,18.29287720959351,Average Performer,False,False,False,False,False,True,0.22375947364268287,559,Good
S1336,Daniel Kane,Female,2026-05-16,Medium,10.389595049806829,0.8666666666666667,1.0,15.333333333333334,3,0.8052916666666666,77.04166666666667,24,70.33333333333333,3,81.16666666666667,4.166666666666667,1,5,0,2.1,6.0,5.0,4.0,10.389595049806829,High Performer,False,False,False,False,False,False,0.2533551790421496,693,Good
S1337,Charles Lester,Female,2026-03-30,Medium,5.534588656841588,0.9333333333333332,0.6666666666666666,20.666666666666668,3,0.7787999999999999,74.08,25,82.33333333333333,3,90.0,3.6666666666666665,0,6,0,1.9,8.0,1.0,3.0,5.534588656841588,High Performer,False,False,False,True,False,False,0.21952352835789607,197,Good
S1338,Scott Thomas,Male,2024-09-23,High,14.58212783650126,0.9333333333333332,0.5,12.75,4,0.8135925925925925,85.03703703703704,27,87.5,2,71.16666666666667,3.6666666666666665,2,4,0,1.6,6.0,3.0,4.0,14.58212783650126,High Performer,False,False,False,False,False,False,0.20438356929763576,624,Good
S1339,David Thompson,Male,2026-05-10,Medium,12.968249532110573,0.8333333333333334,1.0,7.5,2,0.8402962962962962,82.74074074074075,27,76.0,4,83.83333333333333,4.666666666666667,1,5,0,2.1,8.0,2.0,6.0,12.968249532110573,Average Performer,False,False,False,False,False,False,0.22940715394750139,429,Good
S1340,Allison Smith,Female,2026-05-18,Low,1.0,0.8666666666666667,0.5,6.725,4,0.7354838709677419,71.09677419354838,31,67.0,2,85.0,2.5,1,5,0,1.2,8.0,0.0,4.0,1.0,Average Performer,False,False,False,True,False,False,0.29868817204301074,1158,Good
S1341,Cynthia Morris,Male,2025-09-16,High,20.439173377530103,1.0,0.5,17.85,2,0.821,82.33333333333333,30,77.33333333333333,3,86.16666666666667,1.3333333333333333,3,3,0,2.900999999999999,10.0,3.0,3.0,20.439173377530103,High Performer,False,False,False,False,False,False,0.1686853998895081,60,Excellent
S1342,Anthony Harmon,Male,2025-01-09,High,21.56081521228955,0.9666666666666668,1.0,4.8,3,0.8434193548387097,85.51612903225806,31,83.66666666666667,3,87.5,2.6666666666666665,2,4,0,2.1,8.0,2.0,5.0,21.56081521228955,High Performer,False,False,False,False,False,False,0.1528221555176632,33,Excellent
S1343,Nichole Alvarez,Male,2025-03-07,Medium,13.1099145409125,0.7666666666666667,0.0,21.75,2,0.7297199999999999,70.16,25,84.66666666666667,3,86.5,3.1666666666666665,0,6,0,1.0,6.0,2.0,3.0,13.1099145409125,Average Performer,False,False,False,False,False,False,0.2575592136477188,972,Good
S1344,Kayla Rodriguez,Male,2025-02-17,Low,7.920344097591446,0.6,0.5,5.55,4,0.76825,76.46428571428571,28,72.25,4,85.0,7.0,0,6,0,1.0,7.0,0.0,3.0,7.920344097591446,At Risk,True,False,False,True,False,True,0.3277241397560214,1319,Good
S1345,Theresa Williams,Female,2024-09-01,Medium,6.362591139776004,0.8666666666666667,1.0,11.133333333333333,3,0.772375,81.59375,32,74.5,2,85.5,1.8333333333333333,3,3,0,2.7,7.0,4.0,3.0,6.362591139776004,High Performer,False,False,False,True,False,False,0.2584643554838933,442,Good
S1346,Sharon Boyd,Female,2025-03-14,Medium,7.9726732491230115,0.9,0.5,16.275,4,0.7273103448275862,72.03448275862068,29,79.0,2,81.66666666666667,3.5,0,6,0,1.3,10.0,1.0,4.0,7.9726732491230115,Average Performer,False,False,False,True,False,False,0.2563752134289166,930,Good
S1347,Victor Brown,Male,2025-10-15,Medium,9.462400842726218,0.5666666666666667,1.0,9.95,4,0.8011578947368421,76.21052631578948,19,80.25,4,82.5,5.166666666666667,0,6,0,1.6,8.0,1.0,3.0,9.462400842726218,At Risk,True,False,False,True,False,True,0.3100799628054652,883,Good
S1348,James Parks,Male,2025-06-04,Medium,7.731641269833846,0.8333333333333334,1.0,18.966666666666665,3,0.7288749999999999,75.25,24,68.5,4,77.0,3.1666666666666665,1,5,0,1.6,9.0,1.0,2.0,7.731641269833846,Average Performer,False,False,False,True,False,False,0.30117506349208206,1359,Good
S1349,Theodore Jones Jr.,Female,2026-04-12,High,6.853478842042776,0.9,0.3333333333333333,17.833333333333332,3,0.7817333333333333,80.7,30,75.33333333333333,3,83.16666666666667,4.0,1,5,0,1.7,7.0,1.0,4.0,6.853478842042776,High Performer,False,False,False,True,False,False,0.2479296362282264,643,Good
S1350,Ana Hill,Female,2025-01-18,Medium,8.60445816043615,0.8333333333333334,0.6666666666666666,14.333333333333334,3,0.7143913043478262,69.52173913043478,23,78.0,2,81.66666666666667,2.5,1,5,0,2.7,9.0,2.0,4.0,8.60445816043615,Average Performer,False,False,False,True,False,False,0.2773381299612284,722,Good
S1351,Kimberly Nguyen,Female,2025-11-24,Low,4.64763160297293,0.7333333333333333,0.6666666666666666,10.2,3,0.740125,76.54166666666667,24,66.5,2,81.33333333333333,5.5,0,6,0,1.0,9.0,3.0,7.0,4.64763160297293,Average Performer,True,False,False,True,False,True,0.32801008765923434,1516,Good
S1352,Kerry Chavez DDS,Female,2026-02-24,Medium,14.96419477069847,0.9,0.6666666666666666,18.166666666666668,3,0.8425185185185186,84.18518518518519,27,88.66666666666667,3,82.5,3.0,1,5,0,1.2,9.0,1.0,5.0,14.96419477069847,High Performer,False,False,False,False,False,False,0.18375062418436489,415,Excellent
S1353,Michael Farrell,Male,2024-10-06,Low,12.630971693294288,0.5333333333333333,0.25,7.75,4,0.6832333333333334,69.36666666666666,30,72.5,4,70.83333333333333,5.666666666666667,0,6,0,1.7,8.0,2.0,4.0,12.630971693294288,At Risk,True,False,False,False,False,True,0.3788692374334309,1655,Good
S1354,Patricia Le,Male,2026-02-04,Medium,13.666036217866033,0.9666666666666668,0.75,18.1,4,0.8031666666666667,79.5,24,81.0,2,81.83333333333333,2.833333333333333,0,6,0,1.8,5.0,1.0,6.0,13.666036217866033,High Performer,False,False,False,False,False,False,0.1984682427886682,336,Excellent
S1355,Jesse Perez,Female,2026-05-13,High,15.846774967908312,0.8666666666666667,0.6666666666666666,10.466666666666669,3,0.8564285714285714,85.82142857142857,28,75.0,2,86.66666666666667,2.0,2,4,0,1.8,9.0,2.0,6.0,15.846774967908312,High Performer,False,False,False,False,False,False,0.2067878244849911,382,Good
S1356,Jesse Perry,Male,2025-10-19,Low,6.634375635314353,0.7666666666666667,0.0,15.8,2,0.6946538461538462,71.07692307692308,26,67.75,4,83.33333333333333,3.8333333333333335,0,6,0,1.5,6.0,2.0,3.0,6.634375635314353,Average Performer,False,False,False,True,False,False,0.3228512403988936,1351,Good
S1357,Jeffery Ortega,Female,2024-10-08,High,12.380170980652194,0.9333333333333332,1.0,12.533333333333331,3,0.7979999999999999,77.72,25,91.0,3,83.83333333333333,2.6666666666666665,2,4,0,1.7,10.0,2.0,2.0,12.380170980652194,High Performer,False,False,False,False,False,False,0.18856623921503624,231,Excellent
S1358,Christian Leblanc,Female,2025-10-29,Medium,16.331847550801154,0.7666666666666667,0.5,8.45,2,0.7896666666666667,75.29166666666667,24,72.5,2,85.16666666666667,4.833333333333333,0,6,0,1.8,5.0,3.0,5.0,16.331847550801154,Average Performer,False,False,False,False,False,False,0.25785371445633043,801,Good
S1359,Ronald Davis,Female,2025-04-14,High,17.384934315960514,0.9666666666666668,0.75,7.800000000000001,4,0.8336153846153846,82.6923076923077,26,78.0,4,78.83333333333333,3.6666666666666665,1,5,0,1.0,10.0,3.0,8.0,17.384934315960514,High Performer,False,False,False,False,False,False,0.19053638215881663,754,Excellent
S1360,Parker Cain,Male,2025-02-24,High,7.523321060252832,0.9333333333333332,0.6666666666666666,23.027249999999995,3,0.7962068965517242,76.6896551724138,29,84.66666666666667,3,80.33333333333333,3.5,1,5,0,2.0,10.0,1.0,5.0,7.523321060252832,High Performer,False,False,False,True,False,False,0.21916296171718405,343,Good
S1361,Laurie Hoffman,Female,2024-09-17,Medium,7.080052213242685,0.7333333333333333,0.5,11.625,4,0.7095416666666666,67.70833333333333,24,75.0,2,76.33333333333333,4.833333333333333,0,6,0,1.0,9.0,3.0,2.0,7.080052213242685,Average Performer,True,False,False,True,False,False,0.32160403613356,1596,Good
S1362,Bryan Gomez,Male,2025-10-09,Medium,10.360001980235491,0.9666666666666668,1.0,19.566666666666663,3,0.7608387096774193,74.2258064516129,31,86.5,2,81.33333333333333,4.666666666666667,0,6,0,1.0,6.0,2.0,3.0,10.360001980235491,High Performer,False,False,False,False,False,False,0.2091817154795188,699,Good
S1363,Nicole Parrish,Female,2026-04-10,Medium,5.512913670424783,0.5,1.0,4.4,2,0.7112903225806452,69.41935483870968,31,68.5,2,82.5,5.5,0,6,0,2.2,4.0,3.0,5.0,5.512913670424783,At Risk,True,False,False,True,False,True,0.3870806190497445,1274,Good
S1364,Tracy Burke,Female,2025-09-12,Medium,13.989936489584414,0.8333333333333334,0.6666666666666666,12.833333333333334,3,0.7705217391304349,75.95652173913044,23,83.5,4,80.66666666666667,5.0,0,6,0,1.6,7.0,0.0,6.0,13.989936489584414,Average Performer,False,False,False,False,False,False,0.23753530370357517,739,Good
S1365,Kenneth Lewis,Male,2025-07-31,High,15.058835681198913,1.0,0.5,11.7,4,0.8332666666666667,81.83333333333333,30,82.75,4,73.83333333333333,2.1666666666666665,3,3,0,2.2,8.0,1.0,5.0,15.058835681198913,High Performer,False,False,False,False,False,False,0.18612291079700272,327,Excellent
S1366,Courtney Rodriguez,Other,2025-06-23,High,13.284739841138512,0.9,0.5,5.9,2,0.8547199999999999,84.24,25,77.5,2,90.16666666666669,1.0,2,4,0,2.1,7.0,1.0,4.0,13.284739841138512,High Performer,False,False,False,False,False,False,0.1951221503971537,139,Excellent
S1367,Holly Farmer,Female,2025-01-05,Medium,7.277740083398335,0.8666666666666667,0.75,12.925,4,0.7218000000000001,74.68,25,70.0,2,78.5,3.5,0,6,0,1.2,6.0,2.0,5.0,7.277740083398335,Average Performer,False,False,False,True,False,False,0.2908489831248375,1389,Good
S1368,Renee Bruce,Male,2025-04-22,Medium,16.947087616666852,0.8,1.0,9.633333333333333,3,0.8853846153846153,90.60857142857144,26,78.0,3,87.5,1.5,3,3,0,1.0,9.0,4.0,5.0,16.947087616666852,Average Performer,False,False,False,False,False,False,0.20476689634294823,654,Good
S1369,Sabrina Austin,Male,2026-04-06,Medium,10.238892318381968,1.0,1.0,10.4,1,0.82225,81.39285714285714,28,77.25,4,85.33333333333333,1.3333333333333333,2,4,0,2.1,10.0,3.0,4.0,10.238892318381968,High Performer,False,False,False,False,False,False,0.19522776920404508,142,Excellent
S1370,Allison Hickman,Male,2024-09-24,Medium,7.402249085850943,0.6,1.0,13.633333333333333,3,0.6361851851851852,61.77777777777778,27,56.333333333333336,3,72.5,3.5,0,6,0,1.0,6.0,0.0,2.0,7.402249085850943,At Risk,True,False,False,True,False,False,0.4192221550631504,1868,Average
S1371,Debra White,Male,2025-12-15,Low,1.6260372819080091,0.5,0.5,6.625,4,0.6846206896551724,65.34482758620689,29,60.66666666666666,3,72.83333333333333,4.5,0,6,0,1.1,8.0,3.0,7.0,1.6260372819080091,At Risk,True,False,False,True,False,False,0.43496536656534496,1841,Average
S1372,Ellen Morgan,Male,2026-04-27,Medium,18.043910210141448,0.9666666666666668,0.5,9.15,2,0.8656896551724138,87.48275862068965,29,72.5,2,83.0,1.6666666666666667,1,5,0,2.900999999999999,7.0,3.0,4.0,18.043910210141448,High Performer,False,False,False,False,False,False,0.18401666125625554,177,Excellent
S1373,Sergio Knight,Female,2025-03-18,Medium,9.61122690983089,0.9333333333333332,0.6666666666666666,11.533333333333331,3,0.7348275862068965,70.72413793103448,29,79.0,2,78.66666666666667,1.8333333333333333,2,4,0,2.7,7.0,1.0,4.0,9.61122690983089,Average Performer,False,False,False,True,False,False,0.24619032353002052,579,Good
S1374,Charles Schultz,Male,2025-08-22,Medium,15.780226112548702,0.8,0.3333333333333333,10.033333333333331,3,0.76788,77.08,25,74.33333333333333,3,81.83333333333333,3.5,1,5,0,2.6,5.0,3.0,4.0,15.780226112548702,Average Performer,False,False,False,False,False,False,0.2587687680519616,706,Good
S1375,Paul Lewis,Male,2026-04-12,Medium,10.856187772523656,0.7333333333333333,0.3333333333333333,4.866666666666666,3,0.7579696969696971,76.51515151515152,33,66.5,2,74.5,3.8333333333333335,2,4,0,1.3,7.0,1.0,5.0,10.856187772523656,Average Performer,True,False,False,False,False,False,0.31738528814444844,1572,Good
S1376,Glen Wood,Female,2025-03-16,Medium,9.38053533468003,1.0,1.0,14.075,4,0.8123666666666668,81.06666666666666,30,76.25,4,86.66666666666667,3.5,0,6,0,2.7,5.0,2.0,2.0,9.38053533468003,High Performer,False,False,False,True,False,False,0.2003386616632999,86,Good
S1377,Paula Bradley,Male,2025-06-28,Low,10.100777947952482,0.8666666666666667,1.0,13.15,4,0.8087741935483871,82.19354838709677,31,75.0,4,84.16666666666667,1.8333333333333333,3,3,0,1.3,10.0,1.0,4.0,10.100777947952482,High Performer,False,False,False,False,False,False,0.23919913039893598,731,Good
S1378,Anthony Moore,Female,2025-12-24,Medium,6.442350496585143,0.8,0.6666666666666666,13.4,3,0.8071612903225805,79.45161290322581,31,68.66666666666667,3,80.5,3.0,1,5,0,1.7,8.0,2.0,8.0,6.442350496585143,Average Performer,False,False,False,True,False,False,0.2836624033284296,984,Good
S1379,Megan Nelson,Male,2025-09-19,Low,1.0,0.6666666666666666,0.0,14.633333333333336,3,0.5914919565217391,59.51834838709678,24,67.0,3,77.0,4.166666666666667,1,5,0,1.3,7.0,1.0,6.0,1.0,At Risk,True,False,False,True,False,False,0.4038857463768115,1743,Average
S1380,Karla Ramos,Male,2025-03-27,Low,1.4467945951529708,0.7666666666666667,1.0,14.775,4,0.7142333333333333,72.8,30,59.66666666666666,3,76.5,6.166666666666667,0,6,0,1.0,10.0,1.0,5.0,1.4467945951529708,Average Performer,False,False,False,True,False,True,0.3563630135121176,1732,Good
S1381,Paul Wilson,Female,2024-12-29,Low,7.759279893638236,0.6666666666666666,0.75,13.65,4,0.6263333333333333,66.26666666666667,30,61.0,3,75.5,3.333333333333333,1,5,0,1.6,9.0,1.0,4.0,7.759279893638236,At Risk,True,False,False,True,False,False,0.3907851335992378,1744,Good
S1382,Douglas Gregory,Female,2025-06-13,Low,11.442732428510036,0.7666666666666667,0.3333333333333333,14.733333333333334,3,0.7285,74.23333333333333,30,81.33333333333333,3,79.5,4.666666666666667,0,6,0,1.6,6.0,2.0,5.0,11.442732428510036,Average Performer,False,False,False,False,False,False,0.2792598355953916,1077,Good
S1383,Mr. Andrew Foster,Female,2025-06-04,Medium,16.764876808169507,0.8666666666666667,1.0,12.225,4,0.8243333333333333,83.20833333333333,24,81.0,4,88.66666666666667,3.8333333333333335,0,6,0,2.7,8.0,1.0,6.0,16.764876808169507,High Performer,False,False,False,False,False,False,0.1991211413129096,104,Excellent
S1384,Aimee Turner,Female,2025-02-07,Medium,16.873666863762136,0.9666666666666668,1.0,16.119999999999997,5,0.7881153846153846,81.07692307692308,26,77.0,2,78.83333333333333,3.333333333333333,0,6,0,2.7,8.0,2.0,7.0,16.873666863762136,High Performer,False,False,False,False,False,False,0.20746455078931259,402,Good
S1385,Chad Scott,Female,2025-11-24,Medium,13.00659857294098,0.7666666666666667,1.0,5.0,2,0.8342222222222223,79.33333333333333,27,72.0,2,78.5,4.166666666666667,1,5,0,1.9,6.0,3.0,3.0,13.00659857294098,Average Performer,False,False,False,False,False,False,0.2638001702343142,898,Good
S1386,Adam Burgess,Male,2025-08-31,Medium,11.837996766433742,0.9666666666666668,0.6666666666666666,15.366666666666667,3,0.7729,79.5,30,74.0,4,83.0,2.5,2,4,0,2.3,10.0,3.0,7.0,11.837996766433742,High Performer,False,False,False,False,False,False,0.22436834141724893,412,Good
S1387,James Padilla,Male,2025-07-14,Medium,6.091925491027886,0.9666666666666668,1.0,7.633333333333333,3,0.8061250000000001,77.08333333333333,24,72.5,4,82.83333333333333,2.5,1,5,0,2.2,6.0,1.0,4.0,6.091925491027886,High Performer,False,False,False,True,False,False,0.2320160196057636,372,Good
S1388,Sandra Drake,Female,2025-12-30,Medium,18.14928273149784,0.8333333333333334,0.6666666666666666,18.03333333333333,3,0.8646451612903225,86.58064516129032,31,89.66666666666667,3,82.0,2.833333333333333,0,6,0,2.1,9.0,3.0,5.0,18.14928273149784,Average Performer,False,False,False,False,False,False,0.18456657811749197,211,Excellent
S1389,Scott Williams,Female,2026-03-11,Medium,10.679847256692518,0.9,0.75,11.65,4,0.7779032258064517,77.74193548387096,31,62.25,4,78.0,2.833333333333333,3,3,0,1.7,7.0,3.0,5.0,10.679847256692518,Average Performer,False,False,False,False,False,False,0.2734294141163332,1116,Good
S1390,Thomas Atkins,Other,2025-09-25,Medium,10.758038935715442,0.7666666666666667,1.0,14.1,3,0.7738181818181818,78.63636363636364,22,73.0,4,86.0,4.666666666666667,0,6,0,1.0,8.0,2.0,3.0,10.758038935715442,Average Performer,False,False,False,False,False,False,0.27429278144859015,1131,Good
S1391,Laura Mckinney,Male,2024-12-14,High,23.343665431403963,0.9333333333333332,1.0,9.166666666666666,3,0.792875,79.33333333333333,24,82.5,2,80.66666666666667,2.333333333333333,3,3,0,2.3,6.0,4.0,6.0,22.628166883106164,High Performer,False,False,False,False,False,False,0.18623374945890125,289,Excellent
S1392,Brian Smith,Male,2026-06-11,Medium,8.279536270640833,0.7666666666666667,0.75,10.7,4,0.7131000000000001,70.1,30,73.66666666666667,3,80.16666666666667,3.6666666666666665,1,5,0,1.0,6.0,1.0,0.0,8.279536270640833,Average Performer,False,False,False,True,False,False,0.3061211593233979,1473,Good
S1393,Robert Montgomery,Female,2024-08-10,High,21.054384399520263,0.9,0.6666666666666666,14.300000000000002,3,0.8429354838709677,85.48387096774194,31,83.33333333333333,3,85.66666666666667,0.8333333333333334,3,3,0,2.3,9.0,2.0,7.0,21.054384399520263,High Performer,False,False,False,False,False,False,0.17431672717324237,93,Excellent
S1394,Tamara Davis,Male,2025-11-26,Low,2.5172837481507457,0.8666666666666667,0.5,12.0,4,0.69028,67.56,25,68.33333333333333,3,70.16666666666667,3.8333333333333335,0,6,0,1.6,8.0,0.0,4.0,2.5172837481507457,Average Performer,False,False,False,True,False,False,0.3280394572962898,1498,Good
S1395,Dana Chapman,Female,2026-01-24,Medium,10.927043220021972,1.0,1.0,15.2,3,0.681888888888889,70.33333333333333,27,72.0,4,88.5,3.6666666666666665,2,4,0,2.2,10.0,0.0,4.0,10.927043220021972,Average Performer,False,False,False,False,False,False,0.24136572528327838,523,Good
S1396,Jennifer Collins,Female,2025-08-31,High,17.519682397938162,0.9333333333333332,1.0,14.0,3,0.8056451612903226,80.0,31,71.5,2,78.66666666666667,2.6666666666666665,2,4,0,1.3,9.0,0.0,0.0,17.519682397938162,High Performer,False,False,False,False,False,False,0.2201739122847245,913,Good
S1397,Gary Jackson,Male,2026-05-28,High,12.17579674697283,0.9666666666666668,0.75,14.75,4,0.8723214285714286,87.46428571428571,28,76.0,2,79.16666666666667,2.1666666666666665,2,4,0,1.3,8.0,3.0,5.0,12.17579674697283,High Performer,False,False,False,False,False,False,0.19544741289447265,604,Excellent
S1398,Ashley Hicks,Female,2024-12-18,Medium,13.892081657488747,0.9666666666666668,1.0,15.625,4,0.7416666666666667,72.875,24,81.0,2,87.0,2.5,0,6,0,1.3,8.0,1.0,6.0,13.892081657488747,Average Performer,False,False,False,False,False,False,0.20860312918961144,528,Good
S1399,Hannah Luna,Female,2025-10-18,Medium,14.640081215110287,0.8,0.5,9.65,4,0.7175714285714285,73.25,28,83.0,3,82.83333333333333,3.0,0,6,0,2.6,7.0,1.0,3.0,14.640081215110287,Average Performer,False,False,False,False,False,False,0.25787836839079575,625,Good
S1400,Robin Young,Male,2025-08-18,Medium,9.161791734454388,0.8333333333333334,0.3333333333333333,10.2,3,0.7129333333333333,69.9,30,71.5,2,77.5,3.1666666666666665,2,4,0,1.4,7.0,1.0,5.0,9.161791734454388,Average Performer,False,False,False,True,False,False,0.2956321873305307,1393,Good
S1401,Craig Morrison,Female,2025-01-08,High,17.898158880357173,0.9666666666666668,0.5,12.125,4,0.8676071428571428,90.60857142857144,28,79.75,4,86.5,3.333333333333333,2,4,0,2.5,7.0,2.0,2.0,17.898158880357173,High Performer,False,False,False,False,False,False,0.16405579327529757,34,Excellent
S1402,Mary Thompson,Female,2025-12-22,Medium,4.275278858293346,0.9,0.5,7.375,4,0.8425555555555555,82.81481481481481,27,68.33333333333333,3,84.5,2.833333333333333,1,5,0,1.0,5.0,1.0,2.0,4.275278858293346,Average Performer,False,False,False,True,False,False,0.24812846952093331,867,Good
S1403,Kathleen Webster,Female,2026-04-27,Medium,8.65090587736145,0.7666666666666667,0.5,4.15,2,0.7238235294117646,73.1470588235294,34,73.0,3,73.33333333333333,5.833333333333333,0,5,1,1.9,8.0,3.0,4.0,8.65090587736145,Average Performer,False,False,False,True,False,True,0.3135590098164003,1360,Good
S1404,Joann Glass,Male,2026-02-23,Medium,10.759101403025998,0.5666666666666667,0.3333333333333333,6.5,3,0.6651923076923077,65.5,26,79.5,2,70.16666666666667,4.333333333333333,0,6,0,1.4,9.0,1.0,7.0,10.759101403025998,At Risk,True,False,False,False,False,False,0.367627887518076,1618,Good
S1405,Madison Weber,Female,2026-07-25,Medium,15.360007769305705,0.9333333333333332,1.0,19.933333333333334,3,0.8088076923076923,80.11538461538461,26,77.5,2,83.83333333333333,3.333333333333333,1,5,0,2.1,10.0,1.0,2.0,15.360007769305705,High Performer,False,False,False,False,False,False,0.20487433955109474,282,Good
S1406,Lori Hernandez,Male,2025-07-24,Medium,11.836229037529138,0.9333333333333332,0.6666666666666666,12.333333333333334,3,0.723,73.67857142857143,28,83.25,4,77.16666666666667,2.1666666666666665,2,4,0,1.8,7.0,3.0,4.0,11.836229037529138,Average Performer,False,False,False,False,False,False,0.23792609407284387,785,Good
S1407,Jeremy Turner,Male,2025-02-20,High,14.628065987088895,0.9666666666666668,0.6666666666666666,14.533333333333331,3,0.7348846153846154,71.26923076923077,26,83.0,2,79.16666666666667,2.0,3,3,0,1.0,9.0,2.0,5.0,14.628065987088895,Average Performer,False,False,False,False,False,False,0.21654778375022649,924,Good
S1408,Anthony Romero,Female,2026-07-24,Low,8.002468914368887,0.8,0.3333333333333333,7.733333333333333,3,0.7564444444444445,74.03703703703704,27,65.0,4,76.0,3.333333333333333,1,5,0,1.8,6.0,1.0,3.0,8.002468914368887,Average Performer,False,False,False,True,False,False,0.30906049438074445,1343,Good
S1409,Jesse Brown,Male,2025-12-04,Medium,10.970665235604756,0.9,0.0,15.266666666666666,3,0.8100714285714286,79.67857142857143,28,81.0,4,77.0,4.333333333333333,0,6,0,1.0,6.0,3.0,6.0,10.970665235604756,High Performer,False,False,False,False,False,False,0.22705190833955952,912,Good
S1410,Angela Lin,Male,2025-09-13,Medium,14.308981027603284,0.8666666666666667,0.5,13.35,2,0.6241666666666666,64.0,24,74.75,4,79.0,2.5,2,4,0,2.5,9.0,1.0,6.0,14.308981027603284,Average Performer,False,False,False,False,False,False,0.2923108807643251,1008,Good
S1411,Lisa Hunter,Female,2026-04-16,High,11.83791895734058,0.9666666666666668,1.0,9.0,4,0.829655172413793,82.58620689655173,29,89.0,2,92.16833333333334,3.0,2,4,0,2.0,7.0,1.0,5.0,11.83791895734058,High Performer,False,False,False,False,False,False,0.16358948421584393,23,Excellent
S1412,Julian Conner,Female,2025-11-16,Medium,8.818753191102747,0.8666666666666667,0.5,13.625,4,0.62228,65.52,25,78.75,4,74.33333333333333,3.8333333333333335,1,5,0,1.4,6.0,2.0,5.0,8.818753191102747,Average Performer,False,False,False,True,False,False,0.3056024503555764,1376,Good
S1413,Joanna Pacheco,Female,2026-05-20,High,14.46032112419535,1.0,0.6666666666666666,14.666666666666666,3,0.8673333333333333,87.66666666666667,27,94.0,3,85.33333333333333,0.6666666666666666,4,2,0,1.7,10.0,3.0,5.0,14.46032112419535,High Performer,False,False,False,False,False,False,0.13764919718951169,44,Excellent
S1414,Erica Alvarez,Female,2026-03-16,Medium,8.515467237865984,0.8333333333333334,0.6666666666666666,12.333333333333334,3,0.8152424242424242,83.0,33,79.0,2,86.5,3.5,1,5,0,1.0,6.0,0.0,3.0,8.515467237865984,Average Performer,False,False,False,True,False,False,0.2380552712992744,720,Good
S1415,Antonio Garcia,Male,2026-07-01,Low,8.031152443531786,0.6,0.25,7.075,4,0.6113571428571428,62.642857142857146,28,72.75,4,77.66666666666667,4.333333333333333,0,6,0,1.4,4.0,1.0,5.0,8.031152443531786,At Risk,True,False,False,True,False,False,0.3845149760340276,1651,Good
S1416,Gwendolyn Klein,Male,2025-06-28,Medium,6.100638693193763,0.8,0.6666666666666666,10.566666666666666,3,0.7264642857142858,71.17857142857143,28,67.5,4,77.16666666666667,4.666666666666667,0,6,0,1.0,8.0,2.0,5.0,6.100638693193763,Average Performer,False,False,False,True,False,False,0.31605911755272986,1603,Good
S1417,Carrie Wright,Male,2026-07-22,High,7.329527714148769,0.9333333333333332,0.5,16.65,2,0.7723793103448277,78.62068965517241,29,81.75,4,75.33333333333333,2.333333333333333,0,6,0,1.2,4.0,2.0,5.0,7.329527714148769,High Performer,False,False,False,True,False,False,0.24012905427784648,905,Good
S1418,Jeffrey Mills,Female,2025-10-09,High,9.689743823501669,0.9333333333333332,0.5,11.875,4,0.7928,82.53333333333333,30,79.0,3,81.66666666666667,3.333333333333333,2,3,1,1.1,7.0,1.0,5.0,9.689743823501669,High Performer,False,False,False,True,False,False,0.2241023071079125,715,Good
S1419,Jake Campbell,Female,2026-02-11,Medium,11.615255076907728,0.8,0.75,11.8,4,0.7668260869565218,77.69565217391305,23,81.75,4,78.83333333333333,2.0,1,5,0,1.5,10.0,2.0,3.0,11.615255076907728,Average Performer,False,False,False,False,False,False,0.2591640362207741,954,Good
S1420,George Harper,Female,2025-11-25,High,10.831608636001675,0.9666666666666668,1.0,12.6,3,0.8196428571428571,82.21428571428571,28,78.5,2,83.0,1.8333333333333333,1,5,0,1.6,10.0,1.0,3.0,10.831608636001675,High Performer,False,False,False,False,False,False,0.20386145460047198,384,Good
S1421,Maria Jones,Female,2024-09-11,High,13.189237496391415,0.9333333333333332,0.6666666666666666,9.066666666666666,3,0.7708799999999999,75.28,25,74.33333333333333,3,85.5,3.0,2,4,0,1.7,7.0,1.0,4.0,13.189237496391415,High Performer,False,False,False,False,False,False,0.22551290625902154,557,Good
S1422,Michael Mitchell,Male,2025-09-05,Low,13.129123983288984,0.9,0.5,5.8,4,0.8016800000000001,79.0,25,83.66666666666667,3,84.66666666666667,2.6666666666666665,2,4,0,2.6,5.0,2.0,4.0,13.129123983288984,High Performer,False,False,False,False,False,False,0.20733985670844418,150,Good
S1423,Mary Escobar,Female,2024-12-29,Medium,15.91518823824132,0.9,0.75,12.275,4,0.8574814814814815,86.74074074074075,27,77.33333333333333,3,85.0,2.1666666666666665,1,5,0,2.0,10.0,3.0,6.0,15.91518823824132,High Performer,False,False,False,False,False,False,0.19580091829328555,255,Excellent
S1424,Felicia Aguilar,Male,2025-05-05,Medium,16.695959524047392,0.9333333333333332,0.6666666666666666,14.9,3,0.8347083333333334,84.83333333333333,24,82.0,4,81.16666666666667,2.833333333333333,1,5,0,2.2,8.0,4.0,4.0,16.695959524047392,High Performer,False,False,False,False,False,False,0.18876426785654815,202,Excellent
S1425,Gregory Ponce,Female,2025-07-21,Low,9.706472180673549,0.6,0.5,6.45,2,0.6792307692307692,69.53846153846153,26,74.33333333333333,3,79.16666666666667,5.333333333333333,1,5,0,2.2,5.0,1.0,3.0,9.706472180673549,At Risk,True,False,False,True,False,True,0.35454792211241876,1296,Good
S1426,Jenna Larson,Male,2024-11-18,High,20.827601535756564,1.0,1.0,9.533333333333331,3,0.8813846153846154,87.57692307692308,26,88.66666666666667,3,84.83333333333333,1.8333333333333333,3,3,0,2.2,10.0,2.0,4.0,20.827601535756564,High Performer,False,False,False,False,False,False,0.12893227821189063,13,Excellent
S1427,Emily Bennett,Female,2025-01-29,Low,2.544376370793666,0.4666666666666667,0.3333333333333333,10.1,3,0.6088,62.36,25,65.0,2,74.83333333333333,5.833333333333333,0,6,0,1.3,7.0,0.0,4.0,2.544376370793666,At Risk,True,False,False,True,False,True,0.4520823924063492,1819,Average
S1428,Robin Santiago,Male,2024-11-20,Medium,6.666368737441523,0.7666666666666667,0.75,12.175,4,0.854375,82.5,24,75.0,4,74.0,4.333333333333333,1,5,0,1.8,9.0,2.0,4.0,6.666368737441523,Average Performer,False,False,False,True,False,False,0.27435491148972957,964,Good
S1429,Nancy Jennings,Male,2026-02-26,Low,2.635963088907723,0.5333333333333333,0.3333333333333333,7.433333333333334,3,0.5914919565217391,61.2258064516129,31,64.0,2,80.0,6.333333333333333,0,6,0,1.0,9.0,1.0,2.0,2.635963088907723,At Risk,True,False,False,True,False,True,0.43462917198787554,1803,Average
S1430,Maria Henderson,Male,2026-01-10,Medium,15.944243072082749,0.8666666666666667,0.6666666666666666,16.7,3,0.892265925925926,89.21739130434783,23,82.5,2,90.0,2.833333333333333,0,6,0,1.7,8.0,3.0,4.0,15.944243072082749,High Performer,False,False,False,False,False,False,0.17579294787534866,172,Excellent
S1431,Jack White,Female,2026-03-13,Low,10.190305485491038,0.6666666666666666,0.25,7.649999999999999,4,0.7758620689655172,82.27586206896552,29,62.25,4,80.0,5.833333333333333,1,5,0,2.1,5.0,3.0,4.0,10.190305485491038,At Risk,True,False,False,False,False,True,0.33059894892995056,1208,Good
S1432,Travis Tucker,Female,2025-03-17,Low,2.924061280894011,0.8,1.0,12.433333333333332,3,0.6825416666666667,71.25,24,87.0,2,81.66666666666667,6.333333333333333,0,6,0,1.4,6.0,2.0,3.0,2.924061280894011,Average Performer,False,False,False,True,False,True,0.29142734679776494,998,Good
S1433,Chad Jones,Male,2026-05-13,Medium,11.327064161621184,0.8333333333333334,0.3333333333333333,8.6,3,0.7988214285714286,80.42857142857143,28,74.5,4,84.83333333333333,2.333333333333333,2,4,0,1.3,5.0,1.0,6.0,11.327064161621184,Average Performer,False,False,False,False,False,False,0.24745257769118512,810,Good
S1434,Ashley Wise,Male,2025-06-30,Low,2.6043469495046976,0.8666666666666667,1.0,17.2,3,0.75964,77.24,25,84.0,4,75.83333333333333,2.6666666666666665,1,5,0,2.3,7.0,1.0,5.0,2.6043469495046976,High Performer,False,False,False,True,False,False,0.26718046595957157,671,Good
S1435,Sophia Johnson,Female,2025-06-10,Medium,12.135314120983864,0.7,0.6666666666666666,12.3,3,0.7015483870967743,71.03225806451613,31,66.0,2,87.0,5.166666666666667,1,5,0,1.8,6.0,0.0,6.0,12.135314120983864,Average Performer,True,False,False,False,False,True,0.3216971985685081,1205,Good
S1436,Ralph Anderson,Male,2025-03-31,Medium,17.831152201335303,0.8666666666666667,1.0,14.066666666666668,3,0.8580000000000001,88.45454545454545,22,84.0,2,85.5,2.833333333333333,1,5,0,2.4,9.0,2.0,4.0,17.831152201335303,High Performer,False,False,False,False,False,False,0.18510545282999502,105,Excellent
S1437,Christopher Guerra,Female,2026-05-26,Medium,3.578629619796065,0.9666666666666668,0.6666666666666666,9.133333333333333,3,0.7713461538461538,76.38461538461539,26,75.75,4,76.0,3.333333333333333,1,5,0,1.2,7.0,1.0,4.0,3.578629619796065,High Performer,False,False,False,True,False,False,0.25248291312999704,981,Good
S1438,Rhonda Martin,Female,2026-05-02,Medium,9.287056343102162,0.8666666666666667,1.0,6.475,4,0.7985666666666666,81.03333333333333,30,67.75,4,80.0,3.8333333333333335,2,4,0,2.4,7.0,1.0,3.0,9.287056343102162,Average Performer,False,False,False,True,False,False,0.26504569247557797,736,Good
S1439,Jason Rhodes,Male,2026-07-04,High,13.064890301102343,0.9333333333333332,1.0,19.65,4,0.838625,83.375,24,84.5,2,83.0,4.0,1,5,0,1.4,10.0,0.0,6.0,13.064890301102343,High Performer,False,False,False,False,False,False,0.18891694091391087,341,Excellent
S1440,Jeremy Mitchell,Male,2024-09-15,Medium,13.385478025258658,0.8666666666666667,1.0,8.5,3,0.8024074074074073,79.66666666666667,27,73.5,4,80.5,1.3333333333333333,4,2,0,1.2,10.0,3.0,4.0,13.385478025258658,High Performer,False,False,False,False,False,False,0.2413974160479645,966,Good
S1441,Joann Ferguson,Other,2025-12-01,Medium,13.115941280620437,0.8333333333333334,1.0,12.65,4,0.79304,76.48,25,80.25,4,72.83333333333333,2.6666666666666665,2,4,0,1.0,6.0,3.0,4.0,13.115941280620437,Average Performer,False,False,False,False,False,False,0.2512148134651156,1214,Good
S1442,Robert Harrison,Male,2025-01-01,Low,5.27173914569044,0.5666666666666667,0.5,4.4,4,0.6905454545454546,65.9090909090909,22,66.25,4,71.0,3.6666666666666665,0,6,0,1.0,3.0,1.0,7.0,5.27173914569044,At Risk,True,False,False,True,False,False,0.3989903491054708,1838,Good
S1443,Holly Valentine,Male,2026-05-15,Low,4.72284525586241,0.6666666666666666,0.5,9.125,4,0.6437931034482759,61.37931034482759,29,57.25,4,82.0,4.666666666666667,1,5,0,2.5,5.0,1.0,7.0,4.72284525586241,At Risk,True,False,False,True,False,False,0.3908882891591946,1369,Good
S1444,Mrs. Diane Reyes,Female,2025-06-12,Medium,11.222156728665144,1.0,1.0,8.1,3,0.7995384615384615,79.5,26,74.25,4,75.0,1.5,3,3,0,1.9,6.0,2.0,2.0,11.222156728665144,High Performer,False,False,False,False,False,False,0.22108306971679867,683,Good
S1445,Tracy Montoya,Female,2025-02-19,Medium,12.697897004278538,0.8,0.6666666666666666,14.933333333333332,3,0.8371071428571428,86.67857142857143,28,78.0,2,80.0,3.0,2,4,0,1.6,8.0,2.0,5.0,12.697897004278538,Average Performer,False,False,False,False,False,False,0.2411231146321608,750,Good
S1446,Brenda Wright,Other,2026-04-27,Medium,13.076990997731428,0.9333333333333332,0.6,10.66,5,0.8512962962962963,83.37037037037037,27,81.0,2,84.33333333333333,5.333333333333333,1,5,0,1.0,5.0,2.0,2.0,13.076990997731428,High Performer,False,False,False,False,False,True,0.19008530028344922,494,Excellent
S1447,Shelly Spencer,Female,2025-03-06,High,15.199241475586168,0.9,0.5,9.0,4,0.7304761904761905,70.71428571428571,21,88.0,2,75.33333333333333,3.333333333333333,1,5,0,2.1,8.0,2.0,4.0,15.199241475586168,Average Performer,False,False,False,False,False,False,0.22885903916817743,710,Good
S1448,Ryan Rosales,Male,2025-12-10,High,10.391826066173046,0.8,0.6666666666666666,5.566666666666666,3,0.686037037037037,67.88888888888889,27,85.0,2,79.33333333333333,2.5,3,3,0,1.3,7.0,1.0,4.0,10.391826066173046,Average Performer,False,False,False,False,False,False,0.27920932372345625,1165,Good
S1449,Phillip Nelson,Male,2024-11-28,Medium,8.399996029103937,0.9,0.5,19.75,2,0.8185,84.76923076923077,26,78.5,2,77.33333333333333,4.5,0,6,0,1.3,9.0,1.0,3.0,8.399996029103937,High Performer,False,False,False,True,False,False,0.23545000992724013,827,Good
S1450,Brittany Kim,Female,2025-02-11,Medium,13.394527168219186,0.6666666666666666,0.6666666666666666,9.433333333333334,3,0.7172499999999999,68.60714285714286,28,66.0,2,79.66666666666667,2.1666666666666665,2,4,0,1.7,3.0,3.0,4.0,13.394527168219186,At Risk,True,False,False,False,False,False,0.33317201541278535,1469,Good
S1451,Courtney Hayes,Female,2026-01-11,Low,5.996581760942401,0.6333333333333333,0.3333333333333333,7.166666666666667,3,0.5914919565217391,61.17391304347826,23,58.5,2,75.5,3.0,1,5,0,1.1,6.0,1.0,4.0,5.996581760942401,At Risk,True,False,False,True,False,False,0.4189776253077889,1830,Average
S1452,Alexander Brown,Male,2025-11-05,Medium,13.779271733784212,0.7333333333333333,1.0,12.6,4,0.7392222222222222,74.44444444444444,27,86.0,2,78.83333333333333,1.6666666666666667,3,3,0,1.5,7.0,4.0,2.0,13.779271733784212,Average Performer,True,False,False,False,False,False,0.2702018206655395,1049,Good
S1453,Cynthia Vang,Female,2025-01-26,Medium,9.80606071828983,0.7333333333333333,1.0,14.1,3,0.7891785714285715,76.67857142857143,28,65.25,4,80.0,3.0,1,5,0,2.1,10.0,3.0,4.0,9.80606071828983,Average Performer,True,False,False,True,False,False,0.30489794344237064,1075,Good
S1454,Alfred Galvan,Male,2025-06-07,Medium,13.01982012673733,0.8,1.0,12.5,3,0.8015517241379311,83.10344827586206,29,78.0,2,81.66666666666667,4.5,1,5,0,1.9,8.0,0.0,4.0,13.01982012673733,Average Performer,False,False,False,False,False,False,0.24848493244177733,661,Good
S1455,Marie Moody,Female,2025-01-28,High,15.496335058387148,0.9333333333333332,0.0,18.6,2,0.7508400000000001,76.76,25,88.75,4,80.16666666666667,1.8333333333333333,3,3,0,1.0,7.0,1.0,5.0,15.496335058387148,High Performer,False,False,False,False,False,False,0.20492382902069878,813,Good
S1456,Dustin Gallegos,Male,2024-10-23,Medium,12.221661981531614,0.9333333333333332,0.6666666666666666,10.1,3,0.78084,78.6,25,73.66666666666667,3,83.66666666666667,3.5,1,5,0,1.0,10.0,1.0,4.0,12.221661981531614,High Performer,False,False,False,False,False,False,0.22902717837950431,875,Good
S1457,Brenda Thornton,Male,2024-11-20,Medium,1.839994783235736,0.8333333333333334,0.3333333333333333,9.3,3,0.6890000000000001,69.62962962962963,27,79.0,2,81.5,4.333333333333333,0,6,0,1.0,8.0,2.0,5.0,1.839994783235736,Average Performer,False,False,False,True,False,False,0.30011667970857725,1265,Good
S1458,Aaron Miller,Male,2024-12-23,Medium,10.736246007544842,0.6,0.3333333333333333,9.033333333333331,3,0.7597307692307692,73.88461538461539,26,62.0,4,76.0,4.666666666666667,0,6,0,1.7,3.0,1.0,6.0,10.736246007544842,At Risk,True,False,False,False,False,False,0.35724015421190713,1541,Good
S1459,Ruben Dunn,Male,2024-08-17,Medium,12.849016884112704,0.8666666666666667,0.5,14.8,4,0.7826000000000001,76.28,25,72.5,4,88.5,2.5,1,5,0,1.1,6.0,2.0,4.0,12.849016884112704,High Performer,False,False,False,False,False,False,0.23868079112305157,831,Good
S1460,Kelsey Rodriguez,Male,2025-02-02,Low,4.349978426093894,0.8333333333333334,0.5,11.25,4,0.6568148148148149,64.03703703703704,27,72.66666666666667,3,74.16666666666667,2.5,1,5,0,1.0,6.0,4.0,5.0,4.349978426093894,Average Performer,False,False,False,True,False,False,0.32716394282365413,1646,Good
S1461,Eric Williams,Female,2026-04-07,Low,6.403187384292086,0.9,1.0,10.075,4,0.726,72.71875,32,73.0,3,79.0,2.833333333333333,0,6,0,1.0,6.0,1.0,3.0,6.403187384292086,Average Performer,False,False,False,True,False,False,0.2766920315392698,1326,Good
S1462,Riley Bryant,Female,2026-04-30,Medium,8.274108624102178,0.6666666666666666,0.75,10.325,4,0.7528636363636363,78.68181818181819,22,73.0,4,82.0,5.0,1,5,0,1.2,9.0,1.0,5.0,8.274108624102178,At Risk,True,False,False,True,False,False,0.317788970863987,1331,Good
S1463,Taylor Carlson,Female,2025-03-25,Medium,3.762836258646258,0.8666666666666667,0.6666666666666666,14.033333333333331,3,0.7699333333333332,77.5,30,71.75,4,76.0,2.333333333333333,2,4,0,1.2,7.0,1.0,2.0,3.762836258646258,High Performer,False,False,False,True,False,False,0.2854462426867177,1271,Good
S1464,Jose Allen,Other,2025-07-22,Medium,6.103890930068138,0.7,0.3333333333333333,7.866666666666666,3,0.6763793103448276,66.86206896551724,29,67.66666666666667,3,67.16666666666667,4.166666666666667,0,6,0,1.3,6.0,1.0,1.0,6.103890930068138,Average Performer,True,False,False,True,False,False,0.37074314623804805,1758,Good
S1465,Jeffrey Mendez,Male,2025-08-08,High,15.9662385055699,0.9666666666666668,0.3333333333333333,12.566666666666668,3,0.8227826086956521,86.65217391304348,23,86.33333333333333,3,85.66666666666667,2.6666666666666665,3,3,0,1.6,10.0,1.0,3.0,15.9662385055699,High Performer,False,False,False,False,False,False,0.17041628779404627,152,Excellent
S1466,Jason Beck,Male,2025-10-04,Medium,22.449501004777417,0.9333333333333332,0.6666666666666666,22.766666666666666,3,0.7686,76.4,25,91.0,2,75.33333333333333,1.3333333333333333,1,5,0,2.5,10.0,3.0,7.0,22.449501004777417,High Performer,False,False,False,False,False,False,0.18496291415472316,413,Excellent
S1467,William Jones,Female,2025-06-30,High,17.39633559290646,0.8,0.6666666666666666,12.866666666666667,3,0.7093461538461538,75.65384615384616,26,84.5,2,85.5,1.6666666666666667,2,4,0,1.1,3.0,2.0,4.0,17.39633559290646,Average Performer,False,False,False,False,False,False,0.24645531486388766,950,Good
S1468,Katie Mcneil,Male,2025-06-19,Medium,14.350814481081848,0.7666666666666667,1.0,8.633333333333333,3,0.7763928571428572,78.96428571428571,28,75.25,4,84.33333333333333,4.166666666666667,0,6,0,1.7,8.0,2.0,4.0,14.350814481081848,Average Performer,False,False,False,False,False,False,0.2625384399877716,843,Good
S1469,Jeanette Harrison,Other,2025-12-11,Medium,15.317660523007811,0.8666666666666667,0.3333333333333333,9.4,3,0.8907142857142857,90.60857142857144,21,92.5,2,90.5,3.6666666666666665,2,4,0,2.6,8.0,2.0,4.0,15.317660523007811,High Performer,False,False,False,False,False,False,0.1570748963115281,19,Excellent
S1470,Veronica King,Male,2026-06-30,High,10.354804614595334,0.8333333333333334,0.6666666666666666,11.7,3,0.7736153846153846,74.76923076923077,26,83.25,4,80.33333333333333,3.0,2,4,0,1.5,10.0,4.0,3.0,10.354804614595334,Average Performer,False,False,False,False,False,False,0.24669503974556295,796,Good
S1471,Richard Cooper,Other,2024-08-24,Low,7.70695104886022,0.5,1.0,9.333333333333334,3,0.6752173913043479,68.0,23,79.33333333333333,3,73.0,5.0,0,6,0,1.4,8.0,1.0,6.0,7.70695104886022,At Risk,True,False,False,True,False,False,0.3850007383198784,1607,Good
S1472,Lori Ingram,Male,2024-12-30,Low,6.294633963184297,0.8,1.0,18.0,3,0.871125,90.20833333333331,24,77.5,2,83.16666666666667,1.5,3,3,0,1.9,6.0,2.0,3.0,6.294633963184297,Average Performer,False,False,False,True,False,False,0.24317591509203923,490,Good
S1473,Evelyn Williams,Female,2024-11-27,Medium,12.320086586640317,0.8333333333333334,1.0,5.966666666666666,3,0.748969696969697,77.36363636363636,33,72.0,2,79.33333333333333,1.0,2,4,0,1.3,8.0,2.0,3.0,12.320086586640317,Average Performer,False,False,False,False,False,False,0.27317554110915676,1243,Good
S1474,Robin Thompson,Female,2025-02-23,Medium,13.460564002153315,0.8,1.0,6.3,2,0.7332962962962962,74.18518518518519,27,88.0,2,83.5,4.166666666666667,1,5,0,1.0,7.0,0.0,3.0,13.460564002153315,Average Performer,False,False,False,False,False,False,0.24510970110572783,965,Good
S1475,Julie Dominguez,Other,2024-11-09,Low,8.154801954661757,0.7333333333333333,1.0,13.75,4,0.7612142857142857,77.25,28,70.0,3,82.0,3.1666666666666665,2,4,0,2.0,10.0,0.0,2.0,8.154801954661757,Average Performer,True,False,False,True,False,False,0.30491537606572655,1036,Good
S1476,Robin Brown,Male,2024-08-18,High,17.356284297371573,0.9666666666666668,1.0,19.266666666666666,3,0.8017931034482758,78.75862068965517,29,87.0,3,77.5,1.5,2,4,0,2.5,7.0,4.0,4.0,17.356284297371573,High Performer,False,False,False,False,False,False,0.18415469155542163,223,Excellent
S1477,Judith Carter,Female,2025-02-12,Low,6.932014873999725,0.6,0.0,13.266666666666666,3,0.7540370370370371,74.14814814814815,27,60.66666666666666,3,81.16666666666667,6.166666666666667,0,6,0,1.3,6.0,3.0,5.0,6.932014873999725,At Risk,True,False,False,True,False,True,0.36337551837055626,1520,Good
S1478,Curtis Williams,Other,2026-04-01,High,20.0589167991416,0.9,0.6666666666666666,10.833333333333334,3,0.7727878787878788,80.27272727272727,33,87.0,4,82.0,4.166666666666667,1,5,0,2.7,7.0,3.0,4.0,20.0589167991416,High Performer,False,False,False,False,False,False,0.19601634436578236,240,Excellent
S1479,Kaylee Hays,Female,2026-04-12,Low,2.7569645426843934,0.8,0.3333333333333333,9.266666666666667,3,0.7341666666666667,74.29166666666667,24,63.5,2,79.16666666666667,5.333333333333333,1,5,0,1.8,9.0,1.0,5.0,2.7569645426843934,Average Performer,False,False,False,True,False,True,0.32710758864328904,1314,Good
S1480,Dawn Mullins,Female,2025-02-27,Medium,12.681985459560916,0.7666666666666667,0.0,13.866666666666667,3,0.6188888888888889,63.77777777777778,27,74.25,4,78.83333333333333,1.6666666666666667,3,3,0,1.3,10.0,2.0,3.0,12.681985459560916,Average Performer,False,False,False,False,False,False,0.32421170301776436,1503,Good
S1481,Howard Norman,Female,2025-12-20,Low,2.9222069237363035,0.6,0.0,13.25,2,0.6364347826086957,63.65217391304348,23,72.0,2,75.5,3.8333333333333335,1,5,0,1.8,10.0,0.0,5.0,2.9222069237363035,At Risk,True,False,False,True,False,False,0.39451404790805056,1598,Good
S1482,Evelyn Martinez,Male,2025-09-27,Low,3.829264099127476,0.6,0.6666666666666666,4.433333333333334,3,0.807,82.14285714285714,28,69.66666666666667,3,77.83333333333333,4.333333333333333,0,6,0,1.0,9.0,3.0,5.0,3.829264099127476,At Risk,True,False,False,True,False,False,0.34224350641884793,1491,Good
S1483,Steve Paul,Female,2024-12-10,High,14.50015170199482,0.9333333333333332,0.6666666666666666,13.233333333333334,3,0.7322962962962962,76.4074074074074,27,84.33333333333333,3,86.66666666666667,3.0,2,4,0,2.5,8.0,2.0,4.0,14.50015170199482,Average Performer,False,False,False,False,False,False,0.2120607318561241,214,Good
S1484,Jasmine Beltran,Female,2025-12-09,Medium,3.114821414451688,0.7666666666666667,1.0,13.675,4,0.7272916666666668,71.25,24,83.5,2,73.83333333333333,5.0,0,6,0,1.0,6.0,2.0,4.0,3.114821414451688,Average Performer,False,False,False,True,False,False,0.30460877979720413,1429,Good
S1485,Jonathan Glass MD,Female,2026-05-20,Low,9.413429521761431,0.8333333333333334,0.25,5.775,4,0.63368,64.2,25,59.5,2,77.33333333333333,3.8333333333333335,0,6,0,1.4,4.0,1.0,4.0,9.413429521761431,Average Performer,False,False,False,True,False,False,0.34302909286226313,1615,Good
S1486,Monica Miller,Male,2024-08-28,Medium,15.55239496101623,0.7333333333333333,0.6666666666666666,8.233333333333333,3,0.75152,74.12,25,67.25,4,79.5,3.6666666666666665,2,4,0,1.6,8.0,2.0,6.0,15.55239496101623,Average Performer,True,False,False,False,False,False,0.29857967926412615,1355,Good
S1487,Samantha Gardner,Male,2026-02-08,Low,1.0,0.6,0.5,13.125,4,0.6925909090909091,69.77272727272727,22,54.74916666666667,2,75.0,5.5,0,6,0,1.0,5.0,3.0,1.0,1.0,At Risk,True,False,False,True,False,True,0.41772439393939387,1836,Average
S1488,Bobby Guerrero,Female,2025-08-08,Medium,5.127497566910314,0.9,0.6666666666666666,11.633333333333333,3,0.763,76.82758620689656,29,73.0,2,82.0,3.333333333333333,0,6,0,1.9,8.0,3.0,5.0,5.127497566910314,High Performer,False,False,False,True,False,False,0.26428125608272424,739,Good
S1489,Lance Simmons,Female,2026-03-26,Medium,20.57760161774553,0.8,0.5,15.7,4,0.8829655172413793,90.20689655172414,29,82.25,4,90.66666666666669,4.0,0,6,0,2.5,8.0,3.0,2.0,20.57760161774553,Average Performer,False,False,False,False,False,False,0.18316634078322236,108,Excellent
S1490,Heather Williams,Male,2024-08-11,Medium,14.072830889724976,0.7666666666666667,0.6666666666666666,10.8,3,0.758448275862069,76.79310344827586,29,84.0,4,75.83333333333333,3.6666666666666665,1,5,0,1.6,7.0,1.0,3.0,14.072830889724976,Average Performer,False,False,False,False,False,False,0.2638667733504002,1054,Good
S1491,Heather Bolton,Female,2024-09-07,High,16.69784582401264,0.9333333333333332,1.0,23.027249999999995,3,0.7710833333333333,80.54166666666667,24,82.0,4,84.5,2.5,1,5,0,2.7,8.0,3.0,3.0,16.69784582401264,High Performer,False,False,False,False,False,False,0.20284705210663512,189,Good
S1492,William Gould,Male,2026-05-25,Low,7.767158942545536,0.8,1.0,16.333333333333332,3,0.7584814814814814,77.18518518518519,27,66.33333333333333,3,79.83333333333333,6.166666666666667,0,5,1,1.9,10.0,0.0,4.0,7.767158942545536,Average Performer,False,False,False,True,False,True,0.3006209915325251,1160,Good
S1493,Mark Cox,Male,2026-06-23,Medium,10.52147772376075,0.8333333333333334,1.0,9.4,3,0.6633749999999999,70.0,24,82.33333333333333,3,79.66666666666667,5.0,0,6,0,1.0,6.0,2.0,3.0,10.52147772376075,Average Performer,False,False,False,False,False,False,0.2821838056905982,1303,Good
S1494,Meghan Cisneros,Male,2024-09-30,Medium,10.414979977988937,0.9,0.5,18.7,2,0.7208888888888888,74.55555555555556,27,83.5,2,85.83333333333333,2.333333333333333,3,3,0,2.3,10.0,1.0,5.0,10.414979977988937,Average Performer,False,False,False,False,False,False,0.23694588338836103,390,Good
S1495,Lawrence Harrington,Male,2025-03-27,Medium,15.914419489561569,0.7333333333333333,1.0,12.2,4,0.8449545454545454,84.36363636363636,22,80.0,3,87.0,3.6666666666666665,2,4,0,2.1,10.0,2.0,3.0,15.914419489561569,Average Performer,True,False,False,False,False,False,0.23289425430639912,352,Good
S1496,Austin Osborne,Female,2025-11-06,Medium,10.101717783487109,0.7666666666666667,0.6666666666666666,9.833333333333334,3,0.638264705882353,65.20588235294117,34,72.33333333333333,3,75.83333333333333,5.0,0,6,0,2.9,7.0,2.0,2.0,10.101717783487109,Average Performer,False,False,False,False,False,False,0.333182960443243,1285,Good
S1497,James Bradley,Male,2025-03-15,Low,3.3185794764259446,0.6333333333333333,1.0,12.725,4,0.6978666666666666,73.53333333333333,30,64.0,2,70.66666666666667,3.1666666666666665,0,6,0,1.3,6.0,2.0,3.0,3.3185794764259446,At Risk,True,False,False,True,False,False,0.3900102179756018,1773,Good
S1498,Meghan Rush,Other,2026-05-31,Low,11.565590478918638,0.6666666666666666,1.0,18.166666666666668,3,0.7320416666666666,72.20833333333333,24,77.5,2,85.0,4.5,0,5,1,1.5,10.0,3.0,4.0,11.565590478918638,At Risk,True,False,False,False,False,False,0.3023068571360368,1083,Good
S1499,Phillip Berry,Other,2024-09-14,Medium,6.573135208239924,0.6333333333333333,0.25,12.8,4,0.6322800000000001,64.2,25,74.25,4,75.16666666666667,5.5,0,6,0,1.0,8.0,2.0,2.0,6.573135208239924,At Risk,True,False,False,True,False,True,0.3742998286460668,1757,Good
S1500,Jennifer Banks,Female,2026-06-26,Low,10.965742862540674,0.8,0.5,7.125,4,0.7283703703703703,73.03703703703704,27,66.0,3,76.33333333333333,4.166666666666667,1,5,0,2.2,6.0,1.0,2.0,10.965742862540674,Average Performer,False,False,False,False,False,False,0.3075745317325372,1275,Good
S1501,Brian Fitzgerald,Female,2025-06-08,Low,2.642164366513321,0.8666666666666667,0.3333333333333333,6.466666666666666,3,0.7570384615384615,72.8076923076923,26,80.0,2,76.66666666666667,2.333333333333333,2,4,0,1.2,9.0,1.0,1.0,2.642164366513321,High Performer,False,False,False,True,False,False,0.2746163839555116,1111,Good
S1502,Mr. Justin Green III,Male,2026-06-23,Medium,13.552818372030096,0.6666666666666666,0.5,10.175,4,0.7475925925925926,71.88888888888889,27,72.75,4,77.0,3.0,1,5,0,1.2,9.0,1.0,7.0,13.552818372030096,At Risk,True,False,False,False,False,False,0.3141735096254803,1502,Good
S1503,Zachary Mitchell,Female,2025-05-05,Low,3.978056495551207,0.5,0.6666666666666666,5.733333333333334,3,0.7625,75.73076923076923,26,62.0,2,74.0,4.166666666666667,1,5,0,1.5,5.0,0.0,4.0,3.978056495551207,At Risk,True,False,False,True,False,False,0.401304858761122,1658,Average
S1504,Katherine Martinez,Female,2025-12-30,High,14.6762773802519,0.9666666666666668,1.0,20.96666666666667,3,0.8218888888888889,79.48148148148148,27,81.0,3,85.83333333333333,4.333333333333333,0,6,0,2.1,9.0,2.0,6.0,14.6762773802519,High Performer,False,False,False,False,False,False,0.1843259732160369,99,Excellent
S1505,Jodi Roach,Male,2025-12-19,High,12.890041375046868,0.9666666666666668,0.75,15.075,4,0.809125,78.33333333333333,24,83.5,2,79.66666666666667,0.8333333333333334,3,3,0,1.7,8.0,4.0,6.0,12.890041375046868,High Performer,False,False,False,False,False,False,0.19687072989571613,396,Excellent
S1506,Brandon Fleming,Female,2026-06-14,Low,6.567293142027096,0.7333333333333333,0.5,7.55,4,0.72768,75.28,25,73.25,4,72.83333333333333,2.0,3,3,0,1.0,5.0,1.0,4.0,6.567293142027096,Average Performer,True,False,False,True,False,False,0.32619443381159896,1659,Good
S1507,Emma Reed,Female,2024-10-05,Medium,7.256899718468864,0.7666666666666667,0.6666666666666666,6.4,3,0.7671935483870969,76.41935483870968,31,66.33333333333333,3,76.83333333333333,3.8333333333333335,1,5,0,2.8,3.0,1.0,5.0,7.256899718468864,Average Performer,False,False,False,True,False,False,0.31211635285436545,1101,Good
S1508,Joshua Vance,Female,2025-05-31,Low,5.6754156037120245,0.7333333333333333,1.0,15.15,4,0.7732333333333333,78.3,30,75.66666666666667,3,81.66666666666667,2.5,0,6,0,1.6,5.0,2.0,1.0,5.6754156037120245,Average Performer,True,False,False,True,False,False,0.2966747943240533,1004,Good
S1509,Michelle Ho,Female,2026-05-10,Low,6.82343910215496,0.7,0.25,3.9996666666666663,4,0.8350967741935484,80.96774193548387,31,69.66666666666667,3,78.33333333333333,4.0,0,6,0,1.0,5.0,1.0,7.0,6.82343910215496,Average Performer,True,False,False,True,False,False,0.3005790366532147,1370,Good
S1510,Rebecca Hicks,Female,2026-02-09,High,10.801066134304095,0.9333333333333332,0.5,13.1,4,0.8267727272727273,81.27272727272727,22,77.0,3,74.5,2.833333333333333,1,5,0,1.5,10.0,1.0,3.0,10.801066134304095,High Performer,False,False,False,False,False,False,0.22588218314908826,793,Good
S1511,Curtis Taylor,Male,2026-05-12,Low,9.252195058451312,0.6666666666666666,0.0,12.4,2,0.7319666666666667,72.7,30,60.5,2,81.5,3.5,1,5,0,1.7,6.0,1.0,5.0,9.252195058451312,At Risk,True,False,False,True,False,False,0.3473628456872051,1421,Good
S1512,Allison Spencer,Female,2024-11-13,Medium,21.240443893346185,0.9666666666666668,0.6666666666666666,18.366666666666664,3,0.7477666666666667,79.2,30,79.5,4,76.5,1.5,4,2,0,1.8,7.0,1.0,6.0,21.240443893346185,Average Performer,False,False,False,False,False,False,0.20715222359996785,747,Good
S1513,Robert Arnold,Female,2025-01-26,Medium,7.131219888563977,0.8333333333333334,1.0,19.433333333333334,3,0.8289166666666666,82.45833333333333,24,87.5,2,79.5,2.333333333333333,2,4,0,2.0,10.0,2.0,4.0,7.131219888563977,Average Performer,False,False,False,True,False,False,0.23091361694525672,407,Good
S1514,Angelica Parker,Male,2024-10-21,Medium,9.424754198320748,0.8333333333333334,0.3333333333333333,14.1,3,0.6706666666666666,69.875,24,72.5,4,76.33333333333333,4.0,1,5,0,2.2,6.0,1.0,5.0,9.424754198320748,Average Performer,False,False,False,True,False,False,0.3074047811708648,1218,Good
S1515,Dr. Kelly Hammond DVM,Male,2025-10-13,Low,12.480863768634336,0.7333333333333333,1.0,8.875,4,0.8276666666666667,81.70370370370371,27,80.5,2,85.16666666666667,3.0,2,4,0,1.2,7.0,3.0,4.0,12.480863768634336,Average Performer,True,False,False,False,False,False,0.2484145072450808,732,Good
S1516,William Day,Male,2026-02-17,High,10.366093272324562,0.9666666666666668,0.5,8.75,2,0.6459354838709678,64.3225806451613,31,82.5,2,80.16666666666667,2.6666666666666665,1,5,0,1.2,5.0,3.0,5.0,10.366093272324562,Average Performer,False,False,False,False,False,False,0.2533874549912316,969,Good
S1517,Michael Cooper,Female,2025-08-19,Medium,9.585399078502643,0.8,0.75,8.35,4,0.7723076923076923,76.3076923076923,26,71.75,4,83.5,2.5,3,3,0,1.7,6.0,1.0,4.0,9.585399078502643,Average Performer,False,False,False,True,False,False,0.2755941946114357,915,Good
S1518,Penny Bowman,Other,2026-07-21,Medium,11.199602625175803,0.9,1.0,11.566666666666668,3,0.72628,73.28,25,90.0,2,82.0,2.0,2,4,0,1.8,7.0,0.0,4.0,11.199602625175803,Average Performer,False,False,False,False,False,False,0.2261169934370605,556,Good
S1519,Vincent Reynolds,Male,2024-10-28,Medium,8.505846462664415,0.8666666666666667,0.25,11.8,4,0.7245666666666667,71.8,30,80.66666666666667,3,79.66666666666667,3.6666666666666665,0,6,0,1.3,10.0,4.0,4.0,8.505846462664415,Average Performer,False,False,False,True,False,False,0.2638653838433389,1031,Good
S1520,Amy Martinez,Female,2025-09-05,Medium,10.85650727136066,0.9,0.75,9.125,4,0.7315666666666666,74.53333333333333,30,82.25,4,84.5,1.8333333333333333,1,5,0,2.0,9.0,1.0,2.0,10.85650727136066,Average Performer,False,False,False,False,False,False,0.23713873182159834,509,Good
S1521,Christopher Morris,Male,2025-12-24,High,12.75246866334206,0.9333333333333332,1.0,11.9,4,0.73675,72.10714285714286,28,89.5,2,83.5,2.0,3,3,0,2.6,8.0,1.0,2.0,12.75246866334206,Average Performer,False,False,False,False,False,False,0.2095104950083115,226,Good
S1522,Hannah Everett,Other,2026-05-01,Medium,8.736421122287402,0.7,0.25,7.575,4,0.6972413793103448,67.79310344827586,29,66.75,4,79.0,2.6666666666666665,2,4,0,1.5,7.0,0.0,4.0,8.736421122287402,Average Performer,True,False,False,True,False,False,0.34198653340117807,1553,Good
S1523,Sarah King,Female,2025-10-20,Medium,8.192570264117485,0.7333333333333333,0.5,12.75,4,0.8644074074074074,85.51851851851852,27,66.5,2,81.83333333333333,2.6666666666666665,1,5,0,1.5,6.0,0.0,4.0,8.192570264117485,Average Performer,True,False,False,True,False,False,0.2811130187841508,1013,Good
S1524,Krista Martinez,Female,2026-03-21,Low,3.05245399729616,0.6666666666666666,0.6666666666666666,6.9,3,0.7373214285714286,74.25,28,71.0,4,84.0,3.0,1,5,0,1.9,10.0,1.0,4.0,3.05245399729616,At Risk,True,False,False,True,False,False,0.3365057697686644,1124,Good
S1525,Joseph Shaw,Male,2026-07-20,Medium,14.251941874568994,0.9333333333333332,0.5,12.075,4,0.8166296296296296,83.70370370370371,27,73.75,4,81.5,0.6666666666666666,5,1,0,2.6,6.0,2.0,5.0,14.251941874568994,High Performer,False,False,False,False,False,False,0.21629792309135532,356,Good
S1526,Todd Moore,Male,2025-09-07,High,16.296114500049388,1.0,1.0,15.333333333333334,3,0.7859615384615384,77.03846153846153,26,85.5,2,87.0,1.6666666666666667,1,5,0,2.6,10.0,2.0,6.0,16.296114500049388,High Performer,False,False,False,False,False,False,0.17197125221141502,32,Excellent
S1527,Michelle Jacobs,Male,2025-02-07,Low,4.069448316662529,0.6666666666666666,1.0,11.533333333333331,3,0.7205652173913044,70.26086956521739,23,60.75,4,74.66666666666667,5.166666666666667,0,6,0,1.0,6.0,3.0,5.0,4.069448316662529,At Risk,True,False,False,True,False,True,0.3734901473242857,1792,Good
S1528,Kristy Bryan,Male,2025-08-16,High,18.765692504303008,1.0,0.8,16.8,5,0.7519354838709676,75.16129032258064,31,92.33333333333331,3,92.16833333333334,2.333333333333333,0,6,0,1.9,9.0,2.0,6.0,18.765692504303008,High Performer,False,False,False,False,False,False,0.15458595691128557,102,Excellent
S1529,Angel May,Female,2026-06-14,Low,5.841883250006706,0.6666666666666666,0.0,3.9996666666666663,2,0.7212962962962963,76.37037037037037,27,65.66666666666667,3,80.5,2.833333333333333,1,5,0,1.1,4.0,3.0,1.0,5.841883250006706,At Risk,True,False,False,True,False,False,0.35025640298609434,1605,Good
S1530,Marilyn Wang,Female,2024-10-05,Medium,6.093725581679219,0.9,0.6666666666666666,10.1,3,0.7420689655172413,71.75862068965517,29,91.33333333333331,3,75.16666666666667,1.8333333333333333,2,4,0,1.7,7.0,1.0,5.0,6.093725581679219,Average Performer,False,False,False,True,False,False,0.24172832972396294,789,Good
S1531,Mark Jimenez,Other,2025-01-27,Low,5.18716574242727,0.6333333333333333,0.3333333333333333,17.466666666666665,3,0.6880416666666668,73.20833333333333,24,57.66666666666666,3,81.16666666666667,3.5,0,6,0,1.0,7.0,3.0,7.0,5.18716574242727,At Risk,True,False,False,True,False,False,0.38520291897726516,1738,Good
S1532,Donna Frye,Other,2025-11-04,Medium,12.058671168379906,0.9333333333333332,0.6666666666666666,3.9996666666666663,3,0.826037037037037,83.66666666666667,27,77.0,4,86.16666666666667,1.8333333333333333,1,5,0,1.8,4.0,3.0,5.0,12.058671168379906,High Performer,False,False,False,False,False,False,0.20545887763460585,273,Good
S1533,Dr. Michael Evans,Female,2024-10-29,High,9.566612646421031,0.9666666666666668,0.75,11.85,4,0.6563913043478261,62.60869565217392,23,87.5,4,86.66666666666667,1.0,3,3,0,1.0,7.0,1.0,3.0,9.566612646421031,Average Performer,False,False,False,True,False,False,0.23249941041293287,729,Good
S1534,Anthony Gonzales,Female,2026-03-19,Medium,15.146773043826576,0.9333333333333332,1.0,11.766666666666666,3,0.6975806451612904,70.0,31,87.0,4,83.16666666666667,1.1666666666666667,3,3,0,2.1,10.0,0.0,5.0,15.146773043826576,Average Performer,False,False,False,False,False,False,0.22077554050871315,453,Good
S1535,Mr. Lawrence Edwards,Female,2026-04-14,Low,3.061845799078464,0.7333333333333333,0.75,9.975,4,0.7245483870967742,72.90322580645162,31,75.75,4,76.83333333333333,3.5,1,5,0,1.2,7.0,1.0,2.0,3.061845799078464,Average Performer,True,False,False,True,False,False,0.3248975360399383,1460,Good
S1536,Morgan Valencia,Female,2025-03-27,Medium,18.225321964687083,0.7666666666666667,0.0,21.8,2,0.7521481481481481,74.92592592592592,27,84.0,3,83.33333333333333,3.5,0,6,0,2.0,8.0,1.0,5.0,18.225321964687083,Average Performer,False,False,False,False,False,False,0.2441255839771712,650,Good
S1537,Bianca Wood,Male,2025-04-08,High,20.4830824947448,0.9,0.3333333333333333,10.133333333333333,3,0.8038148148148148,82.07407407407408,27,88.5,4,82.0,1.5,3,3,0,1.4,4.0,4.0,5.0,20.4830824947448,High Performer,False,False,False,False,False,False,0.18264784931869357,462,Excellent
S1538,Emma Owens,Male,2026-05-04,Low,7.063557573877059,0.6666666666666666,0.6666666666666666,10.5,3,0.6730370370370371,67.62962962962963,27,63.25,4,68.66666666666667,6.166666666666667,0,6,0,1.6,6.0,2.0,4.0,7.063557573877059,At Risk,True,False,False,True,False,True,0.38426332828752957,1752,Good
S1539,David Davis,Male,2025-10-23,Low,1.3192423688255746,0.7333333333333333,0.0,6.466666666666666,3,0.6431851851851852,64.48148148148148,27,66.66666666666667,3,74.33333333333333,3.1666666666666665,0,6,0,1.1,7.0,1.0,3.0,1.3192423688255746,Average Performer,True,False,False,True,False,False,0.37557967185571384,1766,Good
S1540,James Gilbert,Female,2026-02-19,Medium,11.522404813547084,0.9,1.0,19.9,3,0.7671612903225806,78.74193548387096,31,73.0,3,76.5,2.1666666666666665,3,3,0,2.3,9.0,4.0,5.0,11.522404813547084,High Performer,False,False,False,False,False,False,0.2552956008693581,826,Good
S1541,Sean Moore,Female,2025-05-25,Low,9.233415642879518,0.6333333333333333,0.25,12.95,4,0.6556551724137931,68.6896551724138,29,73.5,4,67.83333333333333,4.833333333333333,0,5,1,1.8,6.0,4.0,3.0,9.233415642879518,At Risk,True,False,False,True,False,False,0.37313657583533,1613,Good
S1542,Kenneth Edwards,Male,2026-04-13,Low,7.719990722858498,0.7666666666666667,0.5,14.25,4,0.7918076923076923,82.23076923076923,26,71.5,4,79.5,3.5,2,4,0,2.2,4.0,1.0,3.0,7.719990722858498,Average Performer,False,False,False,True,False,False,0.28924104883387936,888,Good
S1543,Kathleen Robertson,Female,2026-02-28,Medium,8.013354506791739,1.0,0.3333333333333333,12.333333333333334,3,0.8758846153846154,82.15384615384616,26,84.33333333333333,3,76.0,3.333333333333333,1,5,0,1.3,10.0,0.0,7.0,8.013354506791739,High Performer,False,False,False,True,False,False,0.18453456245096939,483,Excellent
S1544,Mr. Alexander Landry MD,Female,2026-02-24,High,14.86104039841904,0.9,0.6666666666666666,12.5,3,0.8249,80.96666666666667,30,83.0,2,82.16666666666667,1.6666666666666667,2,4,0,1.0,10.0,2.0,7.0,14.86104039841904,High Performer,False,False,False,False,False,False,0.20112739900395243,641,Good
S1545,Cindy Gomez,Male,2025-01-26,Medium,10.875610212153902,0.7666666666666667,0.6666666666666666,13.466666666666669,3,0.7759230769230769,81.65384615384616,26,70.75,4,80.83333333333333,3.0,1,5,0,1.8,8.0,3.0,4.0,10.875610212153902,Average Performer,False,False,False,False,False,False,0.2856173847260255,1038,Good
S1546,Johnny Khan,Male,2026-07-23,High,13.446861478105596,0.9333333333333332,1.0,9.725,4,0.7898999999999999,80.46666666666667,30,93.0,2,84.83333333333333,2.0,2,4,0,2.2,10.0,2.0,2.0,13.446861478105596,High Performer,False,False,False,False,False,False,0.1828295129714027,101,Excellent
S1547,Julie Herrera,Female,2025-06-20,Medium,3.400607886671372,0.8333333333333334,0.6666666666666666,18.566666666666663,3,0.6311153846153845,64.57692307692308,26,78.5,4,75.0,2.5,2,4,0,1.0,6.0,1.0,3.0,3.400607886671372,Average Performer,False,False,False,True,False,False,0.32433053156537284,1540,Good
S1548,Jessica Khan,Female,2025-01-12,Medium,17.559793426987227,0.8,0.5,13.425,4,0.7495714285714286,75.75,28,81.0,3,79.83333333333333,4.333333333333333,1,5,0,2.2,4.0,3.0,4.0,17.559793426987227,Average Performer,False,False,False,False,False,False,0.24947908786110334,741,Good
S1549,Pamela Diaz,Female,2024-11-16,High,16.800794840195707,1.0,0.6666666666666666,13.0,3,0.8270384615384615,84.0,26,87.0,4,85.83333333333333,2.0,2,4,0,1.3,7.0,1.0,4.0,16.800794840195707,High Performer,False,False,False,False,False,False,0.1571364744379723,174,Excellent
S1550,Kelly Lee,Female,2024-10-17,Medium,6.839356270215308,0.8666666666666667,1.0,23.027249999999995,2,0.7703846153846154,78.61538461538461,26,70.0,3,73.5,2.5,0,6,0,1.8,6.0,0.0,5.0,6.839356270215308,High Performer,False,False,False,True,False,False,0.28486955804241043,1176,Good
S1551,Angel Gordon,Female,2024-12-10,High,19.940970230339907,0.9666666666666668,0.75,13.3,4,0.8517058823529411,87.70588235294117,34,79.5,2,83.33333333333333,2.6666666666666665,2,4,0,2.1,5.0,3.0,7.0,19.940970230339907,High Performer,False,False,False,False,False,False,0.1689691430516012,144,Excellent
S1552,Diana Hays,Female,2025-01-09,Low,6.882979860151343,0.5666666666666667,0.6666666666666666,14.133333333333333,3,0.6354583333333333,67.875,24,60.0,3,78.83333333333333,7.0,0,5,1,1.0,9.0,2.0,2.0,6.882979860151343,At Risk,True,False,False,True,False,True,0.41223838368295496,1820,Average
S1553,Barbara Hester,Female,2025-02-25,Low,1.0,0.4333333333333333,1.0,12.75,4,0.7555652173913043,75.82608695652173,23,57.5,2,73.5,2.833333333333333,1,5,0,1.7,4.0,4.0,4.0,1.0,At Risk,True,False,False,True,False,False,0.43724710144927537,1654,Average
S1554,Robert Morgan,Female,2025-07-03,High,18.075540336618538,0.8666666666666667,0.5,9.575,4,0.7406071428571428,76.25,28,83.33333333333333,3,87.16666666666667,3.0,0,6,0,1.5,4.0,1.0,5.0,18.075540336618538,Average Performer,False,False,False,False,False,False,0.2185456729679775,597,Good
S1555,Nicole Gonzalez,Male,2025-06-09,Low,7.661581611253199,0.4,0.3333333333333333,6.533333333333334,3,0.6585,67.0,26,61.0,3,74.0,5.5,0,6,0,1.1,4.0,0.0,3.0,7.661581611253199,At Risk,True,False,False,True,False,True,0.450296045971867,1848,Average
S1556,Kathryn Williams,Male,2025-02-09,Medium,14.979329590290105,0.9,0.75,14.3,4,0.8589032258064516,84.6774193548387,31,92.5,2,85.33333333333333,1.8333333333333333,3,3,0,2.3,10.0,3.0,5.0,14.979329590290105,High Performer,False,False,False,False,False,False,0.16688070828233922,40,Excellent
S1557,Gary Wells,Male,2026-05-28,Medium,10.844951544459423,0.7333333333333333,1.0,12.266666666666666,3,0.8069200000000001,80.76,25,73.66666666666667,3,68.5,5.166666666666667,1,5,0,1.0,8.0,2.0,5.0,10.844951544459423,Average Performer,True,False,False,False,False,True,0.2973949544721848,1471,Good
S1558,Larry Robertson,Female,2025-10-27,High,15.923356935369746,1.0,1.0,23.027249999999995,2,0.8081304347826087,81.82608695652173,23,82.5,2,82.83333333333333,2.5,1,5,0,2.5,7.0,4.0,5.0,15.923356935369746,High Performer,False,False,False,False,False,False,0.17850247722679302,93,Excellent
S1559,Louis Martin,Female,2024-09-08,Medium,12.44068461935361,0.9333333333333332,0.75,15.85,4,0.7415652173913044,73.08695652173913,23,86.33333333333333,3,73.16666666666667,1.5,4,2,0,2.4,10.0,2.0,5.0,12.44068461935361,Average Performer,False,False,False,False,False,False,0.23067872323422467,605,Good
S1560,Nancy Evans MD,Female,2025-08-11,Low,6.79082355401965,0.7666666666666667,0.3333333333333333,5.9,3,0.764074074074074,75.55555555555556,27,68.5,2,67.16666666666667,3.6666666666666665,0,6,0,1.0,9.0,2.0,4.0,6.79082355401965,Average Performer,False,False,False,True,False,False,0.324384052226062,1647,Good
S1561,Kim Erickson,Male,2025-09-14,Medium,1.8612883668639464,0.8666666666666667,0.6666666666666666,11.6,3,0.70152,73.4,25,66.0,2,85.16666666666667,2.6666666666666665,3,3,0,1.0,5.0,1.0,2.0,1.8612883668639464,Average Performer,False,False,False,True,False,False,0.3084741124161734,1345,Good
S1562,Robert Richardson,Male,2025-05-14,High,14.354296892531488,0.9666666666666668,1.0,17.625,4,0.7955517241379311,81.89655172413794,29,81.66666666666667,3,86.5,3.1666666666666665,2,4,0,2.1,9.0,3.0,1.0,14.354296892531488,High Performer,False,False,False,False,False,False,0.1906987405272919,121,Excellent
S1563,Veronica Silva,Male,2026-01-21,High,24.04280369571599,1.0,0.6666666666666666,10.5,3,0.7527391304347826,73.6086956521739,23,79.66666666666667,3,79.5,2.6666666666666665,1,5,0,2.900999999999999,8.0,3.0,8.0,22.628166883106164,High Performer,False,False,False,False,False,False,0.18902451032846646,376,Excellent
S1564,Molly Watts,Male,2024-10-22,Medium,8.6457440062288,0.7666666666666667,0.75,9.975,4,0.6821785714285714,70.03571428571429,28,66.33333333333333,3,81.5,4.333333333333333,2,4,0,1.0,6.0,2.0,3.0,8.6457440062288,Average Performer,False,False,False,True,False,False,0.32714873522252325,1599,Good
S1565,John Coffey,Female,2025-03-29,Medium,8.911609687433419,0.6,0.0,6.675,4,0.6556071428571428,67.82142857142857,28,64.75,4,83.83333333333333,5.333333333333333,0,6,0,2.0,6.0,0.0,4.0,8.911609687433419,At Risk,True,False,False,True,False,True,0.3757888329242736,1391,Good
S1566,Paula Lane,Male,2025-09-23,High,17.930539274055782,0.8333333333333334,1.0,13.1,5,0.7521428571428571,77.38095238095238,21,80.0,4,85.33333333333333,1.6666666666666667,3,3,0,2.1,10.0,0.0,5.0,17.930539274055782,Average Performer,False,False,False,False,False,False,0.2331974613386701,538,Good
S1567,Lauren Jackson,Male,2025-06-21,Medium,3.885468830280895,0.8666666666666667,0.6666666666666666,16.166666666666668,3,0.7565,73.375,24,68.5,2,81.5,2.6666666666666665,1,5,0,1.5,7.0,2.0,2.0,3.885468830280895,Average Performer,False,False,False,True,False,False,0.2874196612576311,1104,Good
S1568,Lisa Randall,Female,2025-07-30,Low,1.0,0.7666666666666667,0.5,17.55,2,0.7824137931034483,77.41379310344827,29,61.75,4,73.0,2.1666666666666665,3,3,0,1.0,7.0,0.0,4.0,1.0,Average Performer,False,False,False,True,False,False,0.33810919540229883,1632,Good
S1569,Michael Johnson,Male,2026-01-08,Low,2.1918410617573034,0.8666666666666667,0.5,13.65,4,0.7120799999999999,68.76,25,82.5,2,80.0,4.333333333333333,0,6,0,1.9,7.0,1.0,5.0,2.1918410617573034,Average Performer,False,False,False,True,False,False,0.2792297306789401,824,Good
S1570,Ashley Smith,Female,2025-02-03,Medium,12.22080435724591,0.7666666666666667,0.6666666666666666,4.933333333333334,3,0.7191363636363636,73.95454545454545,22,77.5,4,82.83333333333333,4.333333333333333,0,6,0,1.0,8.0,2.0,5.0,12.22080435724591,Average Performer,False,False,False,False,False,False,0.2827904133493095,1289,Good
S1571,Christian Vaughn,Female,2025-02-27,Low,6.201723582883619,0.4,0.25,8.825,4,0.6197142857142858,60.60714285714285,28,54.74916666666667,3,79.5,7.0,0,6,0,2.1,4.0,3.0,2.0,6.201723582883619,At Risk,True,False,False,True,False,True,0.4698330719951719,1612,Average
S1572,Reginald Knapp,Male,2026-06-10,Medium,13.578397767741947,0.9,0.3333333333333333,7.0,3,0.7693103448275862,76.55172413793103,29,84.5,2,91.16666666666669,3.6666666666666665,0,6,0,1.5,8.0,2.0,6.0,13.578397767741947,High Performer,False,False,False,False,False,False,0.20451090213236928,377,Good
S1573,Nancy Brown,Female,2026-03-28,Medium,11.637593202249896,0.8333333333333334,0.75,11.1,4,0.8092424242424243,80.51515151515152,33,84.5,4,83.33333333333333,2.0,3,3,0,2.0,8.0,2.0,3.0,11.637593202249896,Average Performer,False,False,False,False,False,False,0.22579995638831465,364,Good
S1574,Daniel Nguyen,Female,2026-07-24,High,18.260210095693687,0.8666666666666667,1.0,16.599999999999998,4,0.7604347826086956,76.6086956521739,23,77.5,2,87.66666666666667,3.8333333333333335,0,6,0,1.8,9.0,2.0,3.0,18.260210095693687,High Performer,False,False,False,False,False,False,0.22305237331149044,543,Good
S1575,Kelly Edwards,Female,2024-11-16,Medium,10.337028095003957,0.7666666666666667,0.5,10.25,4,0.7134,72.23333333333333,30,75.5,2,90.5,3.8333333333333335,1,5,0,1.0,6.0,2.0,6.0,10.337028095003957,Average Performer,False,False,False,False,False,False,0.2817207630958234,1171,Good
S1576,Thomas Peterson,Male,2025-05-04,Low,4.800208394203742,0.7666666666666667,0.5,13.5,4,0.6568709677419354,69.03225806451613,31,65.75,4,73.16666666666667,3.8333333333333335,1,5,0,1.0,5.0,3.0,5.0,4.800208394203742,Average Performer,False,False,False,True,False,False,0.3580215220252434,1787,Good
S1577,Raymond Le,Female,2025-07-31,Medium,6.672538256235363,0.8,1.0,14.033333333333331,3,0.809695652173913,84.69565217391305,23,71.0,2,83.33333333333333,4.333333333333333,1,5,0,1.0,10.0,0.0,6.0,6.672538256235363,Average Performer,False,False,False,True,False,False,0.2734099587072377,1109,Good
S1578,Melissa Bishop,Female,2026-02-02,Medium,18.448376947818502,0.7,0.5,12.1,2,0.7364137931034483,71.06896551724138,29,86.5,4,83.0,3.333333333333333,1,5,0,2.1,6.0,2.0,4.0,18.448376947818502,Average Performer,True,False,False,False,False,False,0.26045491969941925,708,Good
S1579,David Grant,Male,2025-05-08,Medium,16.981836111105196,0.7666666666666667,0.6666666666666666,12.666666666666666,3,0.842,85.03846153846153,26,77.66666666666667,3,78.5,4.666666666666667,0,6,0,1.7,8.0,4.0,6.0,16.981836111105196,Average Performer,False,False,False,False,False,False,0.240195409722237,828,Good
S1580,William Evans,Male,2026-04-25,High,14.535585398537645,0.9,0.75,10.575,4,0.809,79.32142857142857,28,81.0,2,82.16666666666667,2.6666666666666665,1,5,0,1.7,10.0,4.0,6.0,14.535585398537645,High Performer,False,False,False,False,False,False,0.21071103650365586,461,Good
S1581,Daniel Bush,Other,2025-03-23,Low,7.4776624361293695,0.5,0.3333333333333333,11.066666666666668,3,0.5914919565217391,59.51834838709678,29,59.0,4,79.16666666666667,5.0,1,4,1,1.0,9.0,1.0,5.0,7.4776624361293695,At Risk,True,False,False,True,False,False,0.44210825695315487,1831,Average
S1582,Gregory Peck,Female,2024-08-12,Medium,13.60307300794907,0.8,0.6666666666666666,9.466666666666669,3,0.6285714285714287,63.285714285714285,28,80.5,4,78.83333333333333,6.166666666666667,0,6,0,1.9,8.0,0.0,7.0,13.60307300794907,Average Performer,False,False,False,False,False,True,0.2981708889086987,1140,Good
S1583,Denise Martinez,Male,2025-12-10,Medium,7.244870005444256,0.8666666666666667,1.0,10.666666666666666,3,0.6936206896551723,70.41379310344827,29,78.5,2,77.33333333333333,0.8333333333333334,4,2,0,1.7,10.0,1.0,4.0,7.244870005444256,Average Performer,False,False,False,True,False,False,0.284134951423171,1121,Good
S1584,Jamie Baird,Female,2026-06-30,Medium,9.808977812763812,0.8666666666666667,0.6666666666666666,4.566666666666666,3,0.7927083333333332,78.83333333333333,24,71.0,3,82.66666666666667,3.6666666666666665,0,6,0,1.0,7.0,2.0,5.0,9.808977812763812,High Performer,False,False,False,True,False,False,0.2549983888014239,1070,Good
S1585,Tina Ballard,Male,2025-11-09,Medium,7.069042871946075,0.9,0.75,10.625,4,0.7111428571428571,74.14285714285714,28,74.5,2,83.66666666666667,3.333333333333333,3,3,0,2.0,10.0,1.0,2.0,7.069042871946075,Average Performer,False,False,False,True,False,False,0.2694845356772777,774,Good
S1586,Dwayne Klein,Male,2024-08-23,High,11.46427076984471,0.9666666666666668,1.0,20.3,4,0.78528125,77.25,32,79.25,4,88.83333333333333,2.1666666666666665,1,5,0,1.5,10.0,3.0,3.0,11.46427076984471,High Performer,False,False,False,False,False,False,0.20233828140872154,334,Good
S1587,Jeremy Scott,Male,2026-05-11,Medium,10.663832229444084,0.8333333333333334,0.6666666666666666,20.53333333333333,3,0.7146521739130435,74.95652173913044,23,77.66666666666667,3,88.5,2.6666666666666665,0,6,0,1.3,7.0,0.0,2.0,10.663832229444084,Average Performer,False,False,False,False,False,False,0.26252810058581005,885,Good
S1588,Dale Ryan,Male,2026-02-21,High,17.68644699874218,0.8333333333333334,1.0,12.35,2,0.7777307692307692,76.23076923076923,26,82.25,4,78.33333333333333,2.1666666666666665,2,4,0,2.4,8.0,2.0,5.0,17.68644699874218,Average Performer,False,False,False,False,False,False,0.23213131840058043,598,Good
S1589,Melissa Taylor,Male,2025-12-23,Medium,12.294685499320234,0.9,0.25,4.775,4,0.7796923076923077,76.6923076923077,26,77.33333333333333,3,76.16666666666667,2.833333333333333,2,4,0,2.0,6.0,0.0,4.0,12.294685499320234,High Performer,False,False,False,False,False,False,0.24143892727734045,758,Good
S1590,Laurie Sanchez,Male,2026-04-08,Low,7.414901282014386,0.8666666666666667,0.3333333333333333,8.700000000000001,3,0.8361071428571429,79.28571428571429,28,75.0,3,83.0,3.1666666666666665,0,6,0,1.9,5.0,2.0,3.0,7.414901282014386,High Performer,False,False,False,True,False,False,0.2394639372711545,503,Good
S1591,Kiara Little,Female,2026-07-27,Low,6.3428416537003445,0.6,0.0,4.199999999999999,4,0.6982222222222222,69.96296296296296,27,66.25,4,67.33333333333333,7.0,0,5,1,1.0,4.0,1.0,1.0,6.3428416537003445,At Risk,True,False,False,True,False,True,0.39117622919908246,1833,Good
S1592,Jason Love,Male,2024-09-07,Medium,10.885387585454492,0.7666666666666667,1.0,9.033333333333331,3,0.7370714285714285,72.0,28,72.66666666666667,3,78.66666666666667,3.6666666666666665,1,5,0,2.0,9.0,1.0,4.0,10.885387585454492,Average Performer,False,False,False,False,False,False,0.2966651024649352,1163,Good
S1593,Randy Smith,Male,2026-01-14,Medium,7.318049446416238,0.8666666666666667,1.0,10.8,3,0.7178461538461539,76.0,26,77.0,2,85.0,2.833333333333333,2,4,0,2.0,10.0,0.0,3.0,7.318049446416238,Average Performer,False,False,False,True,False,False,0.26818436356344655,709,Good
S1594,Tanya Russell,Female,2026-07-09,High,21.79297155101644,1.0,0.6,13.72,5,0.84184375,87.6875,32,72.5,2,87.66666666666667,0.6666666666666666,3,3,0,2.0,9.0,2.0,3.0,21.79297155101644,High Performer,False,False,False,False,False,False,0.1664644461224589,171,Excellent
S1595,Sherry Woods,Male,2026-03-31,Low,1.160351970249986,0.7,0.25,13.125,4,0.6109666666666667,60.333333333333336,30,61.66666666666666,3,74.66666666666667,5.166666666666667,0,6,0,1.0,5.0,0.0,4.0,1.160351970249986,Average Performer,True,False,False,True,False,True,0.40347578674104173,1837,Average
S1596,Victor Morris,Female,2025-12-30,Medium,10.422854877301967,0.7,0.5,12.275,4,0.7312222222222222,76.96296296296296,27,71.33333333333333,3,74.5,2.333333333333333,1,5,0,1.4,8.0,3.0,6.0,10.422854877301967,Average Performer,True,False,False,False,False,False,0.32515952947341176,1562,Good
S1597,Susan Davis,Male,2025-01-29,Medium,7.603146615136927,0.5666666666666667,0.75,13.275,4,0.6801481481481482,65.81481481481481,27,59.25,4,72.16666666666667,5.5,1,5,0,1.0,4.0,3.0,3.0,7.603146615136927,At Risk,True,False,False,True,False,True,0.40853102235104655,1864,Average
S1598,Kimberly Sharp,Male,2025-02-08,Medium,11.084357003395995,0.7333333333333333,1.0,10.866666666666667,3,0.7635384615384615,78.76923076923077,26,74.66666666666667,3,83.16666666666667,3.8333333333333335,0,6,0,1.8,8.0,0.0,4.0,11.084357003395995,Average Performer,True,False,False,False,False,False,0.28581090236330486,933,Good
S1599,Susan Thompson,Male,2025-09-29,High,19.64097946350325,1.0,1.0,19.0,3,0.86768,87.2,25,88.0,3,88.33333333333333,0.6666666666666666,5,1,0,2.5,9.0,2.0,4.0,19.64097946350325,High Performer,False,False,False,False,False,False,0.1320935513412419,1,Excellent
S1600,Casey Gillespie,Male,2025-05-21,Medium,6.37007959434096,0.9333333333333332,0.6666666666666666,13.4,3,0.7022307692307692,69.8076923076923,26,69.0,2,75.5,3.0,1,5,0,1.5,7.0,3.0,6.0,6.37007959434096,Average Performer,False,False,False,True,False,False,0.28882223691158354,1322,Good
S1601,Jennifer Simpson DVM,Male,2025-03-24,High,15.963396827780349,0.9666666666666668,0.6666666666666666,3.9996666666666663,3,0.8184,82.28,25,86.0,4,84.83333333333333,2.1666666666666665,2,4,0,1.9,8.0,2.0,5.0,15.963396827780349,High Performer,False,False,False,False,False,False,0.17365484126388242,111,Excellent
S1602,Tammy Mcdowell,Male,2025-12-05,Medium,13.731460222278592,0.9,0.5,11.55,4,0.7265,69.93333333333334,30,82.5,2,81.0,2.5,0,6,0,1.7,9.0,1.0,3.0,13.731460222278592,Average Performer,False,False,False,False,False,False,0.2362213494443035,742,Good
S1603,Keith Rodriguez,Male,2026-01-22,Medium,14.23478806236897,0.9,1.0,14.9,2,0.8156923076923076,81.76923076923077,26,71.0,2,79.5,2.833333333333333,1,5,0,1.3,6.0,3.0,4.0,14.23478806236897,High Performer,False,False,False,False,False,False,0.2334553375363853,929,Good
S1604,Mrs. Virginia Daniels,Male,2025-05-04,High,11.00409255548605,0.8,1.0,13.575,4,0.8167857142857143,80.17857142857143,28,82.75,4,79.16666666666667,2.833333333333333,1,5,0,1.9,6.0,1.0,6.0,11.00409255548605,Average Performer,False,False,False,False,False,False,0.24320405432557052,614,Good
S1605,Todd Rosales MD,Male,2026-06-28,Medium,7.297718726457112,0.8666666666666667,1.0,7.033333333333334,3,0.739125,75.33333333333333,24,76.5,4,82.5,1.6666666666666667,3,3,0,1.4,7.0,0.0,4.0,7.297718726457112,Average Performer,False,False,False,True,False,False,0.26660153651719054,948,Good
S1606,Brian Martin,Male,2026-04-18,High,19.257324776115023,0.9,0.75,11.825,4,0.7245172413793103,72.3103448275862,29,94.0,3,88.33333333333333,3.0,1,5,0,2.5,6.0,2.0,4.0,19.257324776115023,Average Performer,False,False,False,False,False,False,0.18900151564591935,184,Excellent
S1607,David Lopez,Male,2026-01-10,Medium,9.82351164057447,0.8333333333333334,0.6666666666666666,11.8,3,0.6835185185185184,69.03703703703704,27,76.5,2,83.66666666666667,0.8333333333333334,4,2,0,1.3,5.0,0.0,5.0,9.82351164057447,Average Performer,False,False,False,True,False,False,0.28355233200967495,1143,Good
S1608,Rachel Bradley,Female,2024-10-29,Medium,18.39016715373797,0.7666666666666667,0.5,7.3,4,0.8380384615384616,80.23076923076923,26,74.0,2,75.0,5.166666666666667,1,5,0,1.7,9.0,2.0,2.0,18.39016715373797,Average Performer,False,False,False,False,False,True,0.2504463769874499,1026,Good
S1609,Casey Chase,Female,2025-09-15,High,12.31215102027628,0.9666666666666668,0.3333333333333333,10.533333333333331,3,0.8034166666666667,83.04166666666667,24,79.33333333333333,3,83.66666666666667,2.5,1,5,0,2.5,7.0,3.0,4.0,12.31215102027628,High Performer,False,False,False,False,False,False,0.20236128911597595,157,Good
S1610,Samantha Robertson,Male,2026-05-31,Low,7.900335255804778,0.8333333333333334,0.25,10.85,4,0.7474285714285714,73.32142857142857,28,67.0,2,78.16666666666667,3.0,1,5,0,1.9,7.0,2.0,5.0,7.900335255804778,Average Performer,False,False,False,True,False,False,0.29643725709858326,1194,Good
S1611,Michael Lopez,Female,2025-01-26,High,13.462909082618276,0.8333333333333334,0.5,17.45,2,0.7615,76.28571428571429,28,80.5,2,90.5,1.5,4,2,0,2.5,10.0,0.0,5.0,13.462909082618276,Average Performer,False,False,False,False,False,False,0.23280939396012096,305,Good
S1612,Franklin Wright,Female,2026-05-24,High,23.447998622053262,1.0,1.0,14.25,4,0.763925925925926,75.22222222222223,27,81.75,4,85.16666666666667,2.333333333333333,2,4,0,2.4,5.0,2.0,3.0,22.628166883106164,High Performer,False,False,False,False,False,False,0.17300180501445678,153,Excellent
S1613,David Molina,Male,2025-07-05,Medium,10.016441599096591,0.9,0.75,13.125,4,0.8339629629629629,81.14814814814815,27,70.66666666666667,3,72.33333333333333,2.6666666666666665,1,5,0,1.2,8.0,0.0,3.0,10.016441599096591,High Performer,False,False,False,False,False,False,0.24993667378003634,1151,Good
S1614,Elizabeth Sharp,Female,2025-05-24,Medium,12.860671432164898,0.8333333333333334,0.5,12.05,2,0.7258666666666667,73.3,30,91.0,2,76.33333333333333,3.6666666666666665,2,4,0,2.0,7.0,0.0,5.0,12.860671432164898,Average Performer,False,False,False,False,False,False,0.2452549880862544,818,Good
S1615,Matthew Schwartz,Female,2024-08-02,High,14.380015331515636,0.9,0.75,22.125,4,0.6567826086956522,66.0,23,75.0,2,84.66666666666667,3.1666666666666665,2,4,0,1.7,10.0,3.0,6.0,14.380015331515636,Average Performer,False,False,False,False,False,False,0.26501517906251526,902,Good
S1616,Bryan Parker,Male,2026-07-03,Medium,13.709543631064832,0.6666666666666666,0.5,13.8,4,0.72375,70.83333333333333,24,73.0,2,78.83333333333333,5.0,0,6,0,1.6,9.0,3.0,3.0,13.709543631064832,At Risk,True,False,False,False,False,False,0.31768447425567126,1404,Good
S1617,Jonathan Jacobson,Male,2025-05-28,Medium,7.6449902002281185,0.9,0.6666666666666666,12.333333333333334,3,0.7507391304347826,78.95652173913044,23,77.0,3,86.66666666666667,2.833333333333333,3,3,0,1.8,5.0,2.0,4.0,7.6449902002281185,High Performer,False,False,False,True,False,False,0.24666578536899492,554,Good
S1618,Emily Wilson,Female,2026-07-17,Low,9.210285377235955,0.4333333333333333,0.3333333333333333,4.633333333333333,3,0.6547826086956522,65.95652173913044,23,54.74916666666667,2,73.33333333333333,5.333333333333333,0,5,1,2.2,3.0,1.0,5.0,9.210285377235955,At Risk,True,False,False,True,False,True,0.4527078372815478,1699,Average
S1619,Elizabeth Mendez,Female,2026-07-09,Medium,7.716350790516114,0.8333333333333334,0.6666666666666666,9.8,3,0.6859999999999999,68.55555555555556,27,71.0,2,75.5,4.666666666666667,0,6,0,1.0,7.0,2.0,5.0,7.716350790516114,Average Performer,False,False,False,True,False,False,0.3113257896903764,1617,Good
S1620,Casey Hernandez,Male,2025-02-10,Low,5.61743430159165,0.3666666666666666,0.0,3.9996666666666663,2,0.6640625,67.375,32,64.0,2,76.83333333333333,7.0,0,5,1,1.0,6.0,0.0,5.0,5.61743430159165,At Risk,True,False,False,True,False,True,0.45182099757935423,1828,Average
S1621,Lisa Perry,Male,2025-03-17,Low,5.864903211077736,0.7333333333333333,0.25,10.7,4,0.5914919565217391,59.51834838709678,21,65.0,2,85.16666666666667,3.8333333333333335,1,5,0,1.2,3.0,3.0,3.0,5.864903211077736,Average Performer,True,False,False,True,False,False,0.36680682168245055,1524,Good
S1622,Kaitlin Medina,Male,2024-10-05,Medium,5.913883358556736,0.8,0.0,12.766666666666666,3,0.6765769230769231,64.61538461538461,26,71.5,2,76.0,4.5,1,5,0,1.1,6.0,2.0,4.0,5.913883358556736,Average Performer,False,False,False,True,False,False,0.3252422146805312,1602,Good
S1623,Colleen Wright,Female,2026-07-24,Low,6.319212457096619,0.5666666666666667,0.6666666666666666,5.633333333333333,3,0.6258064516129032,59.51834838709678,31,72.5,2,73.33333333333333,3.6666666666666665,0,6,0,1.5,5.0,0.0,6.0,6.319212457096619,At Risk,True,False,False,True,False,False,0.3997933667067209,1722,Good
S1624,Shelley Miller,Female,2026-04-27,Medium,12.816602825254137,0.7666666666666667,0.5,9.325,4,0.6405714285714286,62.32142857142857,28,65.5,2,77.16666666666667,2.6666666666666665,2,4,0,1.9,4.0,2.0,4.0,12.816602825254137,Average Performer,False,False,False,False,False,False,0.3373703976987694,1504,Good
S1625,Michael Miller,Male,2026-03-06,Low,16.459272012666407,0.4666666666666667,0.75,8.2,4,0.7462857142857143,75.19047619047619,21,71.5,4,82.16666666666667,6.333333333333333,0,6,0,2.0,5.0,0.0,7.0,16.459272012666407,At Risk,True,False,False,False,False,True,0.35204943901595304,1197,Good
S1626,Amy Kelley,Male,2025-01-25,High,15.972565730394988,0.9666666666666668,0.6666666666666666,10.5,3,0.892265925925926,90.60857142857144,27,72.0,2,81.16666666666667,2.333333333333333,1,5,0,2.1,8.0,1.0,4.0,15.972565730394988,High Performer,False,False,False,False,False,False,0.184972141229568,344,Excellent
S1627,Laura Hernandez,Female,2025-03-15,Medium,13.188360173893235,0.8,1.0,12.925,4,0.7241851851851853,71.51851851851852,27,70.75,4,87.0,2.1666666666666665,1,5,0,1.0,7.0,3.0,4.0,13.188360173893235,Average Performer,False,False,False,False,False,False,0.27777354400971127,1246,Good
S1628,Joseph Wilson,Male,2025-01-06,Medium,10.837965694375752,0.9,0.75,16.475,4,0.7453043478260869,74.8695652173913,23,74.25,4,77.83333333333333,2.1666666666666665,2,4,0,1.0,6.0,0.0,4.0,10.837965694375752,Average Performer,False,False,False,False,False,False,0.25906378141623454,1276,Good
S1629,Kevin Davis,Male,2026-05-25,Medium,16.522242195927177,0.6666666666666666,1.0,11.9,4,0.7346923076923078,71.84615384615384,26,78.5,2,72.5,4.333333333333333,0,6,0,2.4,7.0,3.0,1.0,16.522242195927177,At Risk,True,False,False,False,False,False,0.30587003553582304,1183,Good
S1630,Rhonda Chavez,Female,2026-06-18,Medium,4.769050940866418,0.8666666666666667,0.6666666666666666,15.8,3,0.7748461538461539,79.65384615384616,26,78.25,4,77.5,3.1666666666666665,1,5,0,1.4,8.0,2.0,6.0,4.769050940866418,High Performer,False,False,False,True,False,False,0.2662068598273211,978,Good
S1631,Joyce Brown,Female,2024-11-28,Medium,13.586749710566044,0.9666666666666668,0.8,13.22,5,0.8661379310344827,86.0,29,82.25,4,90.83333333333331,2.0,3,3,0,1.7,10.0,1.0,5.0,13.586749710566044,High Performer,False,False,False,False,False,False,0.16377507974657343,75,Excellent
S1632,Robert Cummings,Female,2026-07-08,High,11.35130923556936,1.0,0.6666666666666666,6.033333333333334,3,0.7534827586206896,76.17241379310344,29,81.5,4,86.33333333333333,0.6666666666666666,3,3,0,1.8,8.0,2.0,4.0,11.35130923556936,High Performer,False,False,False,False,False,False,0.20307689932486975,287,Good
S1633,Robert Reese,Female,2025-07-02,High,6.893365828622908,1.0,0.6666666666666666,15.866666666666664,3,0.7554074074074074,79.25925925925925,27,77.66666666666667,3,83.83333333333333,4.0,2,4,0,1.0,8.0,2.0,3.0,6.893365828622908,High Performer,False,False,False,True,False,False,0.22506102987288717,763,Good
S1634,Amber Cooper,Male,2025-11-29,Medium,10.190947944955088,0.8333333333333334,0.75,18.45,4,0.760875,76.96875,32,78.25,4,88.83333333333333,3.5,1,5,0,1.7,7.0,1.0,4.0,10.190947944955088,Average Performer,False,False,False,False,False,False,0.24817679680427895,595,Good
S1635,Zachary Michael,Male,2025-03-30,Medium,10.58783850318442,0.7666666666666667,0.0,4.25,2,0.7184615384615385,71.23076923076923,26,75.5,2,79.0,3.0,2,4,0,1.0,6.0,1.0,3.0,10.58783850318442,Average Performer,False,False,False,False,False,False,0.29682527553691074,1463,Good
S1636,Timothy Johnson,Female,2026-06-10,Low,5.435634524466257,0.5666666666666667,0.75,13.025,4,0.662,62.833333333333336,24,67.0,3,76.66666666666667,4.833333333333333,0,6,0,2.0,8.0,2.0,1.0,5.435634524466257,At Risk,True,False,False,True,False,False,0.39714424702216766,1586,Good
S1637,Randy Cannon,Male,2026-04-18,Low,8.121687845853142,0.7,0.3333333333333333,10.2,3,0.6480833333333333,65.08333333333333,24,67.33333333333333,3,82.5,4.333333333333333,0,6,0,1.0,10.0,0.0,1.0,8.121687845853142,Average Performer,True,False,False,True,False,False,0.35185411371870046,1639,Good
S1638,Maria Fisher,Male,2026-03-14,Low,11.064771302445273,0.7333333333333333,0.75,5.425,4,0.7788333333333333,78.96666666666667,30,72.0,2,73.0,3.8333333333333335,0,6,0,1.1,4.0,2.0,5.0,11.064771302445273,Average Performer,True,False,False,False,False,False,0.30185473841055355,1490,Good
S1639,Janet Kane DVM,Male,2025-12-09,Medium,9.456734461112466,0.7,0.3333333333333333,13.933333333333332,3,0.8037407407407408,80.85185185185185,27,72.0,2,75.33333333333333,4.166666666666667,2,4,0,2.0,8.0,2.0,2.0,9.456734461112466,Average Performer,True,False,False,True,False,False,0.3032359416249967,1135,Good
S1640,Michael Stanley,Male,2025-06-07,Medium,13.07405530324542,0.7666666666666667,0.6666666666666666,17.866666666666667,3,0.8266153846153846,80.88461538461539,26,78.33333333333333,3,83.16666666666667,2.6666666666666665,0,6,0,1.9,7.0,0.0,3.0,13.07405530324542,Average Performer,False,False,False,False,False,False,0.2462469130239377,571,Good
S1641,Martha Bailey,Male,2026-04-01,High,10.384494005899487,0.9333333333333332,0.5,6.699999999999999,2,0.6711428571428572,68.46428571428571,28,81.0,4,75.0,2.6666666666666665,2,4,0,1.2,6.0,3.0,5.0,10.384494005899487,Average Performer,False,False,False,False,False,False,0.2648625745090608,1209,Good
S1642,Joshua Rice,Male,2024-08-22,Low,5.070884871668696,0.5333333333333333,0.75,6.5,4,0.645875,63.0,24,54.74916666666667,2,76.16666666666667,3.5,1,5,0,1.5,4.0,0.0,4.0,5.070884871668696,At Risk,True,False,False,True,False,False,0.4364786211541616,1781,Average
S1643,Courtney Smith,Male,2025-02-24,Medium,8.806405057832965,0.5333333333333333,0.6666666666666666,8.6,3,0.7935666666666666,77.9,30,62.0,2,83.83333333333333,5.5,0,6,0,1.3,6.0,1.0,0.0,8.806405057832965,At Risk,True,False,False,True,False,True,0.35683065402208425,1347,Good
S1644,Edwin Nunez,Male,2026-05-30,High,13.176503804109812,0.8333333333333334,0.4,14.26,5,0.82432,80.28,25,85.66666666666667,3,79.33333333333333,3.8333333333333335,0,6,0,1.0,5.0,0.0,4.0,13.176503804109812,Average Performer,False,False,False,False,False,False,0.2210960738230588,832,Good
S1645,Kim Morrow,Female,2024-09-27,Medium,17.74992395274443,0.8,1.0,13.05,4,0.7621290322580646,76.64516129032258,31,88.0,3,85.33333333333333,1.8333333333333333,3,3,0,1.4,7.0,3.0,4.0,17.74992395274443,Average Performer,False,False,False,False,False,False,0.22298648044071956,642,Good
S1646,Gregory Hill,Female,2026-04-27,Low,8.621843188957252,0.6333333333333333,0.6666666666666666,11.266666666666666,3,0.667625,67.8125,32,70.33333333333333,3,75.33333333333333,7.0,0,6,0,1.8,5.0,1.0,4.0,8.621843188957252,At Risk,True,False,False,True,False,True,0.3661578920276069,1591,Good
S1647,Molly Rodriguez,Female,2026-03-24,Medium,10.368041060695234,0.8666666666666667,0.3333333333333333,14.233333333333334,3,0.7643749999999999,75.125,24,74.75,4,75.33333333333333,2.6666666666666665,1,5,0,1.9,7.0,1.0,6.0,10.368041060695234,High Performer,False,False,False,False,False,False,0.26560073068159523,997,Good
S1648,Jennifer Miranda,Female,2026-07-27,Medium,4.85592525310527,0.7,0.3333333333333333,12.066666666666668,3,0.8217692307692308,85.42307692307692,26,76.33333333333333,3,88.66666666666667,3.1666666666666665,0,6,0,1.3,6.0,2.0,7.0,4.85592525310527,Average Performer,True,False,False,True,False,False,0.2806627509698009,765,Good
S1649,Alexis Harris,Female,2025-08-12,Medium,13.182617153908504,0.7,0.4,10.36,5,0.6659999999999999,70.4074074074074,27,68.66666666666667,3,81.5,3.5,0,6,0,1.7,8.0,2.0,5.0,13.182617153908504,Average Performer,True,False,False,False,False,False,0.3326601237818954,1428,Good
S1650,Andrew Harper,Male,2025-07-27,High,27.38759572669876,0.9333333333333332,1.0,18.2,4,0.8780344827586207,89.0,29,94.0,3,79.33333333333333,2.5,2,4,0,1.1,9.0,2.0,2.0,22.628166883106164,High Performer,False,False,False,False,False,False,0.13968590463131508,439,Excellent
S1651,Amber Yang,Female,2026-02-19,Medium,6.347140622636348,0.8333333333333334,1.0,23.027249999999995,2,0.7652727272727272,77.5,22,67.5,2,73.33333333333333,2.333333333333333,2,4,0,1.8,7.0,2.0,4.0,6.347140622636348,Average Performer,False,False,False,True,False,False,0.30121699692825765,1283,Good
S1652,David Robinson,Female,2025-06-12,Medium,16.015405869858082,0.7333333333333333,1.0,11.566666666666668,3,0.7374615384615384,73.6923076923077,26,70.66666666666667,3,79.0,4.833333333333333,1,5,0,2.0,6.0,2.0,3.0,16.015405869858082,Average Performer,True,False,False,False,False,False,0.2955563571202266,1223,Good
S1653,Amy Gordon,Female,2026-07-16,High,19.969780625730124,0.9333333333333332,0.5,12.55,4,0.7580740740740741,76.0,27,85.25,4,80.33333333333333,1.8333333333333333,2,4,0,1.8,9.0,2.0,5.0,19.969780625730124,High Performer,False,False,False,False,False,False,0.19831999288011914,525,Excellent
S1654,Robert Dennis,Male,2026-05-11,Low,6.85772047537065,0.6,0.0,5.866666666666667,3,0.8067857142857143,79.85714285714286,28,71.75,4,70.33333333333333,4.333333333333333,0,6,0,1.0,10.0,1.0,4.0,6.85772047537065,At Risk,True,False,False,True,False,False,0.3418199845258591,1588,Good
S1655,Kyle Chambers,Male,2025-04-11,Medium,7.25705822137637,0.9,1.0,6.266666666666667,3,0.7702592592592593,77.85185185185185,27,73.75,4,91.66666666666669,1.8333333333333333,2,4,0,1.8,9.0,3.0,5.0,7.25705822137637,High Performer,False,False,False,True,False,False,0.24077957666878125,505,Good
S1656,Eric Thomas,Male,2026-02-04,Low,1.2351772597744044,0.6,0.6666666666666666,10.3,3,0.7768846153846153,77.84615384615384,26,58.0,2,81.66666666666667,4.333333333333333,1,5,0,1.4,7.0,2.0,4.0,1.2351772597744044,At Risk,True,False,False,True,False,False,0.37534667223517937,1425,Good
S1657,Connie Turner,Male,2025-06-20,Low,8.013222813666424,0.6333333333333333,0.5,9.1,4,0.6698461538461539,65.0,26,69.33333333333333,3,76.66666666666667,7.0,0,6,0,1.8,6.0,1.0,5.0,8.013222813666424,At Risk,True,False,False,True,False,True,0.3670130968119878,1571,Good
S1658,Travis Hobbs,Female,2026-06-08,High,12.39782847683151,0.8666666666666667,1.0,11.925,4,0.78648,78.96,25,87.25,4,74.16666666666667,2.333333333333333,1,5,0,1.9,7.0,0.0,4.0,12.39782847683151,High Performer,False,False,False,False,False,False,0.23064476214125457,686,Good
S1659,Lori Simmons,Female,2026-07-10,Medium,9.823791485956562,0.9333333333333332,0.75,14.725,4,0.8350666666666666,83.46666666666667,30,79.0,4,81.83333333333333,3.6666666666666665,1,5,0,1.5,8.0,1.0,2.0,9.823791485956562,High Performer,False,False,False,True,False,False,0.2108371879517753,467,Good
S1660,William David DDS,Male,2026-04-25,Medium,5.728237446198257,0.8333333333333334,0.5,11.25,4,0.8339655172413792,84.93103448275862,29,83.33333333333333,3,79.83333333333333,3.333333333333333,1,5,0,1.8,7.0,0.0,4.0,5.728237446198257,Average Performer,False,False,False,True,False,False,0.2407397512120906,524,Good
S1661,Emma Butler,Other,2024-10-12,Low,5.805424677738026,0.7,0.5,6.075,4,0.6539655172413793,65.82758620689656,29,56.75,4,71.16666666666667,4.666666666666667,0,6,0,1.0,7.0,1.0,1.0,5.805424677738026,Average Performer,True,False,False,True,False,False,0.3940467831332412,1853,Good
S1662,James Webster,Female,2026-04-28,High,17.29914984807169,0.9333333333333332,0.3333333333333333,14.033333333333331,3,0.802909090909091,80.54545454545455,22,80.33333333333333,3,82.0,2.0,1,5,0,1.7,7.0,4.0,4.0,17.29914984807169,High Performer,False,False,False,False,False,False,0.1988793981070935,438,Excellent
S1663,Samuel Turner,Male,2024-11-28,Medium,13.646775488335336,0.7,0.6666666666666666,9.6,3,0.7197777777777778,72.18518518518519,27,73.75,4,77.33333333333333,2.6666666666666665,1,5,0,2.4,6.0,3.0,6.0,13.646775488335336,Average Performer,True,False,False,False,False,False,0.31144972794582826,1196,Good
S1664,Renee Melendez,Male,2026-01-20,Medium,6.1097422981327245,0.8,0.6666666666666666,11.8,3,0.71890625,72.6875,32,67.0,2,84.5,2.333333333333333,0,6,0,1.3,8.0,0.0,5.0,6.1097422981327245,Average Performer,False,False,False,True,False,False,0.3083037692546682,1291,Good
S1665,Tracy Grant,Male,2025-02-14,Medium,15.756877455270208,0.8,0.25,12.875,4,0.7972903225806452,81.70967741935483,31,80.33333333333333,3,80.16666666666667,2.6666666666666665,2,4,0,1.5,7.0,1.0,3.0,15.756877455270208,Average Performer,False,False,False,False,False,False,0.24050404292096425,839,Good
S1666,David Harris,Male,2025-08-24,High,16.13432082971068,0.9333333333333332,1.0,9.7,2,0.7438709677419354,77.83870967741936,31,83.0,2,92.16833333333334,2.1666666666666665,1,5,0,1.6,9.0,1.0,4.0,16.13432082971068,Average Performer,False,False,False,False,False,False,0.19891707426980937,385,Excellent
S1667,Tammy Boone,Male,2024-09-16,Medium,7.470546678701898,1.0,0.5,13.15,2,0.7515000000000001,75.41666666666667,24,83.5,2,85.83333333333333,3.5,1,5,0,1.4,5.0,1.0,2.0,7.470546678701898,High Performer,False,False,False,True,False,False,0.21012363330324527,420,Good
S1668,Nathaniel Lee,Male,2025-04-26,Medium,10.500752321864832,0.6666666666666666,1.0,12.05,2,0.824962962962963,80.51851851851852,27,70.0,3,76.33333333333333,3.0,3,3,0,2.1,8.0,0.0,5.0,10.500752321864832,At Risk,True,False,False,False,False,False,0.3050925636397824,1084,Good
S1669,Michael Morrison,Male,2025-06-18,Medium,10.678450131713385,0.8,0.5,11.175,4,0.8125199999999999,77.76,25,78.0,2,81.5,3.1666666666666665,1,5,0,1.3,5.0,1.0,4.0,10.678450131713385,Average Performer,False,False,False,False,False,False,0.2512978746707165,854,Good
S1670,Chelsea Gill,Male,2025-11-06,Medium,11.944311483773944,1.0,1.0,8.35,2,0.7786923076923077,81.76923076923077,26,78.5,4,80.5,3.1666666666666665,1,5,0,2.2,10.0,2.0,4.0,11.944311483773944,High Performer,False,False,False,False,False,False,0.20878152898287283,362,Good
S1671,Kristin Mendoza,Female,2026-02-13,Medium,13.468048467102966,0.9,0.25,14.725,4,0.7979666666666667,80.03333333333333,30,63.5,2,81.33333333333333,4.5,0,6,0,1.3,9.0,2.0,7.0,13.468048467102966,Average Performer,False,False,False,False,False,False,0.25293987883224256,1027,Good
S1672,Felicia Krueger,Male,2026-04-19,Medium,9.785210049353475,0.7333333333333333,1.0,6.066666666666667,3,0.7776521739130434,77.95652173913044,23,75.75,4,70.0,5.166666666666667,1,5,0,1.5,6.0,2.0,5.0,9.785210049353475,Average Performer,True,False,False,True,False,True,0.30240798936936997,1341,Good
S1673,Timothy Hayden,Female,2025-09-25,High,17.130313923839946,0.8333333333333334,0.0,16.4,2,0.892265925925926,86.82608695652173,23,91.5,2,92.16833333333334,3.5,1,5,0,2.4,5.0,1.0,6.0,17.130313923839946,Average Performer,False,False,False,False,False,False,0.15990860407928897,29,Excellent
S1674,Zachary Mendoza,Male,2026-02-20,Low,4.525933305804669,0.7666666666666667,1.0,7.633333333333333,3,0.8027096774193548,77.58064516129032,31,74.0,2,71.0,3.5,1,5,0,1.5,5.0,1.0,3.0,4.525933305804669,Average Performer,False,False,False,True,False,False,0.30170559684301523,1256,Good
S1675,Larry Harris,Other,2025-04-06,Medium,13.33140205137986,0.7333333333333333,0.6666666666666666,8.266666666666667,3,0.6384782608695653,63.43478260869565,23,66.66666666666667,3,77.33333333333333,3.1666666666666665,2,4,0,1.7,5.0,2.0,5.0,13.33140205137986,Average Performer,True,False,False,False,False,False,0.3424613499440141,1582,Good
S1676,Kristen Rowe,Male,2025-07-14,Medium,12.080518126447696,0.7333333333333333,0.0,5.366666666666667,3,0.8195666666666667,78.73333333333333,30,62.66666666666666,3,81.66666666666667,3.333333333333333,1,5,0,2.0,5.0,0.0,5.0,12.080518126447696,Average Performer,True,False,False,False,False,False,0.2927620380172141,968,Good
S1677,Joseph Howard,Male,2026-01-17,High,13.090616137536138,0.9333333333333332,0.3333333333333333,18.46666666666667,3,0.7677916666666667,78.66666666666667,24,78.0,4,89.66666666666667,2.833333333333333,1,5,0,1.6,6.0,1.0,7.0,13.090616137536138,High Performer,False,False,False,False,False,False,0.21310262632282634,430,Good
S1678,Jose Crawford,Other,2024-08-17,High,11.692960216053658,0.9666666666666668,0.75,19.35,4,0.7698275862068965,75.51724137931035,29,83.75,4,80.0,2.6666666666666665,1,5,0,1.9,10.0,1.0,2.0,11.692960216053658,High Performer,False,False,False,False,False,False,0.21065265693113022,427,Good
S1679,William Harrison,Female,2026-03-10,Medium,15.89979981041986,0.8666666666666667,1.0,11.2,3,0.8346666666666667,82.27272727272727,33,80.25,4,86.5,3.6666666666666665,0,6,0,1.6,5.0,2.0,5.0,15.89979981041986,High Performer,False,False,False,False,False,False,0.2029338338072837,369,Good
S1680,Suzanne Wood,Female,2024-09-05,Medium,6.151217221011523,0.7333333333333333,0.6666666666666666,10.166666666666666,3,0.6745769230769232,66.11538461538461,26,74.0,2,76.16666666666667,4.5,0,6,0,1.0,8.0,3.0,5.0,6.151217221011523,Average Performer,True,False,False,True,False,False,0.3366655466910609,1661,Good
S1681,Justin Walker,Male,2025-12-07,Low,3.798357304388962,0.6,0.3333333333333333,8.833333333333334,3,0.7765925925925926,79.0,27,66.66666666666667,3,85.33333333333333,4.333333333333333,1,5,0,2.0,3.0,2.0,4.0,3.798357304388962,At Risk,True,False,False,True,False,False,0.3461929956279165,1018,Good
S1682,Dean Donovan,Male,2025-12-07,High,16.949245799428294,0.9,1.0,16.2,2,0.7634285714285715,75.25,28,85.33333333333333,3,79.66666666666667,2.0,3,3,0,2.4,6.0,2.0,2.0,16.949245799428294,High Performer,False,False,False,False,False,False,0.21343164740619117,426,Good
S1683,Jennifer Hernandez,Female,2024-12-16,Medium,5.916291959977681,0.7666666666666667,0.25,10.675,4,0.7012962962962962,70.85185185185185,27,73.75,4,75.83333333333333,3.333333333333333,2,4,0,1.3,6.0,2.0,6.0,5.916291959977681,Average Performer,False,False,False,True,False,False,0.3219037145445003,1506,Good
S1684,James Whitaker,Female,2025-11-28,Medium,7.089001848119125,0.9333333333333332,1.0,13.45,2,0.7245185185185186,75.33333333333333,27,72.75,4,83.16666666666667,3.1666666666666665,1,5,0,1.3,7.0,1.0,5.0,7.089001848119125,Average Performer,False,False,False,True,False,False,0.2613386064908133,977,Good
S1685,Mr. Michael Scott PhD,Female,2025-07-06,High,8.837590155865644,0.7666666666666667,1.0,8.333333333333334,3,0.76252,76.8,25,74.0,2,82.16666666666667,3.333333333333333,1,5,0,1.3,6.0,1.0,5.0,8.837590155865644,Average Performer,False,False,False,True,False,False,0.2862333579436692,1144,Good
S1686,Maria Henry,Female,2026-04-02,High,21.34891905077167,1.0,1.0,12.8,2,0.892265925925926,90.60857142857144,24,84.5,4,77.16666666666667,3.1666666666666665,0,6,0,2.3,9.0,3.0,5.0,21.34891905077167,High Performer,False,False,False,False,False,False,0.14419792459529301,141,Excellent
S1687,Robert Jackson,Male,2025-12-06,Medium,12.022269150420636,0.9333333333333332,0.0,8.066666666666666,3,0.8136785714285715,78.75,28,85.0,3,87.66666666666667,3.1666666666666665,0,6,0,1.2,7.0,2.0,5.0,12.022269150420636,High Performer,False,False,False,False,False,False,0.19100742236204366,293,Excellent
S1688,Katherine Stark,Female,2024-11-09,Medium,18.216913020290992,0.9333333333333332,0.75,17.55,4,0.8280666666666666,83.36666666666666,30,70.0,2,83.66666666666667,1.0,3,3,0,1.6,10.0,2.0,2.0,18.216913020290992,High Performer,False,False,False,False,False,False,0.20720438411593925,596,Good
S1689,Maria Brown,Male,2024-07-29,Medium,7.659165809150505,0.6,0.3333333333333333,9.833333333333334,3,0.7304074074074074,75.92592592592592,27,66.5,4,77.0,4.5,0,5,1,1.0,6.0,4.0,3.0,7.659165809150505,At Risk,True,False,False,True,False,False,0.36322986325490153,1741,Good
S1690,Ryan Landry,Male,2025-06-03,Medium,6.473608175326386,0.9,0.25,11.45,4,0.7385666666666667,73.33333333333333,30,75.0,2,70.16666666666667,4.833333333333333,0,6,0,1.2,7.0,3.0,6.0,6.473608175326386,Average Performer,False,False,False,True,False,False,0.281995979561684,1340,Good
S1691,Pamela Gutierrez,Male,2024-12-29,Medium,8.367829477623872,0.7,0.0,4.75,2,0.715,71.95833333333333,24,83.66666666666667,3,79.5,3.0,1,5,0,1.0,4.0,1.0,3.0,8.367829477623872,Average Performer,True,False,False,True,False,False,0.302997092972607,1357,Good
S1692,Crystal Mann,Female,2025-11-27,High,20.73425890070506,0.9333333333333332,0.75,14.825,4,0.83825,80.25,28,94.0,2,77.16666666666667,2.333333333333333,2,4,0,2.3,9.0,5.0,2.0,20.73425890070506,High Performer,False,False,False,False,False,False,0.15960601941490404,188,Excellent
S1693,Jonathan Brooks,Male,2025-03-21,Medium,8.739145480019813,0.8333333333333334,1.0,13.2,3,0.76103125,73.53125,32,76.5,2,78.33333333333333,3.0,1,5,0,1.4,6.0,0.0,6.0,8.739145480019813,Average Performer,False,False,False,True,False,False,0.2710094279666171,1115,Good
S1694,Mary Jensen,Male,2025-03-27,Low,8.251282609161137,0.9333333333333332,1.0,15.25,2,0.7931612903225806,79.41935483870968,31,72.66666666666667,3,79.0,1.8333333333333333,2,4,0,2.0,7.0,4.0,3.0,8.251282609161137,High Performer,False,False,False,True,False,False,0.24425673971365633,676,Good
S1695,Mr. Aaron Arnold,Female,2025-10-17,Medium,8.657583223056266,0.8333333333333334,0.75,12.375,4,0.6721153846153847,65.84615384615384,26,76.0,2,79.33333333333333,3.333333333333333,0,6,0,1.9,7.0,2.0,4.0,8.657583223056266,Average Performer,False,False,False,True,False,False,0.2973880932244106,1132,Good
S1696,Joseph Hill,Male,2024-09-28,Medium,4.1631702404109845,0.7,0.5,8.9,4,0.7378928571428572,73.35714285714286,28,76.0,2,77.0,4.0,1,5,0,2.3,9.0,3.0,6.0,4.1631702404109845,Average Performer,True,False,False,True,False,False,0.32572421725611533,1119,Good
S1697,Alicia Li,Female,2024-10-21,Medium,2.9960574632497146,0.7333333333333333,0.4,7.140000000000001,5,0.7390689655172413,76.55172413793103,29,80.25,4,67.16666666666667,2.333333333333333,1,5,0,1.8,5.0,2.0,4.0,2.9960574632497146,Average Performer,True,False,False,True,False,False,0.32620583335337,1260,Good
S1698,Renee Browning,Male,2024-11-26,Low,1.0,0.5666666666666667,0.25,7.65,4,0.6478333333333333,62.833333333333336,30,55.66666666666666,3,69.5,6.333333333333333,0,6,0,1.1,3.0,1.0,2.0,1.0,At Risk,True,False,False,True,False,True,0.4459000000000001,1865,Average
S1699,Brent Hernandez,Female,2025-02-05,Low,2.932885983516804,0.7333333333333333,1.0,15.3,3,0.71712,73.76,25,79.0,2,80.83333333333333,4.166666666666667,0,6,0,1.2,6.0,2.0,3.0,2.932885983516804,Average Performer,True,False,False,True,False,False,0.31494845170787467,1278,Good
S1700,Joseph Ochoa,Female,2025-09-01,Medium,4.246508687989358,0.5666666666666667,0.75,9.225,4,0.7311379310344828,74.24137931034483,29,63.0,4,78.33333333333333,2.6666666666666665,2,4,0,2.1,5.0,0.0,4.0,4.246508687989358,At Risk,True,False,False,True,False,False,0.38487568230301517,1449,Good
S1701,James Watson,Male,2026-02-01,Low,5.510572232879298,0.7,0.3333333333333333,6.1000000000000005,3,0.698,68.37037037037037,27,66.0,3,76.5,5.666666666666667,1,5,0,1.2,9.0,3.0,4.0,5.510572232879298,Average Performer,True,False,False,True,False,True,0.35507356941780177,1694,Good
S1702,Karl Branch,Male,2026-03-15,High,23.838605074073627,0.9333333333333332,1.0,15.625,4,0.8664827586206897,86.89655172413794,29,85.5,2,82.33333333333333,4.5,0,6,0,2.4,10.0,3.0,5.0,22.628166883106164,High Performer,False,False,False,False,False,False,0.15565142187269437,76,Excellent
S1703,Michael Abbott,Male,2026-05-03,High,19.979732106897465,0.9333333333333332,1.0,17.6,2,0.8048666666666667,82.0,30,79.66666666666667,3,78.16666666666667,2.833333333333333,1,5,0,2.5,10.0,1.0,6.0,19.979732106897465,High Performer,False,False,False,False,False,False,0.19867400306608968,387,Excellent
S1704,Shannon Malone,Male,2025-12-13,Low,2.33045481270753,0.7333333333333333,0.25,16.125,4,0.7912962962962963,83.11111111111111,27,70.33333333333333,3,72.5,4.833333333333333,0,6,0,1.1,8.0,0.0,4.0,2.33045481270753,Average Performer,True,False,False,True,False,False,0.32403497407934234,1497,Good
S1705,James Tran,Other,2026-03-11,Low,1.0,0.7333333333333333,0.0,4.45,2,0.78025,79.0,28,70.5,4,81.33333333333333,4.166666666666667,1,5,0,1.0,8.0,3.0,4.0,1.0,Average Performer,True,False,False,True,False,False,0.31709166666666666,1353,Good
S1706,Adam Jackson,Male,2024-11-05,High,13.382130985784848,0.9333333333333332,1.0,11.225,4,0.6505454545454545,66.45454545454545,33,70.0,2,79.66666666666667,2.5,1,5,0,2.2,10.0,3.0,2.0,13.382130985784848,Average Performer,False,False,False,False,False,False,0.2785477028385682,999,Good
S1707,Mr. Richard Knight PhD,Female,2026-05-15,Medium,6.865455566863533,0.8333333333333334,0.4,11.1,5,0.72372,69.76,25,69.0,3,70.0,5.833333333333333,0,6,0,1.9,5.0,1.0,2.0,6.865455566863533,Average Performer,False,False,False,True,False,True,0.31438702774950783,1396,Good
S1708,Joseph Williams,Male,2025-10-31,High,15.74896038995614,0.9666666666666668,1.0,18.75,2,0.7661199999999999,74.88,25,84.0,2,92.16833333333334,1.8333333333333333,1,5,0,2.1,9.0,4.0,3.0,15.74896038995614,High Performer,False,False,False,False,False,False,0.18287243235844297,112,Excellent
S1709,Sean Clay,Female,2026-01-10,Medium,10.178503925106812,0.9666666666666668,0.75,11.025,4,0.7234583333333333,70.875,24,78.5,2,87.0,1.5,4,2,0,2.0,7.0,4.0,3.0,10.178503925106812,Average Performer,False,False,False,False,False,False,0.22834957352056628,406,Good
S1710,Anthony Jones,Female,2025-06-10,Low,2.055439173052662,0.8,0.3333333333333333,12.233333333333334,3,0.6067083333333333,60.75,24,69.66666666666667,3,77.83333333333333,2.833333333333333,2,4,0,1.0,7.0,2.0,3.0,2.055439173052662,Average Performer,False,False,False,True,False,False,0.35676556873403503,1683,Good
S1711,Stephanie Elliott,Female,2026-04-03,Medium,11.097266433252855,1.0,1.0,11.275,4,0.7925000000000001,79.17857142857143,28,80.5,4,87.66666666666667,3.333333333333333,1,5,0,1.2,7.0,1.0,4.0,11.097266433252855,High Performer,False,False,False,False,False,False,0.19200683391686782,360,Excellent
S1712,Timothy Edwards,Male,2026-07-26,Medium,11.82923148130008,0.6666666666666666,1.0,22.766666666666666,3,0.7997916666666667,81.70833333333333,24,82.25,4,82.33333333333333,2.333333333333333,0,6,0,1.2,7.0,1.0,5.0,11.82923148130008,At Risk,True,False,False,False,False,False,0.27582275463008316,932,Good
S1713,Laurie Goodwin,Male,2025-04-01,Medium,15.534245190648692,0.8,0.75,11.325,4,0.7133548387096774,68.6774193548387,31,77.0,4,80.66666666666667,1.5,3,3,0,1.6,8.0,4.0,5.0,15.534245190648692,Average Performer,False,False,False,False,False,False,0.272157935410475,1143,Good
S1714,Jennifer Jones,Male,2025-07-12,High,22.811530193886508,0.9333333333333332,0.75,15.725,4,0.77765625,76.6875,32,75.0,4,86.33333333333333,2.0,1,5,0,1.7,10.0,0.0,5.0,22.628166883106164,High Performer,False,False,False,False,False,False,0.19729937445890128,497,Excellent
S1715,David Davenport,Female,2025-08-02,Medium,6.008756895974891,0.5666666666666667,0.3333333333333333,10.0,3,0.6658333333333334,67.33333333333333,30,76.5,4,73.83333333333333,3.333333333333333,0,6,0,1.8,2.0,2.0,6.0,6.008756895974891,At Risk,True,False,False,True,False,False,0.3798114410933961,1529,Good
S1716,Steven Rivera,Female,2026-06-05,Medium,21.097169493815024,0.8,0.25,4.125,4,0.8130416666666668,81.125,24,80.25,4,86.66666666666667,3.333333333333333,2,4,0,1.9,5.0,2.0,6.0,21.097169493815024,Average Performer,False,False,False,False,False,False,0.21284457626546238,405,Good
S1717,Brenda Hinton,Other,2026-02-18,Low,2.841431468380888,0.7666666666666667,0.3333333333333333,10.133333333333333,3,0.7224516129032258,75.41935483870968,31,61.66666666666666,3,84.16666666666667,1.8333333333333333,0,6,0,1.0,8.0,3.0,7.0,2.841431468380888,Average Performer,False,False,False,True,False,False,0.3349109374580801,1493,Good
S1718,Kathryn Mccann,Male,2024-11-07,Low,1.0,0.7666666666666667,0.75,12.925,4,0.7206153846153847,75.96153846153847,26,63.75,4,67.16666666666667,4.0,0,6,0,1.4,5.0,3.0,2.0,1.0,Average Performer,False,False,False,True,False,False,0.3613987179487179,1678,Good
S1719,Jeffrey Roberson,Female,2025-02-14,High,17.796478963850845,0.8333333333333334,0.0,7.533333333333334,3,0.8472666666666666,87.0,30,88.33333333333333,3,88.33333333333333,3.333333333333333,2,4,0,2.3,9.0,0.0,6.0,17.796478963850845,Average Performer,False,False,False,False,False,False,0.1838288025903729,69,Excellent
S1720,Randy Friedman,Female,2024-12-08,Low,2.7923569957781256,0.5,0.0,8.166666666666666,3,0.6272666666666668,60.63333333333333,30,54.74916666666667,2,79.0,5.833333333333333,0,6,0,1.0,3.0,0.0,6.0,2.7923569957781256,At Risk,True,False,False,True,False,True,0.4518407741772213,1832,Average
S1721,Raymond Johnson,Male,2026-01-11,Low,7.601316958186522,0.5666666666666667,0.5,10.325,4,0.7757241379310345,77.79310344827586,29,63.75,4,75.83333333333333,5.5,0,6,0,1.0,9.0,1.0,5.0,7.601316958186522,At Risk,True,False,False,True,False,True,0.3653627995585567,1698,Good
S1722,Willie Henry,Male,2025-10-30,Low,1.0,0.8,0.6666666666666666,5.1000000000000005,3,0.6606799999999999,66.12,25,72.0,4,69.66666666666667,2.1666666666666665,2,4,0,1.3,5.0,0.0,4.0,1.0,Average Performer,False,False,False,True,False,False,0.350796,1637,Good
S1723,Todd Reynolds,Female,2026-04-30,Medium,15.396090591063867,0.9,0.6666666666666666,17.900000000000002,3,0.8140344827586207,80.89655172413794,29,77.0,2,83.66666666666667,3.6666666666666665,1,5,0,2.3,8.0,3.0,6.0,15.396090591063867,High Performer,False,False,False,False,False,False,0.21279942869475413,303,Good
S1724,Mary Miller,Female,2025-04-07,Medium,15.924191396864764,0.7,1.0,13.233333333333333,3,0.7364999999999999,71.04545454545455,22,71.66666666666667,3,79.0,4.666666666666667,0,6,0,1.2,6.0,3.0,5.0,15.924191396864764,Average Performer,True,False,False,False,False,False,0.3024061881745048,1474,Good
S1725,Rebecca Marquez,Female,2026-04-09,Medium,5.634209495067182,0.7333333333333333,0.25,8.475,4,0.7763599999999999,78.96,25,71.0,4,77.66666666666667,5.333333333333333,0,6,0,2.1,5.0,2.0,4.0,5.634209495067182,Average Performer,True,False,False,True,False,True,0.3111731429289987,1107,Good
S1726,Christian Dawson,Male,2025-03-02,High,11.846860201940908,0.8666666666666667,1.0,8.25,2,0.8507857142857143,85.07142857142857,28,79.0,2,78.33333333333333,2.333333333333333,2,4,0,1.1,8.0,1.0,6.0,11.846860201940908,High Performer,False,False,False,False,False,False,0.22298046854276676,845,Good
S1727,Nancy Stewart,Female,2024-12-28,High,21.967314921727205,0.9,1.0,13.325,4,0.8792666666666666,90.13333333333334,30,80.5,4,86.83333333333333,3.333333333333333,2,4,0,2.0,10.0,2.0,3.0,21.967314921727205,High Performer,False,False,False,False,False,False,0.165051712695682,126,Excellent
S1728,Aaron Parker,Male,2024-09-30,High,16.129183548141445,0.8333333333333334,0.75,12.3,4,0.7315,71.41666666666667,24,80.0,2,77.5,2.833333333333333,2,4,0,1.0,6.0,3.0,5.0,16.129183548141445,Average Performer,False,False,False,False,False,False,0.255643707796313,1298,Good
S1729,Derrick Anderson,Male,2025-06-13,Medium,4.76990360505695,0.9,0.5,15.3,4,0.7870357142857143,77.32142857142857,28,60.5,2,79.66666666666667,2.333333333333333,2,4,0,1.1,8.0,2.0,3.0,4.76990360505695,Average Performer,False,False,False,True,False,False,0.28646452670164335,1226,Good
S1730,Jerry Peters,Male,2025-05-08,Medium,5.16904810367487,0.8666666666666667,0.0,7.533333333333334,3,0.7716538461538461,75.38461538461539,26,71.0,3,79.33333333333333,4.5,1,5,0,1.4,9.0,1.0,2.0,5.16904810367487,High Performer,False,False,False,True,False,False,0.2779145592279923,1117,Good
S1731,Alexander Gomez,Female,2024-12-15,Medium,9.235998001911032,0.9333333333333332,0.5,11.85,2,0.7667586206896552,74.34482758620689,29,71.5,2,74.83333333333333,2.1666666666666665,2,4,0,2.1,8.0,1.0,3.0,9.235998001911032,High Performer,False,False,False,True,False,False,0.2582990854549926,881,Good
S1732,Kyle Nguyen,Female,2025-05-28,High,15.65011694611642,0.9333333333333332,0.6666666666666666,13.566666666666668,3,0.83528,84.36,25,81.33333333333333,3,85.0,2.5,2,4,0,1.8,6.0,2.0,7.0,15.65011694611642,High Performer,False,False,False,False,False,False,0.18679070763470898,196,Excellent
S1733,Edgar Hughes,Female,2026-06-07,Low,9.908633081448466,0.7,0.3333333333333333,20.566666666666663,3,0.7878148148148149,76.14814814814815,27,81.75,4,86.66666666666667,4.0,0,6,0,1.6,5.0,2.0,3.0,9.908633081448466,Average Performer,True,False,False,True,False,False,0.2703839728519344,668,Good
S1734,Steven Stein,Male,2025-05-16,Low,1.0,0.6,0.25,4.525,4,0.61572,61.96,25,54.74916666666667,2,78.33333333333333,5.666666666666667,0,6,0,1.0,7.0,0.0,3.0,1.0,At Risk,True,False,False,True,False,True,0.4357856666666666,1829,Average
S1735,Laura Jackson,Female,2026-05-06,Low,1.0,0.4,0.3333333333333333,6.366666666666667,3,0.7095833333333333,70.54166666666667,24,58.333333333333336,3,78.16666666666667,4.666666666666667,2,4,0,1.6,5.0,2.0,0.0,1.0,At Risk,True,False,False,True,False,False,0.45070833333333327,1681,Average
S1736,Charles Turner,Male,2026-06-13,Low,3.25654666751358,0.6,0.3333333333333333,9.2,3,0.7018461538461539,70.6923076923077,26,61.25,4,85.66666666666667,4.833333333333333,0,6,0,1.0,9.0,2.0,3.0,3.25654666751358,At Risk,True,False,False,True,False,False,0.38030478717736993,1609,Good
S1737,Arthur Hamilton MD,Female,2025-10-13,Medium,13.425237365767174,0.8666666666666667,1.0,14.866666666666667,3,0.71364,68.04,25,85.33333333333333,3,83.66666666666667,4.5,0,6,0,1.6,10.0,3.0,7.0,13.425237365767174,Average Performer,False,False,False,False,False,False,0.23951157325224873,723,Good
S1738,Mr. David Wright,Male,2025-01-17,Low,4.732983810962925,0.9333333333333332,1.0,7.233333333333333,3,0.7216538461538461,71.6923076923077,26,81.0,2,78.83333333333333,4.0,1,4,1,1.6,6.0,2.0,3.0,4.732983810962925,Average Performer,False,False,False,True,False,False,0.2580880532931055,859,Good
S1739,Linda Gonzalez,Male,2024-08-12,High,19.003367881952283,0.9666666666666668,0.75,22.375,4,0.892265925925926,89.89655172413794,29,82.5,2,88.0,4.0,2,3,1,2.4,6.0,4.0,5.0,19.003367881952283,High Performer,False,False,False,False,False,False,0.1461451358506748,14,Excellent
S1740,Eric Rush,Male,2024-08-13,Medium,8.451146653894302,0.8,0.5,8.75,4,0.8000344827586207,79.62068965517241,29,84.0,3,84.5,5.166666666666667,2,3,1,1.9,5.0,1.0,4.0,8.451146653894302,Average Performer,False,False,False,True,False,True,0.24411178853767804,440,Good
S1741,Manuel Brock,Male,2026-07-14,High,18.30405852807384,0.9333333333333332,1.0,13.733333333333334,3,0.7998,79.86666666666666,30,86.0,3,82.66666666666667,1.8333333333333333,2,4,0,2.0,7.0,4.0,7.0,18.30405852807384,High Performer,False,False,False,False,False,False,0.1849665203464821,214,Excellent
S1742,George Ochoa,Female,2025-10-03,High,12.813615508465904,0.9,1.0,22.666666666666668,3,0.8004814814814815,81.5925925925926,27,79.33333333333333,3,83.83333333333333,1.0,3,3,0,2.2,9.0,1.0,4.0,12.813615508465904,High Performer,False,False,False,False,False,False,0.21840485011772415,300,Good
S1743,Valerie Taylor,Female,2025-12-11,High,6.182794044073827,0.8333333333333334,1.0,8.200000000000001,3,0.792344827586207,81.03448275862068,29,75.33333333333333,3,79.5,4.666666666666667,1,4,1,1.1,7.0,2.0,5.0,6.182794044073827,Average Performer,False,False,False,True,False,False,0.2685895666139534,1086,Good
S1744,Travis Harris,Male,2025-11-14,Medium,11.24575198242129,1.0,0.5,10.3,4,0.7134230769230769,73.11538461538461,26,76.25,4,90.0,0.8333333333333334,3,3,0,1.5,3.0,3.0,7.0,11.24575198242129,Average Performer,False,False,False,False,False,False,0.22035869696702368,575,Good
S1745,Vincent Novak,Female,2025-11-25,Low,6.302612894066117,0.5333333333333333,0.25,8.35,4,0.7410666666666667,74.4,30,63.5,4,73.83333333333333,6.0,0,5,1,1.0,8.0,2.0,2.0,6.302612894066117,At Risk,True,False,False,True,False,True,0.3908401344315014,1794,Good
S1746,Michael Henry,Male,2025-01-20,Medium,10.097157543613603,0.9666666666666668,1.0,12.033333333333331,3,0.7359523809523809,76.0,21,72.66666666666667,3,81.5,3.0,1,5,0,2.4,7.0,5.0,5.0,10.097157543613603,Average Performer,False,False,False,False,False,False,0.24472139185525166,602,Good
S1747,Dana Bennett,Female,2026-07-01,High,14.69386451161697,0.9,1.0,23.027249999999995,4,0.8715,86.20833333333333,24,91.5,4,77.16666666666667,3.8333333333333335,1,5,0,2.1,8.0,4.0,6.0,14.69386451161697,High Performer,False,False,False,False,False,False,0.17806533872095753,259,Excellent
S1748,Jenna Wilson,Female,2024-10-04,Low,5.7308556490116045,0.9666666666666668,1.0,10.9,2,0.5915,61.26923076923077,26,70.5,4,84.66666666666667,2.5,1,5,0,1.0,8.0,2.0,2.0,5.7308556490116045,Average Performer,False,False,False,True,False,False,0.29855619421080426,1220,Good
S1749,Leslie Gardner,Female,2025-07-21,Medium,3.443254064784212,0.7333333333333333,0.0,5.925,4,0.6214,60.72,25,74.66666666666667,3,84.5,3.333333333333333,0,6,0,1.0,5.0,2.0,4.0,3.443254064784212,Average Performer,True,False,False,True,False,False,0.3455551981713728,1450,Good
S1750,Krista Benton,Male,2024-12-27,Medium,18.395412191118613,0.8333333333333334,0.75,8.425,4,0.7613928571428571,76.07142857142857,28,82.5,2,80.33333333333333,3.333333333333333,0,6,0,2.7,6.0,0.0,5.0,18.395412191118613,Average Performer,False,False,False,False,False,False,0.23176027904601304,537,Good
S1751,Michael Gonzales,Female,2025-02-15,Medium,9.411504895913913,0.9333333333333332,1.0,12.725,4,0.7516363636363637,74.18181818181819,22,65.0,4,84.66666666666667,2.6666666666666665,1,5,0,1.8,6.0,2.0,2.0,9.411504895913913,Average Performer,False,False,False,True,False,False,0.2606469953359728,814,Good
S1752,Michael Fuentes,Female,2026-01-22,Medium,13.44018271747914,0.7333333333333333,0.5,8.850000000000001,2,0.8191666666666667,82.625,24,71.5,4,80.83333333333333,3.5,1,5,0,2.3,10.0,4.0,4.0,13.44018271747914,Average Performer,True,False,False,False,False,False,0.2730662098729688,786,Good
S1753,Jennifer Porter,Male,2026-05-19,Medium,11.826124235296566,0.8,1.0,9.55,2,0.6665769230769231,66.88461538461539,26,72.0,2,80.33333333333333,2.0,3,3,0,1.3,2.0,2.0,0.0,11.826124235296566,Average Performer,False,False,False,False,False,False,0.3059616124886817,1433,Good
S1754,Dana Hopkins,Male,2024-12-05,Low,8.719868301057549,0.8333333333333334,0.75,11.6,4,0.6759310344827586,68.3103448275862,29,68.66666666666667,3,81.16666666666667,3.333333333333333,1,5,0,2.3,8.0,3.0,6.0,8.719868301057549,Average Performer,False,False,False,True,False,False,0.30800435223586187,1103,Good
S1755,Rachel Jones,Female,2024-09-03,Medium,13.50560244231638,0.7,0.6666666666666666,12.1,3,0.7586333333333334,75.13333333333334,30,75.5,4,78.66666666666667,5.833333333333333,0,6,0,1.3,8.0,1.0,7.0,13.50560244231638,Average Performer,True,False,False,False,False,True,0.294645993894209,1325,Good
S1756,Karen Morales DDS,Female,2025-06-03,Medium,9.502009498728976,0.7,0.5,8.15,2,0.6280666666666667,61.766666666666666,30,67.0,2,77.0,5.166666666666667,0,5,1,1.4,7.0,3.0,4.0,9.502009498728976,Average Performer,True,False,False,True,False,True,0.36332497625317756,1687,Good
S1757,Melissa Stephens,Female,2025-11-19,Low,3.770675513026603,0.7666666666666667,1.0,4.633333333333334,3,0.7639705882352942,75.44117647058823,34,63.5,2,75.66666666666667,3.5,3,3,0,1.0,7.0,2.0,5.0,3.770675513026603,Average Performer,False,False,False,True,False,False,0.32921546808017854,1620,Good
S1758,Heather Woodard,Female,2025-06-25,Medium,13.243189956104892,0.9,0.6666666666666666,11.8,3,0.8360434782608696,82.69565217391305,23,94.0,2,86.5,4.166666666666667,0,6,0,1.9,5.0,4.0,3.0,13.243189956104892,High Performer,False,False,False,False,False,False,0.17332898163147692,88,Excellent
S1759,Margaret Miller,Female,2025-11-05,High,9.46523900949776,0.9666666666666668,1.0,11.2,3,0.793,77.41666666666667,24,87.66666666666667,3,75.83333333333333,1.8333333333333333,3,3,0,1.9,9.0,1.0,2.0,9.46523900949776,High Performer,False,False,False,True,False,False,0.20768690247625557,435,Good
S1760,Mary Kelly,Male,2025-02-14,High,16.5594476653841,0.9666666666666668,0.75,12.675,4,0.8358461538461538,84.3076923076923,26,83.75,4,88.66666666666667,2.833333333333333,2,4,0,2.9,7.0,1.0,3.0,16.5594476653841,High Performer,False,False,False,False,False,False,0.1656808680160269,9,Excellent
S1761,Amanda Terrell,Male,2024-11-19,High,13.638245953053152,0.8333333333333334,1.0,11.366666666666667,3,0.7962307692307692,80.0,26,79.0,4,79.5,2.0,1,5,0,2.0,10.0,2.0,6.0,13.638245953053152,Average Performer,False,False,False,False,False,False,0.241451821014803,659,Good
S1762,Jennifer Goodwin,Male,2024-10-04,Medium,18.004204642475166,0.9666666666666668,0.5,19.625,4,0.7873461538461538,80.46153846153847,26,77.0,2,78.66666666666667,1.8333333333333333,3,3,0,2.3,7.0,6.0,5.0,18.004204642475166,High Performer,False,False,False,False,False,False,0.20511897557329922,463,Good
S1763,Jessica Smith,Female,2025-05-08,Medium,13.906752342658551,0.7666666666666667,0.75,18.375,4,0.7502068965517241,73.86206896551724,29,62.5,2,88.16666666666667,2.833333333333333,1,5,0,1.7,8.0,0.0,2.0,13.906752342658551,Average Performer,False,False,False,False,False,False,0.2912543835111697,1051,Good
S1764,Jorge Stone,Male,2024-12-06,High,15.419240631659456,0.9,0.75,13.7,4,0.76236,77.48,25,90.75,4,77.5,0.8333333333333334,3,3,0,1.8,8.0,1.0,7.0,15.419240631659456,High Performer,False,False,False,False,False,False,0.20999389842085134,610,Good
S1765,Laura Griffin,Female,2025-10-10,Low,8.783378137375545,0.6333333333333333,0.5,9.925,4,0.7004285714285715,72.10714285714286,28,68.5,4,79.5,3.0,0,6,0,1.4,4.0,2.0,2.0,8.783378137375545,At Risk,True,False,False,True,False,False,0.3533296498946564,1578,Good
S1766,Raymond Chapman,Female,2024-10-26,Medium,4.230363163770654,0.7333333333333333,0.6666666666666666,12.166666666666666,3,0.6884399999999999,70.36,25,74.0,2,84.16666666666667,3.0,0,6,0,2.5,10.0,1.0,5.0,4.230363163770654,Average Performer,True,False,False,True,False,False,0.3253087587572401,938,Good
S1767,Haley Johnson,Female,2024-08-06,High,14.619278540105167,0.9333333333333332,1.0,17.833333333333332,3,0.8518846153846155,86.1923076923077,26,80.0,3,85.0,2.0,1,5,0,2.4,7.0,1.0,2.0,14.619278540105167,High Performer,False,False,False,False,False,False,0.18705308570101914,89,Excellent
S1768,Jason Nixon,Male,2026-02-05,Medium,11.540932017545416,0.8666666666666667,0.6666666666666666,17.266666666666666,3,0.7917241379310345,78.51724137931035,29,83.5,2,75.83333333333333,4.5,0,5,1,1.8,10.0,4.0,4.0,11.540932017545416,High Performer,False,False,False,False,False,False,0.23621376191015947,725,Good
S1769,Todd Thomas,Female,2025-09-08,Medium,11.867255188507464,0.9666666666666668,1.0,9.3,4,0.8285714285714285,81.03571428571429,28,78.5,2,82.16666666666667,4.666666666666667,1,5,0,1.6,8.0,2.0,6.0,11.867255188507464,High Performer,False,False,False,False,False,False,0.1998437667906361,389,Excellent
S1770,Jesse Clark,Male,2025-06-29,High,20.17041608171084,0.9666666666666668,1.0,7.166666666666667,3,0.8310689655172413,83.41379310344827,29,85.5,2,79.66666666666667,3.1666666666666665,2,4,0,1.5,7.0,1.0,5.0,20.17041608171084,High Performer,False,False,False,False,False,False,0.16808660347388382,375,Excellent
S1771,Mr. Jeffrey Horton,Female,2026-03-19,Medium,9.442251386790796,0.7,1.0,9.9,3,0.7980357142857143,76.71428571428571,28,69.25,4,83.66666666666667,3.8333333333333335,2,4,0,1.2,8.0,3.0,2.0,9.442251386790796,Average Performer,True,False,False,True,False,False,0.29798365724730874,1190,Good
S1772,Eric Patrick,Male,2026-07-11,Low,4.799779605931729,0.7333333333333333,0.25,10.45,4,0.7714799999999999,74.4,25,82.5,2,67.16666666666667,2.5,1,5,0,1.0,7.0,1.0,2.0,4.799779605931729,Average Performer,True,False,False,True,False,False,0.3074732176518374,1400,Good
S1773,Samuel Wong,Male,2026-07-18,Medium,10.905645533654411,0.9666666666666668,1.0,21.2,3,0.8007741935483872,79.54838709677419,31,77.5,2,89.16666666666667,2.333333333333333,0,6,0,1.0,10.0,4.0,3.0,10.905645533654411,High Performer,False,False,False,False,False,False,0.20208696143468113,514,Good
S1774,Carly Riggs,Female,2025-07-14,Medium,11.010914975468074,0.9,1.0,8.933333333333334,3,0.6483571428571429,64.78571428571429,28,74.5,4,80.33333333333333,3.5,1,5,0,1.5,10.0,2.0,4.0,11.010914975468074,Average Performer,False,False,False,False,False,False,0.28346556970418696,1187,Good
S1775,Christopher Moore,Male,2026-04-30,Medium,6.720336261656026,0.8333333333333334,1.0,15.175,4,0.8378076923076924,84.0,26,79.0,2,86.0,2.6666666666666665,0,6,0,1.2,10.0,2.0,4.0,6.720336261656026,Average Performer,False,False,False,True,False,False,0.2365235183202189,585,Good
S1776,Tina Hall,Male,2026-01-01,High,20.64093866996414,0.9666666666666668,1.0,16.400000000000002,3,0.8583333333333333,88.38095238095238,21,81.5,2,81.5,3.8333333333333335,1,5,0,2.6,7.0,2.0,3.0,20.64093866996414,High Performer,False,False,False,False,False,False,0.163980986658423,90,Excellent
S1777,Cody Davidson,Female,2025-08-14,High,19.024409271225903,0.9333333333333332,0.3333333333333333,5.433333333333334,3,0.8637407407407408,86.70370370370371,27,92.66666666666669,3,92.16833333333334,1.3333333333333333,3,3,0,1.7,7.0,1.0,3.0,19.024409271225903,High Performer,False,False,False,False,False,False,0.13639758793304632,39,Excellent
S1778,Allen Mendez,Female,2024-10-27,Medium,10.857481157768856,0.9,0.3333333333333333,15.6,3,0.7854230769230769,78.61538461538461,26,83.66666666666667,3,81.33333333333333,2.6666666666666665,2,4,0,1.1,6.0,0.0,4.0,10.857481157768856,High Performer,False,False,False,False,False,False,0.22289604069532148,717,Good
S1779,Kevin Price,Female,2025-01-17,High,16.09574373619942,0.8,0.6666666666666666,12.5,3,0.7603703703703704,77.48148148148148,27,83.66666666666667,3,79.16666666666667,2.5,2,4,0,2.1,10.0,1.0,4.0,16.09574373619942,Average Performer,False,False,False,False,False,False,0.24556619621505701,719,Good
S1780,Christine Goodwin,Female,2026-02-01,High,22.72461197155168,0.9666666666666668,1.0,9.666666666666668,3,0.7121923076923077,71.61538461538461,26,80.5,4,86.33333333333333,4.333333333333333,1,5,0,2.1,8.0,0.0,3.0,22.628166883106164,Average Performer,False,False,False,False,False,False,0.1976052238178756,381,Excellent
S1781,Amy Garcia,Female,2024-12-31,Low,11.009496269062014,0.4666666666666667,0.75,7.625,4,0.6241153846153846,61.5,26,55.5,2,76.5,6.166666666666667,0,6,0,1.0,5.0,2.0,4.0,11.009496269062014,At Risk,True,False,False,False,False,True,0.4428249772760629,1862,Average
S1782,Chelsea Nguyen,Male,2024-12-22,Low,1.0,0.6,0.0,7.900000000000001,3,0.6805000000000001,68.11538461538461,26,61.333333333333336,3,74.0,4.333333333333333,1,5,0,1.4,8.0,0.0,4.0,1.0,At Risk,True,False,False,True,False,False,0.4096833333333333,1772,Average
S1783,Dennis Huffman,Male,2026-05-27,Low,8.504561223870395,0.8,1.0,15.066666666666668,3,0.7284444444444444,71.74074074074075,27,72.5,4,79.66666666666667,4.333333333333333,0,6,0,2.2,9.0,1.0,5.0,8.504561223870395,Average Performer,False,False,False,True,False,False,0.2957052636069907,1027,Good
S1784,Margaret Harper,Male,2026-04-19,Low,3.1149237675707195,0.6333333333333333,0.75,8.95,4,0.66952,73.24,25,73.5,2,76.5,5.166666666666667,0,6,0,2.3,10.0,2.0,4.0,3.1149237675707195,At Risk,True,False,False,True,False,True,0.3712733572477399,1374,Good
S1785,Laurie Bailey,Female,2026-03-26,High,12.256405530370245,0.7666666666666667,1.0,13.95,2,0.8261034482758621,84.24137931034483,29,78.0,2,75.5,2.6666666666666665,3,3,0,1.0,6.0,2.0,7.0,12.256405530370245,Average Performer,False,False,False,False,False,False,0.2606112850246491,1210,Good
S1786,Lisa Cervantes,Female,2025-02-18,Low,8.055341367958238,0.7,0.25,12.925,4,0.776962962962963,77.55555555555556,27,67.0,4,77.0,3.8333333333333335,0,6,0,1.0,7.0,0.0,4.0,8.055341367958238,Average Performer,True,False,False,True,False,False,0.32227275769121555,1574,Good
S1787,Elizabeth Mendez,Male,2025-03-07,High,16.618003276507995,0.9666666666666668,0.0,12.8,2,0.7671851851851851,79.51851851851852,27,88.0,2,78.16666666666667,1.5,2,4,0,2.4,7.0,2.0,5.0,16.618003276507995,High Performer,False,False,False,False,False,False,0.19338276958650777,304,Excellent
S1788,Cesar Wilson,Male,2026-02-26,Low,6.739117665556638,0.6333333333333333,0.75,7.075,4,0.7949642857142857,76.92857142857143,28,68.0,3,79.5,6.166666666666667,0,6,0,1.1,6.0,1.0,3.0,6.739117665556638,At Risk,True,False,False,True,False,True,0.33107958678848937,1430,Good
S1789,Clayton Steele,Female,2025-08-14,Low,10.525940706250404,0.7,0.0,10.65,2,0.7608333333333334,74.36666666666666,30,76.0,2,69.0,4.0,0,6,0,1.2,3.0,3.0,4.0,10.525940706250404,Average Performer,True,False,False,False,False,False,0.31493514823437396,1497,Good
S1790,Jennifer Taylor,Male,2025-05-19,Medium,7.117974750814935,0.7333333333333333,1.0,6.125,4,0.727423076923077,72.53846153846153,26,75.0,4,71.0,3.5,1,5,0,1.7,10.0,3.0,5.0,7.117974750814935,Average Performer,True,False,False,True,False,False,0.3241448067127063,1431,Good
S1791,Cody Reid,Female,2024-11-05,Low,2.280825041213681,0.4666666666666667,0.6666666666666666,4.933333333333333,3,0.6467142857142857,65.71428571428571,28,65.5,2,82.5,3.333333333333333,1,5,0,1.1,5.0,0.0,4.0,2.280825041213681,At Risk,True,False,False,True,False,False,0.4288669850160134,1695,Average
S1792,Maria Cooke,Female,2025-06-27,Medium,8.64704275073322,0.8666666666666667,1.0,14.325,4,0.8524999999999999,89.45454545454545,22,79.66666666666667,3,85.83333333333333,2.5,1,5,0,2.3,8.0,2.0,5.0,8.64704275073322,High Performer,False,False,False,True,False,False,0.21788239312316698,170,Good
S1793,Katherine Taylor,Female,2026-05-23,Medium,13.044593017325226,0.6,0.5,5.6,2,0.6614242424242425,67.0909090909091,33,77.66666666666667,3,76.66666666666667,4.5,1,5,0,1.7,5.0,2.0,7.0,13.044593017325226,At Risk,True,False,False,False,False,False,0.34862791139608085,1457,Good
S1794,Jerry Brown,Male,2025-01-03,Medium,7.951249992244049,0.9666666666666668,1.0,9.733333333333333,3,0.6831818181818181,67.72727272727273,22,84.0,2,90.16666666666669,0.6666666666666666,5,1,0,1.8,5.0,0.0,3.0,7.951249992244049,Average Performer,False,False,False,True,False,False,0.23025066289817775,393,Good
S1795,Adam Taylor,Female,2025-11-05,Medium,11.054020239516262,0.9333333333333332,0.5,5.8,4,0.7238800000000001,72.28,25,80.0,2,82.5,3.8333333333333335,1,5,0,1.2,8.0,3.0,4.0,11.054020239516262,Average Performer,False,False,False,False,False,False,0.23811761606787601,860,Good
S1796,Tracey Wagner,Female,2025-01-10,High,20.2967616745965,0.9333333333333332,1.0,11.3,4,0.77175,79.64285714285714,28,89.33333333333333,3,84.33333333333333,3.1666666666666665,0,6,0,2.4,9.0,3.0,4.0,20.2967616745965,High Performer,False,False,False,False,False,False,0.1792330958135088,132,Excellent
S1797,Michael Perry PhD,Female,2026-04-28,Medium,18.20230178927408,0.9333333333333332,0.5,10.975,4,0.8216,81.06666666666666,30,81.0,4,92.16833333333334,2.1666666666666665,1,5,0,2.5,9.0,1.0,7.0,18.20230178927408,High Performer,False,False,False,False,False,False,0.17442841219348149,42,Excellent
S1798,Bradley Johnson DDS,Female,2025-03-03,Low,5.6096626536609255,0.7,0.5,15.875,4,0.6753333333333335,69.29629629629629,27,80.0,3,79.33333333333333,3.6666666666666665,2,4,0,1.5,8.0,1.0,5.0,5.6096626536609255,Average Performer,True,False,False,True,False,False,0.3293758433658477,1321,Good
S1799,Donald Medina,Female,2026-02-11,High,22.125983113141608,0.8,0.6666666666666666,12.9,3,0.86792,85.72,25,84.25,4,82.33333333333333,3.333333333333333,2,4,0,1.7,7.0,3.0,3.0,22.125983113141608,Average Performer,False,False,False,False,False,False,0.19230904221714598,446,Excellent
S1800,Jim Newton,Female,2026-01-03,Low,5.068503699647713,0.7333333333333333,0.4,8.66,5,0.741090909090909,72.12121212121212,33,83.0,2,75.16666666666667,3.6666666666666665,1,5,0,1.3,6.0,3.0,4.0,5.068503699647713,Average Performer,True,False,False,True,False,False,0.3029181346902747,1280,Good
S1801,Krista Wilson,Male,2024-12-21,Low,10.373634916883786,0.8,0.5,11.0,2,0.6460384615384616,63.84615384615385,26,71.75,4,81.66666666666667,3.6666666666666665,0,6,0,1.0,6.0,2.0,5.0,10.373634916883786,Average Performer,False,False,False,False,False,False,0.314254374246252,1505,Good
S1802,Reginald Morrow,Female,2025-06-16,Low,2.70771866632408,0.7,0.6666666666666666,9.066666666666666,3,0.5914919565217391,59.51834838709678,28,54.74916666666667,2,77.0,3.1666666666666665,2,4,0,1.3,7.0,1.0,7.0,2.70771866632408,At Risk,True,False,False,True,False,False,0.4157847830443347,1770,Average
S1803,Rodney Williams,Female,2024-12-14,Low,14.537408389631263,0.9,0.8,12.54,5,0.8169333333333333,77.43333333333334,30,86.0,2,85.33333333333333,2.833333333333333,0,6,0,1.6,7.0,3.0,4.0,14.537408389631263,High Performer,False,False,False,False,False,False,0.1935764790259219,272,Excellent
S1804,Kimberly Fritz,Male,2025-06-09,Medium,9.561820052037389,0.9333333333333332,0.3333333333333333,10.766666666666666,3,0.6932903225806452,71.0,31,65.33333333333333,3,76.33333333333333,2.1666666666666665,0,6,0,1.0,6.0,0.0,4.0,9.561820052037389,Average Performer,False,False,False,True,False,False,0.28960835309571303,1522,Good
S1805,Ronald Potter,Female,2026-04-03,Low,4.031761396028118,0.8333333333333334,0.3333333333333333,13.633333333333336,3,0.8400799999999999,82.68,25,59.5,2,84.83333333333333,3.8333333333333335,0,6,0,1.7,7.0,0.0,2.0,4.031761396028118,Average Performer,False,False,False,True,False,False,0.28331326317659644,807,Good
S1806,Zachary Cole,Female,2024-11-17,Low,8.301870706103086,0.6,0.3333333333333333,5.366666666666667,3,0.6853225806451613,71.25806451612904,31,60.0,2,75.66666666666667,3.5,1,5,0,1.0,8.0,0.0,6.0,8.301870706103086,At Risk,True,False,False,True,False,False,0.3901485490411939,1827,Good
S1807,Robert Gonzales,Female,2024-08-18,High,15.457090640036151,0.8666666666666667,0.75,14.925,4,0.8431923076923076,81.46153846153847,26,88.66666666666667,3,82.66666666666667,3.333333333333333,0,6,0,1.8,8.0,4.0,4.0,15.457090640036151,High Performer,False,False,False,False,False,False,0.19039958109221733,261,Excellent
S1808,Patricia Young PhD,Male,2025-03-09,Medium,16.039433732269966,0.8666666666666667,0.6666666666666666,14.033333333333331,3,0.8441739130434783,84.34782608695652,23,83.0,3,85.0,2.833333333333333,1,5,0,2.1,10.0,1.0,3.0,16.039433732269966,High Performer,False,False,False,False,False,False,0.1964825750896149,180,Excellent
S1809,Heather Page,Male,2025-02-15,Medium,14.523422022320368,0.6666666666666666,0.3333333333333333,10.366666666666667,3,0.7485666666666667,74.2,30,86.5,2,84.16666666666667,5.166666666666667,0,6,0,1.4,8.0,1.0,6.0,14.523422022320368,At Risk,True,False,False,False,False,True,0.27320477827753237,887,Good
S1810,Carol Taylor,Other,2025-01-25,High,16.204275903594493,1.0,1.0,12.733333333333334,3,0.7769615384615385,75.6923076923077,26,88.25,4,85.83333333333333,0.8333333333333334,4,2,0,1.1,7.0,2.0,2.0,16.204275903594493,High Performer,False,False,False,False,False,False,0.17115084870255223,355,Excellent
S1811,Daniel Brown,Female,2025-11-18,Medium,11.192766437504762,0.8333333333333334,0.75,10.55,4,0.8343333333333334,82.66666666666667,27,77.0,3,78.66666666666667,2.333333333333333,1,5,0,2.0,10.0,1.0,3.0,11.192766437504762,Average Performer,False,False,False,False,False,False,0.2413847505729047,644,Good
S1812,Douglas Ryan,Male,2025-07-12,Medium,17.609791408285624,0.6,0.5,10.375,4,0.7325,76.65384615384616,26,79.5,2,72.83333333333333,3.6666666666666665,0,6,0,1.0,7.0,3.0,3.0,17.609791408285624,At Risk,True,False,False,False,False,False,0.317975521479286,1608,Good
S1813,Michael Roberts,Female,2026-07-01,High,17.291646128932253,0.8666666666666667,0.6666666666666666,7.8,3,0.892265925925926,90.60857142857144,29,73.25,4,86.83333333333333,4.166666666666667,2,4,0,1.8,7.0,2.0,2.0,17.291646128932253,High Performer,False,False,False,False,False,False,0.1956744402332249,388,Excellent
S1814,Scott Duke,Female,2025-02-04,Medium,12.090962813881568,0.8333333333333334,0.5,11.4,2,0.7335172413793103,72.6896551724138,29,84.66666666666667,3,78.83333333333333,5.0,1,4,1,1.5,6.0,3.0,6.0,12.090962813881568,Average Performer,False,False,False,False,False,False,0.2538007538848363,953,Good
S1815,Anna Estes,Female,2025-05-10,Low,1.0,0.7333333333333333,0.5,18.15,2,0.6875925925925926,69.48148148148148,27,73.5,2,86.83333333333333,5.5,0,6,0,1.6,4.0,2.0,6.0,1.0,Average Performer,True,False,False,True,False,True,0.3306388888888889,1136,Good
S1816,Tamara Riddle,Female,2025-10-22,Medium,12.724266537014556,0.8666666666666667,1.0,12.35,4,0.7316956521739131,74.0,23,77.0,4,84.83333333333333,2.5,2,4,0,2.0,7.0,2.0,5.0,12.724266537014556,Average Performer,False,False,False,False,False,False,0.25076397133862305,666,Good
S1817,Beth Cline,Male,2026-01-09,High,14.726102648416225,0.9,0.75,6.199999999999999,4,0.7947391304347826,81.3913043478261,23,79.33333333333333,3,82.66666666666667,4.166666666666667,0,6,0,1.3,10.0,0.0,5.0,14.726102648416225,High Performer,False,False,False,False,False,False,0.21709633758185798,661,Good
S1818,Michael Poole,Male,2025-12-11,High,18.984197091256046,0.9,1.0,17.266666666666666,3,0.7922,81.28,25,82.75,4,92.16833333333334,1.3333333333333333,3,3,0,2.5,8.0,6.0,5.0,18.984197091256046,High Performer,False,False,False,False,False,False,0.18612700727185985,97,Excellent
S1819,Megan Burns,Male,2025-07-17,Medium,14.62688159677156,0.9333333333333332,0.5,16.05,2,0.6827307692307693,67.8076923076923,26,85.0,3,84.66666666666667,1.3333333333333333,4,2,0,2.2,6.0,0.0,7.0,14.62688159677156,Average Performer,False,False,False,False,False,False,0.228280231905507,421,Good
S1820,Debra Perry,Female,2024-10-01,Low,6.770671023902439,0.6333333333333333,0.0,8.875,4,0.7792142857142857,80.5,28,74.0,2,77.5,5.166666666666667,0,6,0,1.0,6.0,2.0,5.0,6.770671023902439,At Risk,True,False,False,True,False,True,0.32672570339262486,1472,Good
S1821,Mark Beard,Male,2024-08-04,High,14.027513342774409,0.8,0.6666666666666666,20.9,3,0.741642857142857,74.82142857142857,28,85.66666666666667,3,87.0,2.833333333333333,1,5,0,1.2,8.0,2.0,2.0,14.027513342774409,Average Performer,False,False,False,False,False,False,0.24060502616687351,756,Good
S1822,Jose Ramirez,Male,2025-07-26,Medium,5.647604050010026,0.8666666666666667,0.5,9.475,4,0.8447391304347825,81.91304347826087,23,71.0,3,79.33333333333333,2.833333333333333,3,3,0,1.3,5.0,3.0,3.0,5.647604050010026,High Performer,False,False,False,True,False,False,0.25479258407787353,931,Good
S1823,Jackie Clements,Male,2024-11-07,High,19.86151272428084,0.9666666666666668,0.6666666666666666,15.033333333333331,3,0.812625,80.40625,32,94.0,2,87.16666666666667,2.833333333333333,1,5,0,1.2,6.0,2.0,4.0,19.86151272428084,High Performer,False,False,False,False,False,False,0.14614205152263118,190,Excellent
S1824,Aaron Schroeder,Female,2026-06-03,Medium,17.824081086777056,0.9666666666666668,0.3333333333333333,10.9,3,0.7501,75.26666666666667,30,86.5,2,84.33333333333333,2.1666666666666665,1,5,0,2.900999999999999,7.0,3.0,2.0,17.824081086777056,High Performer,False,False,False,False,False,False,0.1892431306163907,135,Excellent
S1825,Monica Ellis,Female,2025-04-04,Low,10.760841367378532,0.5666666666666667,0.3333333333333333,13.1,3,0.7239166666666667,75.5,24,65.0,2,70.33333333333333,3.8333333333333335,1,5,0,1.0,6.0,0.0,6.0,10.760841367378532,At Risk,True,False,False,False,False,False,0.37875622991488705,1821,Good
S1826,Heather Brown,Male,2026-01-16,Medium,17.042755102286993,0.8,0.25,11.825,4,0.7712592592592593,76.62962962962963,27,83.66666666666667,3,85.5,1.5,2,4,0,1.9,10.0,3.0,3.0,17.042755102286993,Average Performer,False,False,False,False,False,False,0.23043200113317136,508,Good
S1827,Claudia Jordan,Male,2025-05-31,High,12.611011624185148,0.9333333333333332,0.6666666666666666,9.5,3,0.825923076923077,82.03846153846153,26,81.0,2,87.5,1.8333333333333333,3,3,0,1.5,8.0,2.0,3.0,12.611011624185148,High Performer,False,False,False,False,False,False,0.19411221452928074,251,Excellent
S1828,Derrick Clayton,Female,2026-01-11,Medium,8.651364126826893,0.9,0.75,12.075,4,0.7838333333333334,76.41666666666667,24,71.5,2,80.66666666666667,4.0,0,6,0,2.0,8.0,2.0,6.0,8.651364126826893,High Performer,False,False,False,True,False,False,0.25422158968293274,730,Good
S1829,Kenneth Knight,Male,2025-01-07,High,15.418598751279006,0.9333333333333332,0.75,14.1,4,0.779,73.74074074074075,27,82.0,2,81.16666666666667,1.8333333333333333,3,3,0,1.6,9.0,3.0,3.0,15.418598751279006,High Performer,False,False,False,False,False,False,0.20867016978846914,546,Good
S1830,Mr. Michael Williams,Male,2026-02-01,Medium,13.171810113354727,0.9333333333333332,1.0,15.95,2,0.8164137931034482,85.55172413793103,29,88.25,4,83.16666666666667,1.0,5,1,0,1.1,10.0,2.0,4.0,13.171810113354727,High Performer,False,False,False,False,False,False,0.1875630034522454,417,Excellent
S1831,Richard Stevens,Male,2025-05-20,Medium,10.782181989720309,0.8666666666666667,0.5,12.2,4,0.8650606060606061,89.0909090909091,33,71.33333333333333,3,84.83333333333333,3.6666666666666665,2,4,0,1.6,9.0,3.0,7.0,10.782181989720309,High Performer,False,False,False,False,False,False,0.22694302987418408,588,Good
S1832,Scott Alexander,Male,2026-01-28,High,20.03176586555333,0.9333333333333332,1.0,18.33333333333333,3,0.81836,83.36,25,67.5,2,81.0,4.5,2,3,1,2.6,10.0,4.0,4.0,20.03176586555333,Average Performer,False,False,False,False,False,False,0.21457925200278338,501,Good
S1833,Tyler Harris,Male,2025-06-20,Medium,12.023790195916895,0.7333333333333333,0.5,9.6,4,0.80048,78.16,25,80.0,2,74.66666666666667,4.5,0,6,0,1.7,6.0,2.0,5.0,12.023790195916895,Average Performer,True,False,False,False,False,False,0.2744631911768744,1022,Good
S1834,Bonnie Santos,Female,2026-02-18,Medium,10.783847341680977,0.6666666666666666,0.75,6.4,4,0.68875,71.46428571428571,28,70.5,4,79.83333333333333,5.5,0,6,0,1.4,6.0,1.0,5.0,10.783847341680977,At Risk,True,False,False,False,False,True,0.3389987149791309,1530,Good
S1835,Timothy Hill,Male,2025-11-02,Low,9.113027868701684,0.8,0.25,10.525,4,0.6557857142857142,64.17857142857143,28,73.33333333333333,3,85.16666666666667,6.0,0,6,0,2.0,7.0,0.0,2.0,9.113027868701684,Average Performer,False,False,False,True,False,True,0.3060650493758649,1000,Good
S1836,Danielle Watson,Female,2025-02-11,Low,6.743941516679427,0.5333333333333333,0.25,3.9996666666666663,4,0.6244137931034482,62.89655172413793,29,57.333333333333336,3,74.5,5.666666666666667,0,6,0,1.0,3.0,1.0,4.0,6.743941516679427,At Risk,True,False,False,True,False,True,0.436066008277267,1870,Average
S1837,Carol Sanders,Male,2024-09-21,High,20.9341192842681,0.9333333333333332,0.6666666666666666,12.133333333333333,3,0.7829999999999999,79.22727272727273,22,87.0,3,85.5,2.1666666666666665,1,5,0,2.900999999999999,7.0,2.0,4.0,20.9341192842681,High Performer,False,False,False,False,False,False,0.17718136845599647,77,Excellent
S1838,Michael Young,Female,2024-10-09,Low,9.535609284694427,0.3,0.25,7.324999999999999,4,0.63975,61.25,28,57.333333333333336,3,77.0,4.666666666666667,1,5,0,1.0,5.0,3.0,4.0,9.535609284694427,At Risk,True,False,False,True,False,False,0.4790693101215972,1856,Average
S1839,Michele Smith,Female,2025-10-02,Medium,5.068837714816199,0.7,0.6666666666666666,12.9,3,0.7844444444444444,79.77777777777777,27,70.33333333333333,3,74.66666666666667,4.166666666666667,0,6,0,1.0,8.0,2.0,6.0,5.068837714816199,Average Performer,True,False,False,True,False,False,0.32432790571295955,1562,Good
S1840,Casey Perez,Male,2024-09-10,Medium,15.943652579922324,1.0,0.5,21.5,2,0.72152,73.16,25,81.0,2,82.0,1.5,3,3,0,2.0,9.0,3.0,5.0,15.943652579922324,Average Performer,False,False,False,False,False,False,0.2086848685501942,486,Good
S1841,Alexandra Dominguez,Female,2024-09-05,Low,7.229853404404952,0.7,0.25,6.75,4,0.7512000000000001,72.72,25,63.0,4,79.0,2.833333333333333,2,4,0,1.4,7.0,1.0,2.0,7.229853404404952,Average Performer,True,False,False,True,False,False,0.3370653664889876,1501,Good
S1842,Virginia Henderson,Male,2025-04-11,Low,3.1487460769781603,0.5,0.6666666666666666,11.033333333333331,3,0.6604800000000001,64.68,25,70.33333333333333,3,79.16666666666667,5.333333333333333,0,6,0,1.8,3.0,0.0,3.0,3.1487460769781603,At Risk,True,False,False,True,False,True,0.4095674681408879,1543,Average
S1843,Benjamin Reyes,Other,2026-07-20,Low,3.4153723949043324,0.6666666666666666,0.3333333333333333,6.766666666666667,3,0.6831724137931035,65.65517241379311,29,62.5,4,77.0,3.5,1,5,0,1.7,6.0,0.0,3.0,3.4153723949043324,At Risk,True,False,False,True,False,False,0.37934317820814145,1626,Good
S1844,Ashley Edwards,Male,2025-01-25,Medium,7.358039442582819,0.8,0.75,8.625,4,0.6715833333333333,68.54166666666667,24,63.75,4,77.5,1.5,2,4,0,1.5,6.0,2.0,3.0,7.358039442582819,Average Performer,False,False,False,True,False,False,0.3363799013935429,1568,Good
S1845,Breanna Ayala,Male,2025-07-27,Medium,10.511478089441418,0.7666666666666667,1.0,18.5,2,0.78944,80.52,25,72.5,4,92.16833333333334,4.333333333333333,0,6,0,2.0,7.0,1.0,4.0,10.511478089441418,Average Performer,False,False,False,False,False,False,0.2619701381097298,608,Good
S1846,Brandi Haney,Male,2026-07-02,Low,8.020337533283056,0.5666666666666667,0.25,7.774999999999999,4,0.62684,62.08,25,67.0,2,69.83333333333333,5.0,0,6,0,1.0,7.0,4.0,2.0,8.020337533283056,At Risk,True,False,False,True,False,False,0.4114804895001257,1863,Average
S1847,Joseph Smith,Other,2025-04-28,Medium,15.071015363886994,0.9,0.5,8.925,4,0.8321481481481482,84.92592592592592,27,84.5,4,82.5,2.6666666666666665,1,5,0,1.6,6.0,0.0,3.0,15.071015363886994,High Performer,False,False,False,False,False,False,0.19492801714583805,368,Excellent
S1848,Jessica Bowen,Female,2025-11-09,Medium,10.07938978147358,0.6333333333333333,0.6666666666666666,9.266666666666666,3,0.6962916666666666,70.79166666666667,24,64.5,2,76.0,4.333333333333333,0,6,0,2.0,5.0,1.0,6.0,10.07938978147358,At Risk,True,False,False,False,False,False,0.3645806922129827,1559,Good
S1849,Brittany Jenkins,Female,2026-07-26,Medium,8.44633356691528,0.8333333333333334,0.6666666666666666,11.166666666666666,3,0.7334193548387097,73.74193548387096,31,79.75,4,82.0,4.5,1,5,0,2.0,7.0,1.0,4.0,8.44633356691528,Average Performer,False,False,False,True,False,False,0.2680250262977656,748,Good
S1850,Shannon Miller,Male,2025-12-30,Medium,14.364564516630017,0.6666666666666666,0.75,7.55,4,0.7734615384615384,75.07692307692308,26,73.33333333333333,3,81.16666666666667,3.333333333333333,3,3,0,1.1,7.0,1.0,6.0,14.364564516630017,At Risk,True,False,False,False,False,False,0.29696679383663016,1309,Good
S1851,Paul Lawrence,Female,2026-04-11,High,15.550568275888695,0.9,0.3333333333333333,17.0,3,0.7940333333333334,82.0,30,92.66666666666669,3,83.0,2.6666666666666665,3,3,0,2.4,5.0,2.0,2.0,15.550568275888695,High Performer,False,False,False,False,False,False,0.18808024597694487,156,Excellent
S1852,Victor Edwards,Male,2025-11-03,High,15.247713121983557,0.9333333333333332,0.5,8.125,4,0.8175,78.46428571428571,28,85.0,2,83.5,3.333333333333333,2,4,0,1.5,8.0,3.0,5.0,15.247713121983557,High Performer,False,False,False,False,False,False,0.1880473838617078,320,Excellent
S1853,Donald Miller,Female,2026-01-29,Low,7.978387183373565,0.3,0.25,7.575,4,0.7203571428571429,73.07142857142857,28,64.66666666666667,3,70.33333333333333,5.166666666666667,0,6,0,1.0,6.0,1.0,4.0,7.978387183373565,At Risk,True,False,False,True,False,True,0.45411355585108987,1839,Average
S1854,Lindsay Lawson,Male,2026-02-28,High,16.371706125627448,0.9666666666666668,0.6666666666666666,7.066666666666666,3,0.8739666666666667,87.53333333333333,30,80.0,4,79.66666666666667,2.6666666666666665,2,4,0,2.2,5.0,3.0,6.0,16.371706125627448,High Performer,False,False,False,False,False,False,0.17571406801926465,195,Excellent
S1855,Melissa Abbott,Male,2026-04-17,Medium,14.717924051019542,0.8333333333333334,0.6666666666666666,17.400000000000002,3,0.8273846153846154,80.65384615384616,26,77.25,4,77.83333333333333,2.333333333333333,3,3,0,2.2,7.0,2.0,5.0,14.717924051019542,Average Performer,False,False,False,False,False,False,0.2354064719237332,615,Good
S1856,Elizabeth Holmes,Male,2024-08-31,High,16.68223639525386,0.9333333333333332,1.0,12.65,2,0.7811935483870968,78.6774193548387,31,87.5,2,82.0,2.0,2,4,0,2.5,9.0,4.0,4.0,16.68223639525386,High Performer,False,False,False,False,False,False,0.19260301116240303,175,Excellent
S1857,Nicole Phillips,Male,2024-07-31,High,16.105779323270067,0.9333333333333332,0.5,14.825,4,0.8314074074074074,82.44444444444444,27,74.5,2,90.33333333333331,2.5,3,3,0,1.6,6.0,3.0,4.0,16.105779323270067,High Performer,False,False,False,False,False,False,0.19247999613626932,324,Excellent
S1858,Steven Blevins,Female,2025-02-09,High,21.06983444575792,0.8666666666666667,0.75,13.75,4,0.7881666666666667,80.0,30,78.33333333333333,3,80.33333333333333,3.1666666666666665,2,4,0,2.2,8.0,3.0,5.0,21.06983444575792,High Performer,False,False,False,False,False,False,0.2170420805522719,553,Good
S1859,Brian Porter MD,Male,2025-08-22,High,15.102535884917284,0.9,1.0,16.333333333333332,3,0.8049629629629629,80.96296296296296,27,74.5,2,83.83333333333333,3.0,3,3,0,2.900999999999999,8.0,3.0,4.0,15.102535884917284,High Performer,False,False,False,False,False,False,0.22100477139881797,315,Good
S1860,Vanessa Hatfield,Female,2025-11-20,Low,9.873636565136454,0.6333333333333333,0.25,13.225,4,0.7573703703703705,74.77777777777777,27,68.0,2,76.83333333333333,4.666666666666667,1,4,1,1.0,7.0,3.0,3.0,9.873636565136454,At Risk,True,False,False,True,False,False,0.3385214641427144,1657,Good
S1861,Bonnie Valencia,Male,2025-05-18,Medium,16.32943411000316,0.6666666666666666,1.0,13.65,2,0.8424615384615385,84.53846153846153,26,87.75,4,82.5,2.1666666666666665,1,5,0,1.8,10.0,1.0,4.0,16.32943411000316,At Risk,True,False,False,False,False,False,0.2405212865198639,521,Good
S1862,Holly Vega,Female,2025-03-18,Low,1.853399967439108,0.8333333333333334,0.6666666666666666,14.366666666666664,3,0.7744,77.56,25,77.66666666666667,3,75.16666666666667,4.0,0,6,0,1.0,8.0,0.0,5.0,1.853399967439108,Average Performer,False,False,False,True,False,False,0.2866298334147356,1287,Good
S1863,Tiffany Townsend,Male,2025-05-29,Medium,11.266781196866836,0.5,0.75,17.25,4,0.7902666666666666,77.7,30,62.0,3,83.66666666666667,4.166666666666667,1,5,0,1.8,6.0,1.0,6.0,11.266781196866836,At Risk,True,False,False,False,False,False,0.360253047007833,1204,Good
S1864,Austin Baker,Male,2025-12-30,Medium,16.098665319978295,0.6666666666666666,0.0,8.325,4,0.7380000000000001,76.14814814814815,27,74.0,2,75.83333333333333,2.1666666666666665,2,4,0,1.6,9.0,3.0,4.0,16.098665319978295,At Risk,True,False,False,False,False,False,0.3099366700333876,1427,Good
S1865,Antonio Mccormick,Female,2025-05-11,Medium,8.135693614276827,0.8333333333333334,1.0,15.033333333333331,3,0.7938076923076923,83.07692307692308,26,71.5,2,76.16666666666667,2.833333333333333,2,4,0,1.8,8.0,3.0,3.0,8.135693614276827,Average Performer,False,False,False,True,False,False,0.2759351249386669,1030,Good
S1866,Lori Mason,Male,2024-11-06,Medium,3.610807538471035,0.8,1.0,10.8,3,0.7487391304347826,75.3913043478261,23,64.0,3,79.33333333333333,3.1666666666666665,0,6,0,1.0,8.0,2.0,1.0,3.610807538471035,Average Performer,False,False,False,True,False,False,0.3193512420233876,1525,Good
S1867,Michael Miller,Male,2026-06-20,Low,6.017467124643275,0.7,0.75,11.425,4,0.6669142857142857,65.05714285714286,35,54.74916666666667,3,79.33333333333333,2.1666666666666665,2,4,0,1.0,10.0,1.0,2.0,6.017467124643275,At Risk,True,False,False,True,False,False,0.3813837131407728,1767,Good
S1868,Lisa Ramirez,Female,2025-10-04,Medium,12.466422136211014,0.9,0.3333333333333333,5.433333333333334,3,0.7119285714285715,72.75,28,82.33333333333333,3,82.66666666666667,4.0,0,6,0,1.1,10.0,3.0,5.0,12.466422136211014,Average Performer,False,False,False,False,False,False,0.24158870656423437,924,Good
S1869,Jorge Harris,Female,2024-08-27,Medium,5.84694140792648,0.7666666666666667,0.75,12.8,4,0.7577999999999999,80.56666666666666,30,71.66666666666667,3,84.83333333333333,2.833333333333333,2,4,0,1.4,10.0,2.0,2.0,5.84694140792648,Average Performer,False,False,False,True,False,False,0.29579264648018383,1092,Good
S1870,Kimberly Myers,Male,2025-10-20,Low,1.0,0.8333333333333334,0.25,8.7,4,0.7378695652173913,75.8695652173913,23,67.5,2,87.66666666666667,3.8333333333333335,0,6,0,1.1,7.0,2.0,4.0,1.0,Average Performer,False,False,False,True,False,False,0.3013057971014492,1149,Good
S1871,Sandra Becker,Male,2024-12-13,Low,4.698035529793711,0.8333333333333334,0.4,14.52,5,0.7513448275862069,74.20689655172414,29,68.66666666666667,3,86.0,4.666666666666667,1,5,0,1.1,8.0,2.0,3.0,4.698035529793711,Average Performer,False,False,False,True,False,False,0.288184796232987,1141,Good
S1872,Michael Blair,Female,2025-02-14,Low,1.0853600461111277,0.8,0.0,10.466666666666669,3,0.7255882352941176,70.82352941176471,34,75.75,4,72.0,3.1666666666666665,1,5,0,1.3,5.0,1.0,5.0,1.0853600461111277,Average Performer,False,False,False,True,False,False,0.32011012929648686,1452,Good
S1873,Amy Miller,Male,2024-12-05,Medium,12.516996214037457,0.6333333333333333,0.75,6.7,4,0.7929642857142857,78.21428571428571,28,70.25,4,78.0,3.8333333333333335,0,6,0,1.4,7.0,0.0,4.0,12.516996214037457,At Risk,True,False,False,False,False,False,0.31498489041728733,1366,Good
S1874,Jesse Lynch,Male,2025-08-22,Low,10.078962963814476,0.7,1.0,5.2,2,0.7403461538461538,76.23076923076923,26,55.0,2,74.0,4.5,0,6,0,1.0,6.0,1.0,6.0,10.078962963814476,Average Performer,True,False,False,False,False,False,0.3566987464366177,1768,Good
S1875,Patrick Yang,Male,2025-08-13,Medium,9.453070183587643,0.5666666666666667,0.0,6.566666666666666,3,0.7601481481481481,76.70370370370371,27,62.5,4,80.5,5.0,1,5,0,1.0,6.0,0.0,4.0,9.453070183587643,At Risk,True,False,False,True,False,False,0.3609062134299198,1633,Good
S1876,Michael Miles,Female,2026-07-19,Medium,5.352879419942877,0.8333333333333334,1.0,17.333333333333332,3,0.8236666666666667,88.07407407407408,27,72.75,4,76.0,2.333333333333333,2,4,0,1.5,6.0,2.0,4.0,5.352879419942877,Average Performer,False,False,False,True,False,False,0.27168446811680946,1033,Good
S1877,Troy Mills,Female,2025-04-16,High,20.17877227566663,0.9666666666666668,0.5,15.925,4,0.8614799999999999,86.68,25,85.5,2,79.33333333333333,1.8333333333333333,2,4,0,2.2,8.0,3.0,6.0,20.17877227566663,High Performer,False,False,False,False,False,False,0.15944240264416676,138,Excellent
S1878,Michelle Jackson,Male,2026-06-08,Medium,10.912831640473454,0.8666666666666667,0.6666666666666666,11.766666666666666,3,0.7897878787878787,75.72727272727273,33,71.75,4,86.5,2.0,2,4,0,1.3,10.0,2.0,4.0,10.912831640473454,High Performer,False,False,False,False,False,False,0.24586489059578606,800,Good
S1879,Richard Adams,Male,2025-07-25,High,8.107962425322837,0.9666666666666668,0.6666666666666666,8.633333333333333,3,0.74164,72.76,25,73.66666666666667,3,86.66666666666667,2.333333333333333,1,5,0,1.5,8.0,3.0,7.0,8.107962425322837,Average Performer,False,False,False,True,False,False,0.23823809393669287,649,Good
S1880,Patricia Johnson,Male,2024-11-06,Medium,13.703247194292816,0.7333333333333333,0.5,9.4,2,0.7630384615384614,77.92307692307692,26,86.0,2,72.66666666666667,3.333333333333333,0,6,0,1.4,8.0,2.0,3.0,13.703247194292816,Average Performer,True,False,False,False,False,False,0.2724970102193962,1185,Good
S1881,Denise Brown,Female,2024-10-04,Low,12.551341727188053,0.6,0.75,8.45,4,0.7462307692307693,76.42307692307692,26,64.5,4,76.16666666666667,5.666666666666667,0,6,0,1.5,6.0,1.0,7.0,12.551341727188053,At Risk,True,False,False,False,False,True,0.3515024149127991,1610,Good
S1882,Laura Jones,Male,2025-03-30,High,18.45757749272971,0.9333333333333332,0.6666666666666666,12.0,3,0.7540399999999999,76.6,25,82.66666666666667,3,89.5,3.0,1,5,0,2.0,7.0,3.0,5.0,18.45757749272971,High Performer,False,False,False,False,False,False,0.19472738960150912,243,Excellent
S1883,Ian Porter,Male,2026-01-29,High,19.288950158196496,0.9666666666666668,0.75,14.95,4,0.7817857142857143,79.60714285714286,28,75.5,4,84.66666666666667,1.5,2,4,0,2.3,8.0,2.0,4.0,19.288950158196496,High Performer,False,False,False,False,False,False,0.19757524365212778,281,Excellent
S1884,Holly Scott,Female,2025-09-11,High,19.72222106175523,0.7666666666666667,0.3333333333333333,11.366666666666667,3,0.8832,87.84,25,80.66666666666667,3,84.5,2.333333333333333,2,4,0,2.2,8.0,0.0,5.0,19.72222106175523,Average Performer,False,False,False,False,False,False,0.20598444734561192,303,Good
S1885,Kenneth Sharp,Male,2025-06-28,Low,7.001629048993118,0.6,1.0,12.1,3,0.7328,73.76666666666667,30,61.333333333333336,3,80.66666666666667,2.833333333333333,2,4,0,2.1,7.0,0.0,4.0,7.001629048993118,At Risk,True,False,False,True,False,False,0.3689892607108505,1362,Good
S1886,Jordan Williams,Female,2024-11-14,Medium,13.289853038931213,0.9,0.6666666666666666,18.933333333333334,3,0.7629259259259259,79.85185185185185,27,74.0,4,81.16666666666667,3.333333333333333,3,3,0,1.9,4.0,0.0,6.0,13.289853038931213,High Performer,False,False,False,False,False,False,0.2431475896248942,753,Good
S1887,Dana Ruiz,Male,2025-02-14,Medium,11.12061588643173,0.8,0.6666666666666666,11.5,3,0.8019285714285714,82.92857142857143,28,85.0,4,75.83333333333333,3.6666666666666665,1,5,0,1.7,8.0,1.0,5.0,11.12061588643173,Average Performer,False,False,False,False,False,False,0.24786988885534922,804,Good
S1888,Chris Velazquez,Male,2024-10-25,Low,4.746500766194802,0.8333333333333334,0.5,16.55,4,0.7014848484848485,71.9090909090909,33,79.33333333333333,3,71.33333333333333,3.0,1,5,0,1.9,6.0,1.0,5.0,4.746500766194802,Average Performer,False,False,False,True,False,False,0.30368829353905846,1196,Good
S1889,Kristen Sloan,Male,2025-03-27,Low,8.418769852344768,0.9,1.0,7.399999999999999,3,0.6939310344827586,67.65517241379311,29,80.75,4,76.33333333333333,1.3333333333333333,3,3,0,1.2,9.0,0.0,1.0,8.418769852344768,Average Performer,False,False,False,True,False,False,0.2697737650243105,1201,Good
S1890,Jennifer Morris,Female,2024-08-30,Medium,3.7062048054327184,0.8666666666666667,1.0,12.9,3,0.6731785714285714,71.21428571428571,28,82.75,4,78.0,4.166666666666667,1,5,0,1.0,8.0,2.0,3.0,3.7062048054327184,Average Performer,False,False,False,True,False,False,0.2896142498911801,1293,Good
S1891,Nathan Nelson,Female,2024-11-03,Medium,8.154071150942354,0.8,0.75,6.05,4,0.8014285714285715,77.5,28,81.25,4,86.16666666666667,3.0,2,4,0,1.0,8.0,2.0,3.0,8.154071150942354,Average Performer,False,False,False,True,False,False,0.24743625069407266,769,Good
S1892,Jake Shaw,Female,2025-08-18,Low,7.2821376827044,0.5666666666666667,0.5,7.85,2,0.6359655172413794,64.89655172413794,29,66.0,2,82.33333333333333,4.166666666666667,0,6,0,1.0,7.0,2.0,2.0,7.2821376827044,At Risk,True,False,False,True,False,False,0.39383833395415857,1726,Good
S1893,Cassie Brock,Male,2026-06-04,Medium,12.215294763658736,0.8333333333333334,1.0,17.75,4,0.8172608695652174,82.78260869565217,23,80.5,4,83.66666666666667,1.8333333333333333,2,4,0,1.2,7.0,2.0,1.0,12.215294763658736,Average Performer,False,False,False,False,False,False,0.22945016888795455,678,Good
S1894,Dr. Andrea Marshall,Female,2026-05-06,High,14.063223625727414,0.9666666666666668,0.5,22.8,2,0.8890384615384617,89.57692307692308,26,74.66666666666667,3,88.83333333333333,2.0,2,4,0,1.9,9.0,1.0,4.0,14.063223625727414,High Performer,False,False,False,False,False,False,0.17388040247414294,136,Excellent
S1895,Ryan Murphy,Male,2025-03-02,Low,7.157692652433367,0.6666666666666666,0.75,7.925,4,0.675952380952381,66.28571428571429,21,70.0,2,78.83333333333333,5.5,0,5,1,1.6,6.0,1.0,5.0,7.157692652433367,At Risk,True,False,False,True,False,True,0.35440338741653565,1542,Good
S1896,Aimee Gonzalez,Male,2026-02-27,Medium,11.118298391078207,0.7333333333333333,0.75,9.275,4,0.7206521739130435,74.69565217391305,23,73.5,2,81.16666666666667,3.6666666666666665,1,5,0,1.6,7.0,0.0,5.0,11.118298391078207,Average Performer,True,False,False,False,False,False,0.3039252685150581,1257,Good
S1897,Elizabeth Dean,Female,2025-05-03,Medium,17.183850325183982,0.8333333333333334,0.6666666666666666,10.466666666666669,3,0.7986666666666666,81.62962962962963,27,80.0,4,72.33333333333333,4.5,2,4,0,1.6,6.0,2.0,4.0,17.183850325183982,Average Performer,False,False,False,False,False,False,0.24060704085370674,975,Good
S1898,Kevin Snyder,Male,2026-07-16,Medium,11.418879182694264,0.9333333333333332,0.3333333333333333,15.1,3,0.8058,78.8,30,83.5,4,84.83333333333333,1.3333333333333333,3,3,0,1.7,6.0,2.0,6.0,11.418879182694264,High Performer,False,False,False,False,False,False,0.20212946870993106,268,Good
S1899,Christie Mccullough,Male,2025-06-26,High,18.50058428059551,0.9333333333333332,0.6666666666666666,23.027249999999995,3,0.8568518518518519,85.70370370370371,27,74.5,2,82.66666666666667,3.333333333333333,2,3,1,2.7,9.0,2.0,5.0,18.50058428059551,High Performer,False,False,False,False,False,False,0.19035965040962236,209,Excellent
S1900,Danielle Smith,Male,2025-03-03,High,24.292061588100825,0.9,0.5,12.55,2,0.8918928571428572,90.60857142857144,28,94.0,2,87.16666666666667,3.1666666666666665,1,5,0,1.9,5.0,3.0,2.0,22.628166883106164,High Performer,False,False,False,False,False,False,0.13211172564937745,51,Excellent
S1901,David Reed,Male,2026-06-28,Low,5.512193805409401,0.5666666666666667,0.0,11.6,2,0.658551724137931,66.06896551724138,29,66.25,4,67.16666666666667,4.5,0,6,0,1.0,6.0,3.0,4.0,5.512193805409401,At Risk,True,False,False,True,False,False,0.41373733157843057,1860,Average
S1902,Sherry Tapia,Male,2026-06-08,High,16.358541745203887,0.8666666666666667,0.75,8.9,4,0.7556538461538461,76.5,26,86.0,4,81.5,3.0,1,5,0,2.4,8.0,4.0,6.0,16.358541745203887,High Performer,False,False,False,False,False,False,0.2214908251241698,431,Good
S1903,Matthew Sweeney,Female,2025-02-16,Medium,13.829769433962696,0.9333333333333332,0.6666666666666666,8.5,3,0.7633181818181818,74.13636363636364,22,74.0,4,80.83333333333333,2.833333333333333,1,5,0,2.7,6.0,0.0,3.0,13.829769433962696,High Performer,False,False,False,False,False,False,0.23384678853630542,530,Good
S1904,Ashley Moreno,Male,2025-11-15,Medium,6.715423277571443,0.8,0.25,8.35,4,0.5914919565217391,62.44,25,68.66666666666667,3,73.33333333333333,3.6666666666666665,1,5,0,2.5,7.0,1.0,3.0,6.715423277571443,Average Performer,False,False,False,True,False,False,0.35843052151621635,1423,Good
S1905,Johnathan Brown,Female,2026-05-02,High,25.15529062531492,0.9333333333333332,0.6666666666666666,18.03333333333333,3,0.8453448275862069,82.55172413793103,29,81.25,4,86.66666666666667,1.3333333333333333,2,4,0,1.8,9.0,3.0,4.0,22.628166883106164,High Performer,False,False,False,False,False,False,0.16399280118303922,149,Excellent
S1906,Michelle Davis DVM,Female,2026-03-10,Low,4.6873101837859625,0.7333333333333333,0.0,10.2,3,0.7841612903225806,76.61290322580645,31,65.33333333333333,3,76.33333333333333,5.5,0,6,0,1.0,7.0,1.0,3.0,4.6873101837859625,Average Performer,True,False,False,True,False,True,0.32453333744376095,1564,Good
S1907,Kelly Haynes,Male,2026-07-16,High,15.36181963773633,0.9,1.0,10.833333333333334,3,0.7881785714285714,79.14285714285714,28,80.66666666666667,3,87.5,4.833333333333333,0,6,0,1.8,9.0,2.0,5.0,15.36181963773633,High Performer,False,False,False,False,False,False,0.20755854614375438,317,Good
S1908,William Miller,Male,2025-02-16,Medium,10.403911963500413,0.9,0.3333333333333333,12.1,3,0.7218888888888889,73.25925925925925,27,66.5,2,92.16833333333334,4.333333333333333,0,6,0,1.8,5.0,1.0,3.0,10.403911963500413,Average Performer,False,False,False,False,False,False,0.26117105342458224,812,Good
S1909,Casey Wilkins,Male,2025-09-01,Medium,16.691624186050273,0.7666666666666667,0.6666666666666666,7.0,3,0.81392,80.4,25,78.0,4,88.66666666666667,1.5,3,3,0,2.3,9.0,1.0,4.0,16.691624186050273,Average Performer,False,False,False,False,False,False,0.23342827286820764,350,Good
S1910,Keith Graham,Female,2025-03-27,High,18.67022901562089,0.9333333333333332,1.0,19.5,3,0.7400689655172413,69.06896551724138,29,69.0,2,87.66666666666667,4.5,0,6,0,2.1,8.0,4.0,3.0,18.67022901562089,Average Performer,False,False,False,False,False,False,0.22847040447244207,580,Good
S1911,Cynthia Green,Male,2025-06-30,High,13.782938879993583,0.9,1.0,12.4,4,0.892265925925926,90.60857142857144,26,80.0,4,78.33333333333333,2.833333333333333,1,5,0,2.2,8.0,3.0,6.0,13.782938879993583,High Performer,False,False,False,False,False,False,0.1953628750222382,351,Excellent
S1912,Robert Haynes,Female,2026-06-20,Medium,14.912603525079614,0.9666666666666668,0.75,14.75,4,0.7476153846153846,75.73076923076923,26,78.0,2,83.0,3.333333333333333,1,5,0,2.1,8.0,1.0,6.0,14.912603525079614,Average Performer,False,False,False,False,False,False,0.21626720913601888,450,Good
S1913,Emily Nelson,Male,2024-12-02,Low,3.5780000350850987,0.5666666666666667,0.75,8.925,4,0.7250714285714286,69.0,28,59.333333333333336,3,75.0,5.833333333333333,0,6,0,2.0,4.0,1.0,0.0,3.5780000350850987,At Risk,True,False,False,True,False,True,0.4007002380075253,1600,Average
S1914,Dale Chan,Female,2025-03-29,High,15.31818168513121,0.7666666666666667,1.0,7.3,3,0.8235416666666667,82.54166666666667,24,85.0,2,83.33333333333333,1.5,3,3,0,1.9,7.0,3.0,4.0,15.31818168513121,Average Performer,False,False,False,False,False,False,0.22797537912050528,447,Good
S1915,Brittney Martin,Male,2026-02-19,Medium,10.99485993826505,0.7666666666666667,0.25,8.525,4,0.781875,77.125,24,66.0,2,83.83333333333333,3.1666666666666665,2,4,0,1.6,6.0,0.0,0.0,10.99485993826505,Average Performer,False,False,False,False,False,False,0.2885336834876707,1072,Good
S1916,Jason Herrera,Male,2025-08-12,Medium,12.83094397006528,0.8666666666666667,0.6666666666666666,8.566666666666666,3,0.761,78.38461538461539,26,66.33333333333333,3,78.0,2.833333333333333,2,4,0,1.5,8.0,0.0,3.0,12.83094397006528,Average Performer,False,False,False,False,False,False,0.2732893067415035,1244,Good
S1917,Christine Parker,Female,2026-03-12,Low,4.381016676545452,0.7333333333333333,0.3333333333333333,8.833333333333334,3,0.6565,64.45833333333333,24,76.33333333333333,3,77.16666666666667,4.333333333333333,2,4,0,1.0,6.0,2.0,3.0,4.381016676545452,Average Performer,True,False,False,True,False,False,0.3403474583086364,1614,Good
S1918,Bryan Moore,Female,2024-11-21,Medium,6.360370309155067,0.7,0.0,11.866666666666667,3,0.6849999999999999,71.3913043478261,23,78.5,2,79.5,4.666666666666667,0,6,0,1.0,9.0,3.0,3.0,6.360370309155067,Average Performer,True,False,False,True,False,False,0.32734907422711235,1494,Good
S1919,Samantha Terry,Male,2025-10-01,Medium,10.138384886047438,0.6333333333333333,0.5,8.075,4,0.6863103448275861,69.55172413793103,29,63.5,2,82.33333333333333,3.333333333333333,1,5,0,1.0,10.0,3.0,4.0,10.138384886047438,At Risk,True,False,False,False,False,False,0.35992760100327226,1680,Good
S1920,Russell Murphy,Female,2026-05-20,Medium,7.040120435858514,0.9333333333333332,0.75,9.1,4,0.8417391304347825,86.56521739130434,23,77.0,2,79.66666666666667,3.8333333333333335,1,4,1,1.4,10.0,0.0,3.0,7.040120435858514,High Performer,False,False,False,True,False,False,0.22304462644658563,618,Good
S1921,David Kelly,Female,2026-07-13,Medium,18.34675914050182,0.8666666666666667,1.0,19.166666666666668,3,0.7566923076923077,76.88461538461539,26,77.75,4,84.0,4.0,1,5,0,2.2,10.0,2.0,2.0,18.34675914050182,High Performer,False,False,False,False,False,False,0.2289587431743865,540,Good
S1922,Megan Green,Female,2025-12-19,Low,8.47686978172775,0.6333333333333333,0.75,12.675,4,0.8624615384615384,83.07692307692308,26,83.5,2,82.16666666666667,4.166666666666667,1,5,0,1.3,9.0,2.0,4.0,8.47686978172775,At Risk,True,False,False,True,False,False,0.27148603067388577,776,Good
S1923,Amanda Sullivan MD,Female,2025-12-03,High,19.23695039578173,1.0,1.0,10.15,4,0.8688461538461538,90.60857142857144,26,83.33333333333333,3,84.16666666666667,3.1666666666666665,1,5,0,2.1,9.0,2.0,4.0,19.23695039578173,High Performer,False,False,False,False,False,False,0.14833711119003284,49,Excellent
S1924,Danielle Murray,Male,2026-04-07,Medium,14.216699551688707,0.9,0.8,10.14,5,0.7340952380952381,74.33333333333333,21,77.75,4,81.5,4.5,0,6,0,2.0,8.0,1.0,3.0,14.216699551688707,Average Performer,False,False,False,False,False,False,0.2414796796922068,703,Good
S1925,Brenda Smith,Male,2025-07-03,Low,7.890088075035132,0.5666666666666667,0.75,7.3,4,0.6627586206896552,67.93103448275862,29,72.25,4,67.16666666666667,3.6666666666666665,0,6,0,1.6,1.0,0.0,2.0,7.890088075035132,At Risk,True,False,False,True,False,False,0.39453052693884894,1713,Good
S1926,Vickie Anderson,Male,2024-09-06,Low,2.8447040956866982,0.8333333333333334,0.6666666666666666,7.733333333333333,3,0.7235925925925926,76.03703703703704,27,77.0,3,76.5,2.333333333333333,1,5,0,1.2,10.0,0.0,3.0,2.8447040956866982,Average Performer,False,False,False,True,False,False,0.29872712864967216,1328,Good
S1927,Jacqueline Mccoy,Female,2024-12-20,Low,5.6376765510979725,0.6333333333333333,0.3333333333333333,12.533333333333331,3,0.6045714285714286,59.57142857142857,28,61.5,4,82.83333333333333,4.333333333333333,1,4,1,1.1,10.0,2.0,6.0,5.6376765510979725,At Risk,True,False,False,True,False,False,0.39895104671749315,1693,Good
S1928,Lauren Green,Female,2024-11-19,Low,1.254646638664266,0.9,0.6666666666666666,12.933333333333332,3,0.737695652173913,74.73913043478261,23,68.5,2,75.5,4.5,1,4,1,1.1,9.0,2.0,1.0,1.254646638664266,Average Performer,False,False,False,True,False,False,0.3003046877511654,1419,Good
S1929,Alison Brown,Male,2024-09-07,Medium,5.048419581034881,0.8333333333333334,0.25,14.0,4,0.7414000000000001,72.12,25,70.33333333333333,3,74.66666666666667,3.6666666666666665,2,4,0,1.7,8.0,1.0,2.0,5.048419581034881,Average Performer,False,False,False,True,False,False,0.3039589510474128,1317,Good
S1930,Jill Anderson,Male,2025-01-21,Medium,12.805599660381514,0.9,1.0,14.9,3,0.8618518518518519,90.51851851851852,27,79.5,2,84.5,4.166666666666667,0,6,0,1.9,9.0,4.0,6.0,12.805599660381514,High Performer,False,False,False,False,False,False,0.19868044529349063,248,Excellent
S1931,Sandra Rivera,Female,2024-12-16,Medium,9.816894211788654,0.8,0.3333333333333333,9.966666666666669,3,0.7692500000000001,77.96428571428571,28,73.33333333333333,3,79.0,3.6666666666666665,1,5,0,2.2,7.0,2.0,3.0,9.816894211788654,Average Performer,False,False,False,True,False,False,0.27951609780386166,893,Good
S1932,Joel Jackson,Other,2024-08-23,High,16.135206914721692,0.8666666666666667,0.3333333333333333,14.466666666666669,3,0.8853333333333334,88.16666666666667,24,90.0,3,81.5,4.333333333333333,0,6,0,1.9,10.0,3.0,5.0,16.135206914721692,High Performer,False,False,False,False,False,False,0.17514531604652908,222,Excellent
S1933,Samantha Foster,Female,2025-07-27,Medium,13.019569176127002,0.9333333333333332,0.5,14.625,4,0.7646521739130435,74.69565217391305,23,82.75,4,86.66666666666667,3.0,1,5,0,1.7,10.0,2.0,5.0,13.019569176127002,High Performer,False,False,False,False,False,False,0.2092220915524361,353,Good
S1934,Michael Thompson,Male,2025-02-14,Medium,10.223611464814333,0.8333333333333334,1.0,14.225,4,0.7086666666666667,71.9,30,76.75,4,78.33333333333333,4.0,1,5,0,2.0,8.0,2.0,7.0,10.223611464814333,Average Performer,False,False,False,False,False,False,0.28250763800463086,1039,Good
S1935,Cody Ramirez,Male,2024-12-01,High,12.407279615915764,1.0,0.75,10.875,4,0.76188,77.88,25,83.75,4,87.83333333333333,3.1666666666666665,2,4,0,2.2,8.0,2.0,5.0,12.407279615915764,High Performer,False,False,False,False,False,False,0.1911678009602106,106,Excellent
S1936,Amanda Harvey,Male,2026-01-26,Low,6.2641749343629565,0.7666666666666667,1.0,18.4,3,0.775896551724138,75.82758620689656,29,80.0,2,80.83333333333333,4.666666666666667,1,5,0,1.3,6.0,3.0,2.0,6.2641749343629565,Average Performer,False,False,False,True,False,False,0.2786539304801845,988,Good
S1937,Edward Jenkins,Female,2025-07-24,Medium,18.857168591747744,0.7,1.0,10.733333333333334,3,0.7716666666666667,79.92592592592592,27,76.5,2,90.0,1.3333333333333333,1,5,0,2.900999999999999,10.0,2.0,1.0,18.857168591747744,Average Performer,True,False,False,False,False,False,0.2583570785206306,506,Good
S1938,Amy Ramirez,Male,2025-06-30,Low,5.448658221853436,0.8,1.0,7.066666666666667,3,0.7475,76.56666666666666,30,67.75,4,78.0,4.5,0,6,0,1.5,6.0,1.0,1.0,5.448658221853436,Average Performer,False,False,False,True,False,False,0.3096283544453664,1367,Good
S1939,Curtis Wilkerson,Female,2024-10-25,High,18.5875685974179,0.8333333333333334,0.75,13.45,4,0.8193333333333334,83.625,24,81.5,4,81.16666666666667,3.0,1,5,0,2.4,5.0,3.0,3.0,18.5875685974179,Average Performer,False,False,False,False,False,False,0.21464774517312188,378,Good
S1940,Lydia Pham,Male,2026-06-22,Medium,12.68674296833792,0.7666666666666667,0.3333333333333333,11.9,3,0.7373666666666666,73.26666666666667,30,84.75,4,82.5,3.0,1,5,0,1.4,7.0,1.0,6.0,12.68674296833792,Average Performer,False,False,False,False,False,False,0.26215647591248853,909,Good
S1941,Virginia Casey,Female,2026-07-17,Medium,8.81974380249037,0.8333333333333334,0.5,10.125,4,0.7926923076923077,77.8076923076923,26,74.5,4,78.66666666666667,6.0,0,6,0,1.0,7.0,0.0,4.0,8.81974380249037,Average Performer,False,False,False,True,False,True,0.2648096148527484,1203,Good
S1942,Joshua Washington,Female,2025-08-15,Medium,4.150338356161166,0.8333333333333334,0.25,5.3,4,0.6326896551724137,62.793103448275865,29,63.66666666666666,3,74.16666666666667,3.1666666666666665,1,5,0,1.7,9.0,3.0,5.0,4.150338356161166,Average Performer,False,False,False,True,False,False,0.3529005908912063,1584,Good
S1943,Kathryn Price,Female,2024-08-27,Medium,10.449177277755489,0.7333333333333333,0.6666666666666666,5.1000000000000005,3,0.8148214285714286,78.03571428571429,28,80.5,4,73.5,4.333333333333333,0,6,0,1.0,7.0,3.0,5.0,10.449177277755489,Average Performer,True,False,False,False,False,False,0.2748472949008494,1264,Good
S1944,Francis Robinson,Male,2025-07-04,Low,2.2052986278634936,0.8,0.25,13.025,4,0.6630714285714285,66.5,28,67.75,4,89.33333333333333,5.666666666666667,1,4,1,1.1,5.0,0.0,4.0,2.2052986278634936,Average Performer,False,False,False,True,False,True,0.3260653248589127,1313,Good
S1945,Paula Brown,Male,2025-04-29,High,13.299987017653113,0.9,0.6666666666666666,17.533333333333335,3,0.7666296296296297,76.51851851851852,27,88.25,4,80.0,2.333333333333333,2,4,0,2.8,8.0,2.0,6.0,13.299987017653113,High Performer,False,False,False,False,False,False,0.2152611435669783,310,Good
S1946,Kendra Wang DVM,Male,2026-01-28,Medium,5.551428111761933,0.8,0.75,17.3,4,0.77925,76.10714285714286,28,63.75,4,80.83333333333333,2.6666666666666665,1,5,0,1.2,5.0,4.0,4.0,5.551428111761933,Average Performer,False,False,False,True,False,False,0.30359642972059514,1305,Good
S1947,Ariel Sandoval,Female,2025-10-05,Medium,10.758314983770989,0.7,0.3333333333333333,9.633333333333333,3,0.799,82.51851851851852,27,74.5,2,73.0,2.833333333333333,1,5,0,1.5,6.0,1.0,3.0,10.758314983770989,Average Performer,True,False,False,False,False,False,0.29990421254057253,1302,Good
S1948,Robert Stark,Female,2025-08-07,Medium,19.105749437464304,0.8333333333333334,0.3333333333333333,9.966666666666669,3,0.75524,77.88,25,71.0,4,85.66666666666667,4.5,0,6,0,1.0,7.0,1.0,4.0,19.105749437464304,Average Performer,False,False,False,False,False,False,0.2468302930730059,1154,Good
S1949,Zachary Robinson,Female,2025-07-17,Low,5.485639937443083,0.8,0.75,9.1,4,0.8714193548387097,90.5483870967742,31,69.5,2,76.83333333333333,4.333333333333333,2,4,0,1.1,10.0,1.0,1.0,5.485639937443083,Average Performer,False,False,False,True,False,False,0.2706100937047794,1202,Good
S1950,Rebecca Kelly,Female,2025-08-13,Low,9.549068693185344,0.5666666666666667,0.6666666666666666,9.533333333333331,3,0.7270000000000001,75.37037037037037,27,71.0,2,82.16666666666667,5.0,0,6,0,1.0,5.0,3.0,4.0,9.549068693185344,At Risk,True,False,False,True,False,False,0.35111066160036997,1559,Good
S1951,Sarah Thompson,Female,2024-10-22,Medium,9.285972257071414,0.8333333333333334,0.5,9.725,4,0.7163928571428572,69.78571428571429,28,75.5,2,67.33333333333333,2.333333333333333,1,5,0,1.0,8.0,0.0,4.0,9.285972257071414,Average Performer,False,False,False,True,False,False,0.301533878881131,1565,Good
S1952,Renee Wolfe,Male,2026-05-14,Medium,12.716546925895123,0.9,0.75,10.475,4,0.7037727272727273,70.4090909090909,22,76.0,3,87.66666666666667,2.1666666666666665,1,5,0,2.0,9.0,2.0,4.0,12.716546925895123,Average Performer,False,False,False,False,False,False,0.248576814503444,617,Good
S1953,Alyssa Haynes,Female,2026-02-06,Medium,2.707465251161828,0.5333333333333333,0.75,15.025,4,0.7288,70.56666666666666,30,76.5,2,77.83333333333333,3.1666666666666665,0,6,0,1.3,7.0,2.0,2.0,2.707465251161828,At Risk,True,False,False,True,False,False,0.3715080035387621,1486,Good
S1954,Kristy Hart,Male,2026-05-31,Low,3.687729497266278,0.8333333333333334,0.3333333333333333,4.0,3,0.780875,72.91666666666667,24,76.5,2,74.0,2.333333333333333,1,5,0,1.2,10.0,2.0,4.0,3.687729497266278,Average Performer,False,False,False,True,False,False,0.284184842923501,1229,Good
S1955,William Keith,Male,2024-11-18,Medium,5.406573461378269,0.7666666666666667,1.0,5.7,3,0.6684814814814815,67.0,27,65.66666666666667,3,73.5,4.166666666666667,1,4,1,1.0,4.0,1.0,6.0,5.406573461378269,Average Performer,False,False,False,True,False,False,0.3526891219021099,1774,Good
S1956,Eric Henry Jr.,Female,2024-10-31,Medium,8.49783454208436,1.0,0.4,15.16,5,0.7205185185185186,70.22222222222223,27,75.25,4,80.16666666666667,3.5,1,5,0,2.1,7.0,1.0,3.0,8.49783454208436,Average Performer,False,False,False,True,False,False,0.24184985808923354,667,Good
S1957,Daniel Fox,Male,2025-04-24,Low,3.102939816148559,0.6333333333333333,1.0,6.775,4,0.7401935483870968,70.96774193548387,31,73.0,2,79.5,7.0,0,5,1,1.5,7.0,1.0,0.0,3.102939816148559,At Risk,True,False,False,True,False,True,0.3466012526101662,1388,Good
S1958,Thomas Harris,Male,2024-10-07,Medium,11.849898211881202,0.8333333333333334,0.25,9.45,4,0.6912592592592594,66.03703703703704,27,58.0,2,84.5,3.8333333333333335,2,4,0,1.4,5.0,3.0,6.0,11.849898211881202,Average Performer,False,False,False,False,False,False,0.3119141433591859,1346,Good
S1959,Mitchell Sellers,Female,2025-01-01,Low,4.585500901237555,0.5666666666666667,0.75,7.35,4,0.694,71.08333333333333,24,54.74916666666667,4,72.0,4.0,0,6,0,1.9,9.0,2.0,2.0,4.585500901237555,At Risk,True,False,False,True,False,False,0.42117124774690606,1719,Average
S1960,Erica Johnson,Male,2026-06-01,High,17.191345772396538,0.8666666666666667,0.6666666666666666,13.033333333333331,3,0.6695,67.11538461538461,26,89.5,4,76.83333333333333,0.6666666666666666,3,3,0,2.1,7.0,1.0,3.0,17.191345772396538,Average Performer,False,False,False,False,False,False,0.245254968902342,835,Good
S1961,Sylvia Schroeder,Female,2025-03-04,Medium,9.816748324563886,0.7666666666666667,0.5,8.15,4,0.7205357142857143,72.5,28,70.5,4,81.5,2.6666666666666665,1,5,0,2.2,7.0,0.0,3.0,9.816748324563886,Average Performer,False,False,False,True,False,False,0.3043807482362093,1081,Good
S1962,Shannon Yu,Male,2024-12-14,Medium,12.879847804046388,0.8,1.0,23.027249999999995,2,0.7311724137931035,72.62068965517241,29,80.66666666666667,3,85.66666666666667,3.5,1,5,0,2.0,8.0,1.0,3.0,12.879847804046388,Average Performer,False,False,False,False,False,False,0.2586153230186196,652,Good
S1963,Tom Foster,Male,2026-05-06,Low,4.008926300099581,0.5,0.6666666666666666,15.466666666666669,3,0.620423076923077,63.92307692307692,26,63.0,3,74.66666666666667,3.0,2,4,0,1.3,5.0,1.0,4.0,4.008926300099581,At Risk,True,False,False,True,False,False,0.44085076117282795,1824,Average
S1964,Eric Taylor,Male,2024-12-04,Low,4.932847477437615,0.8333333333333334,0.6666666666666666,5.633333333333333,3,0.76825,76.46875,32,62.5,2,80.66666666666667,3.6666666666666665,0,6,0,1.8,6.0,0.0,5.0,4.932847477437615,Average Performer,False,False,False,True,False,False,0.30285954797307263,1118,Good
S1965,Travis Conner,Male,2026-03-01,Medium,11.708338440440958,0.9,0.75,10.375,4,0.7528965517241379,75.72413793103448,29,87.66666666666667,3,77.66666666666667,1.8333333333333333,0,6,0,1.9,8.0,2.0,6.0,11.708338440440958,High Performer,False,False,False,False,False,False,0.22802685504832287,631,Good
S1966,Marie Thompson,Female,2025-08-26,Medium,15.689198413301048,0.8666666666666667,1.0,15.1,3,0.7767142857142858,79.42857142857143,28,82.5,4,78.66666666666667,4.5,0,6,0,2.4,8.0,2.0,5.0,15.689198413301048,High Performer,False,False,False,False,False,False,0.22809605158579496,534,Good
S1967,Melissa Mcfarland,Male,2026-04-26,Medium,10.04718089131742,0.8,0.25,9.325,4,0.7489199999999999,76.08,25,76.66666666666667,3,77.83333333333333,3.0,0,6,0,1.6,10.0,3.0,6.0,10.04718089131742,Average Performer,False,False,False,False,False,False,0.2801227144383731,1152,Good
S1968,Courtney Chapman,Female,2025-02-23,Low,10.687553667298626,0.6666666666666666,1.0,11.033333333333331,3,0.7777826086956522,76.17391304347827,23,62.66666666666666,3,72.0,5.5,0,6,0,2.0,8.0,1.0,2.0,10.687553667298626,At Risk,True,False,False,False,False,True,0.33994633322305784,1434,Good
S1969,Eric Barker,Male,2025-10-07,Medium,14.350360125230388,1.0,1.0,16.099999999999998,3,0.6918148148148148,69.25925925925925,27,84.33333333333333,3,82.16666666666667,1.3333333333333333,3,3,0,2.900999999999999,8.0,4.0,6.0,14.350360125230388,Average Performer,False,False,False,False,False,False,0.21466298857581295,322,Good
S1970,Nicholas Rush,Female,2026-06-18,Medium,7.779136370685999,0.8666666666666667,0.5,18.275,4,0.7025862068965517,72.93103448275862,29,70.5,2,86.83333333333333,6.333333333333333,0,6,0,1.3,7.0,1.0,4.0,7.779136370685999,Average Performer,False,False,False,True,False,True,0.2818596303376528,1088,Good
S1971,Jenna Gamble,Female,2025-12-24,High,12.197259549896476,1.0,1.0,11.75,4,0.7792962962962963,76.70370370370371,27,83.5,4,81.5,2.1666666666666665,2,4,0,1.2,10.0,1.0,5.0,12.197259549896476,High Performer,False,False,False,False,False,False,0.19646796223636995,541,Excellent
S1972,Amanda Guzman,Female,2025-10-24,Low,6.208888754384243,0.6,0.5,14.025,4,0.7780357142857143,77.71428571428571,28,67.0,4,83.83333333333333,4.5,0,6,0,1.4,6.0,1.0,4.0,6.208888754384243,At Risk,True,False,False,True,False,False,0.3413170638283251,1269,Good
S1973,Tracy Walker,Male,2025-01-07,Medium,10.254116334891542,1.0,0.6,17.4,5,0.7926206896551724,77.3103448275862,29,81.25,4,77.5,2.333333333333333,2,4,0,1.0,7.0,2.0,4.0,10.254116334891542,High Performer,False,False,False,False,False,False,0.2078285022662194,794,Good
S1974,Taylor Taylor,Male,2025-10-23,Medium,18.102495302891057,1.0,0.0,12.366666666666667,3,0.8044166666666667,83.16666666666667,24,82.0,2,86.66666666666667,3.5,1,5,0,2.0,10.0,1.0,4.0,18.102495302891057,High Performer,False,False,False,False,False,False,0.16941876174277237,94,Excellent
S1975,Cynthia Haas,Male,2024-07-30,High,19.76954510221152,0.9666666666666668,0.6666666666666666,9.766666666666667,3,0.8282068965517242,83.96551724137932,29,85.25,4,84.5,1.5,2,4,0,2.1,9.0,2.0,3.0,19.76954510221152,High Performer,False,False,False,False,False,False,0.16319740161228724,72,Excellent
S1976,Stephen Davis,Female,2025-09-08,Low,1.0,0.7,0.3333333333333333,7.433333333333334,3,0.6929565217391305,69.17391304347827,23,60.5,2,71.16666666666667,3.1666666666666665,1,5,0,1.1,6.0,2.0,3.0,1.0,Average Performer,True,False,False,True,False,False,0.38686304347826084,1801,Good
S1977,Margaret Tanner,Male,2026-03-14,High,12.313649487470071,0.9333333333333332,0.75,15.45,4,0.7151785714285713,73.89285714285714,28,75.5,4,82.0,1.8333333333333333,2,4,0,1.7,5.0,1.0,6.0,12.313649487470071,Average Performer,False,False,False,False,False,False,0.24732897151942013,844,Good
S1978,Derek Wright,Female,2025-10-13,Medium,12.997662333793524,0.8,0.6666666666666666,12.1,3,0.7809655172413793,76.89655172413794,29,71.0,3,82.0,3.0,2,4,0,1.3,5.0,1.0,7.0,12.997662333793524,Average Performer,False,False,False,False,False,False,0.2682161889931024,1113,Good
S1979,David Rodriguez,Female,2024-12-14,Low,5.780254975667622,0.8333333333333334,0.3333333333333333,7.8,3,0.6775172413793104,67.89655172413794,29,63.66666666666666,3,70.16666666666667,4.333333333333333,0,5,1,1.0,6.0,3.0,3.0,5.780254975667622,Average Performer,False,False,False,True,False,False,0.3413775234803712,1760,Good
S1980,James Oconnor,Male,2025-06-15,Medium,7.919057018020409,0.9,0.25,14.625,4,0.788655172413793,77.41379310344827,29,75.0,4,80.16666666666667,3.5,1,5,0,1.1,7.0,2.0,3.0,7.919057018020409,High Performer,False,False,False,True,False,False,0.24835580573081106,955,Good
S1981,Stacey Snyder,Female,2026-07-11,High,19.56003365578721,0.9,1.0,18.15,2,0.7696363636363637,78.45454545454545,33,89.75,4,84.5,2.1666666666666665,1,5,0,1.4,10.0,1.0,4.0,19.56003365578721,High Performer,False,False,False,False,False,False,0.18895900676962288,469,Excellent
S1982,Joshua Garcia,Male,2024-09-24,Medium,8.04499890554541,0.8666666666666667,0.6666666666666666,10.066666666666666,3,0.7300384615384616,75.03846153846153,26,79.0,2,86.33333333333333,1.3333333333333333,3,3,0,1.0,9.0,1.0,4.0,8.04499890554541,Average Performer,False,False,False,True,False,False,0.2567092976079313,946,Good
S1983,Sean Curtis,Male,2025-02-03,Low,4.41685419590757,0.8666666666666667,0.3333333333333333,10.5,3,0.8225769230769231,80.8076923076923,26,77.66666666666667,3,70.5,6.166666666666667,0,5,1,1.4,6.0,0.0,3.0,4.41685419590757,High Performer,False,False,False,True,False,True,0.2644347875871541,997,Good
S1984,Carla Jones,Female,2026-03-15,Medium,8.049014158539805,0.8333333333333334,1.0,12.433333333333332,3,0.8161724137931035,82.93103448275862,29,72.0,2,82.16666666666667,1.5,2,4,0,1.0,7.0,1.0,3.0,8.049014158539805,Average Performer,False,False,False,True,False,False,0.2594424071323861,1042,Good
S1985,Elizabeth Flores,Female,2025-08-17,Low,6.778159386388218,0.7,0.6666666666666666,6.6000000000000005,3,0.6874482758620689,68.44827586206897,29,72.5,2,83.5,2.0,2,4,0,1.0,10.0,2.0,3.0,6.778159386388218,Average Performer,True,False,False,True,False,False,0.33157011877540876,1489,Good
S1986,Angela Jackson,Female,2026-01-03,High,19.94123406711283,0.8666666666666667,0.6666666666666666,9.933333333333334,3,0.8455555555555555,88.51851851851852,27,73.5,2,83.83333333333333,3.8333333333333335,1,5,0,2.1,10.0,2.0,4.0,19.94123406711283,High Performer,False,False,False,False,False,False,0.2070635814988846,424,Good
S1987,Nicholas Payne,Male,2024-10-08,Medium,10.179224573549142,0.7666666666666667,0.5,11.95,4,0.6781071428571429,68.28571428571429,28,77.66666666666667,3,68.0,6.833333333333333,0,5,1,1.9,8.0,2.0,0.0,10.179224573549142,Average Performer,False,False,False,False,False,True,0.32211979570898425,1380,Good
S1988,Anna Wheeler,Male,2026-06-16,Medium,12.47813255098676,0.9,1.0,16.633333333333333,3,0.7556153846153847,75.61538461538461,26,83.0,4,80.66666666666667,4.0,0,6,0,1.7,10.0,0.0,4.0,12.47813255098676,High Performer,False,False,False,False,False,False,0.23012005323791768,656,Good
S1989,Karen Johnson,Female,2025-04-08,Low,8.39983611512383,0.5666666666666667,1.0,13.666666666666666,3,0.7838709677419355,77.96774193548387,31,71.5,4,75.83333333333333,6.5,0,6,0,1.1,7.0,2.0,2.0,8.39983611512383,At Risk,True,False,False,True,False,True,0.3454224527229431,1533,Good
S1990,Carmen Preston,Female,2024-08-16,High,12.094673948886818,0.9,0.6666666666666666,8.5,3,0.8227777777777777,76.85185185185185,27,71.5,2,80.5,1.6666666666666667,4,2,0,2.0,6.0,1.0,4.0,12.094673948886818,High Performer,False,False,False,False,False,False,0.23417998179444965,622,Good
S1991,Brian Harris,Female,2025-03-04,Low,5.526402999370642,0.7333333333333333,0.6666666666666666,10.866666666666667,3,0.6756923076923077,71.96153846153847,26,56.333333333333336,3,77.83333333333333,4.5,1,5,0,1.4,7.0,3.0,4.0,5.526402999370642,Average Performer,True,False,False,True,False,False,0.3707263001938811,1676,Good
S1992,Michael Bowen,Male,2026-01-07,Medium,18.557175593281315,0.7666666666666667,0.3333333333333333,9.133333333333333,3,0.7836428571428572,77.92857142857143,28,72.0,3,91.33333333333331,1.3333333333333333,2,4,0,1.6,9.0,3.0,5.0,18.557175593281315,Average Performer,False,False,False,False,False,False,0.24584753720727293,788,Good
S1993,Deborah Campbell,Female,2026-01-06,Medium,6.818390714952696,0.9333333333333332,0.25,16.875,4,0.7216800000000001,73.4,25,83.33333333333333,3,80.66666666666667,2.333333333333333,2,4,0,1.3,5.0,2.0,5.0,6.818390714952696,Average Performer,False,False,False,True,False,False,0.24545002321261825,841,Good
S1994,Anthony Armstrong,Male,2024-10-29,High,12.672065504597551,0.9,1.0,11.566666666666668,3,0.813,83.07692307692308,26,88.0,3,76.5,3.8333333333333335,1,5,0,1.8,7.0,2.0,1.0,12.672065504597551,High Performer,False,False,False,False,False,False,0.20866983623850613,502,Good
S1995,Brittany Ward,Male,2025-05-29,Low,1.0,0.6,0.0,8.55,4,0.64692,59.51834838709678,25,59.5,2,67.16666666666667,4.833333333333333,1,5,0,1.0,4.0,2.0,4.0,1.0,At Risk,True,False,False,True,False,False,0.433674,1872,Average
S1996,Edward Stanley,Female,2025-05-13,High,20.02629031833815,1.0,1.0,11.225,4,0.8657096774193548,85.90322580645162,31,83.66666666666667,3,81.0,2.6666666666666665,1,5,0,2.0,10.0,1.0,2.0,20.02629031833815,High Performer,False,False,False,False,False,False,0.15138803764501485,124,Excellent
S1997,Christina Johnson,Male,2025-10-28,Medium,11.797693938388662,0.8666666666666667,0.5,9.9,4,0.7627391304347826,77.69565217391305,23,70.0,2,81.16666666666667,2.6666666666666665,1,5,0,1.6,5.0,1.0,3.0,11.797693938388662,High Performer,False,False,False,False,False,False,0.2632673593569269,1016,Good
S1998,Edgar Miller,Female,2026-07-18,Medium,10.809314568174123,0.9333333333333332,1.0,10.225,4,0.74012,73.08,25,83.0,3,75.16666666666667,3.5,3,3,0,2.3,6.0,4.0,3.0,10.809314568174123,Average Performer,False,False,False,False,False,False,0.23885738024623138,641,Good
S1999,Elizabeth Sanders,Male,2024-10-17,Low,1.6330284886893085,0.6333333333333333,1.0,8.2,2,0.6853214285714285,71.35714285714286,28,59.0,3,85.66666666666667,5.0,0,6,0,1.0,9.0,2.0,6.0,1.6330284886893085,At Risk,True,False,False,True,False,False,0.3854876668735149,1620,Good
S2000,Matthew Davis MD,Male,2026-05-08,Medium,12.19521403017068,0.7333333333333333,0.5,10.35,4,0.7988461538461539,80.76923076923077,26,78.0,2,78.0,3.6666666666666665,2,4,0,1.6,7.0,0.0,5.0,12.19521403017068,Average Performer,True,False,False,False,False,False,0.27352478543739384,1006,Good
S2001,Stephen Wood,Female,2025-04-04,Low,1.0,0.6,0.3333333333333333,8.299999999999999,3,0.78416,76.24,25,76.66666666666667,3,78.83333333333333,4.166666666666667,0,6,0,1.5,6.0,2.0,7.0,1.0,At Risk,True,False,False,True,False,False,0.3406686666666667,1207,Good
S2002,Dennis Marshall,Female,2024-11-23,Medium,11.21857554059758,0.8,0.6666666666666666,6.5,3,0.7644347826086957,73.30434782608695,23,66.75,4,86.5,3.8333333333333335,1,5,0,1.6,5.0,1.0,4.0,11.21857554059758,Average Performer,False,False,False,False,False,False,0.27937312636589734,979,Good
S2003,Derrick Brown,Female,2024-08-18,Medium,15.80598741378602,0.9,1.0,18.03333333333333,3,0.764,73.2,25,72.0,2,84.33333333333333,3.0,2,4,0,1.9,6.0,1.0,1.0,15.80598741378602,High Performer,False,False,False,False,False,False,0.23578503146553495,682,Good
S2004,Mary Miller,Female,2024-09-27,Medium,8.202321646247187,0.9,0.6666666666666666,11.766666666666666,3,0.6307826086956522,62.69565217391305,23,71.5,2,85.0,4.0,0,6,0,1.1,8.0,1.0,5.0,8.202321646247187,Average Performer,False,False,False,True,False,False,0.2947594132756864,1221,Good
S2005,Joshua Arellano,Female,2025-07-19,Low,2.12464416289196,0.4666666666666667,0.3333333333333333,9.233333333333334,3,0.7599047619047619,75.80952380952381,21,64.75,4,74.66666666666667,5.166666666666667,0,6,0,1.0,8.0,3.0,2.0,2.12464416289196,At Risk,True,False,False,True,False,True,0.4085502943546748,1761,Average
S2006,Kristen Randall,Female,2026-05-03,Low,6.412332663823712,0.5333333333333333,0.6666666666666666,8.033333333333333,3,0.6356086956521739,63.73913043478261,23,73.75,4,72.66666666666667,3.6666666666666665,0,6,0,1.0,6.0,2.0,2.0,6.412332663823712,At Risk,True,False,False,True,False,False,0.4034532263114552,1805,Average
S2007,Jennifer Nichols,Female,2026-01-27,High,20.150342221607527,0.9666666666666668,1.0,22.975,4,0.834923076923077,84.03846153846153,26,82.5,2,83.33333333333333,0.6666666666666666,5,1,0,2.900999999999999,8.0,3.0,0.0,20.150342221607527,High Performer,False,False,False,False,False,False,0.1674805547023914,56,Excellent
S2008,Karen Keith,Male,2025-12-21,Medium,18.46753540134965,0.8666666666666667,0.5,19.7,2,0.8202608695652174,83.3913043478261,23,70.0,3,81.0,3.5,1,5,0,2.5,7.0,1.0,5.0,18.46753540134965,High Performer,False,False,False,False,False,False,0.22958623396039401,583,Good
S2009,Blake Orr,Female,2025-08-03,High,16.9833566541831,0.9333333333333332,0.5,9.825,4,0.85384,84.56,25,79.5,4,80.5,4.166666666666667,1,5,0,1.6,10.0,1.0,7.0,16.9833566541831,High Performer,False,False,False,False,False,False,0.18830627503120892,451,Excellent
S2010,Kathryn Lester,Male,2025-07-14,Medium,8.926750577523412,0.9,1.0,9.266666666666667,3,0.8410666666666666,84.6,30,77.0,2,83.66666666666667,2.1666666666666665,1,5,0,2.1,5.0,0.0,1.0,8.926750577523412,High Performer,False,False,False,True,False,False,0.22086312355619148,292,Good
S2011,Megan Oliver,Other,2025-11-27,Medium,12.307260124834327,0.8,0.25,5.4,4,0.6877599999999999,70.08,25,76.0,2,76.66666666666667,3.5,1,5,0,1.0,9.0,2.0,5.0,12.307260124834327,Average Performer,False,False,False,False,False,False,0.29590384968791417,1534,Good
S2012,Peter Thompson,Female,2025-02-21,Medium,6.819163141834425,0.7,0.6666666666666666,10.833333333333334,3,0.6697586206896552,68.96551724137932,29,81.5,4,75.0,4.333333333333333,0,6,0,1.0,8.0,1.0,2.0,6.819163141834425,Average Performer,True,False,False,True,False,False,0.3315245059385174,1584,Good
S2013,Dr. Rhonda Martinez,Male,2025-10-31,Medium,13.991451880427537,0.8,0.5,15.325,4,0.7134230769230769,69.03846153846153,26,79.25,4,81.0,1.5,3,3,0,2.7,8.0,4.0,2.0,13.991451880427537,Average Performer,False,False,False,False,False,False,0.2709944472220081,782,Good
S2014,William Graham,Female,2025-12-20,Medium,10.189792829819345,0.8333333333333334,0.75,10.575,4,0.69896875,70.78125,32,70.0,2,78.0,3.6666666666666665,0,6,0,1.8,5.0,1.0,5.0,10.189792829819345,Average Performer,False,False,False,False,False,False,0.29950155959211827,1300,Good
S2015,Lori Flowers MD,Female,2024-07-31,Medium,4.809945231362724,0.8333333333333334,0.0,8.4,3,0.5914919565217391,60.72413793103448,29,69.25,4,76.33333333333333,4.833333333333333,0,6,0,1.8,5.0,0.0,5.0,4.809945231362724,Average Performer,False,False,False,True,False,False,0.3491942166317381,1456,Good
S2016,Suzanne Jones,Male,2025-04-08,Medium,11.239677063292833,0.8666666666666667,1.0,13.7,3,0.7329642857142857,72.92857142857143,28,66.75,4,81.16666666666667,4.666666666666667,1,5,0,1.7,4.0,1.0,5.0,11.239677063292833,Average Performer,False,False,False,False,False,False,0.2800948549608155,1145,Good
S2017,James Nguyen,Female,2024-08-30,Medium,12.3207989610671,0.9,0.75,10.0,4,0.71904,70.92,25,78.25,4,81.66666666666667,3.5,1,5,0,2.5,8.0,2.0,6.0,12.3207989610671,Average Performer,False,False,False,False,False,False,0.24948600259733222,613,Good
S2018,Jimmy Marks,Female,2025-12-18,High,18.729121208306832,0.9666666666666668,0.6666666666666666,7.233333333333333,3,0.7356,74.4,25,87.0,2,86.33333333333333,3.1666666666666665,1,5,0,1.2,9.0,4.0,6.0,18.729121208306832,Average Performer,False,False,False,False,False,False,0.18733053031256625,498,Excellent
S2019,Lisa Mills,Male,2025-11-22,Low,6.031260768437097,0.5666666666666667,1.0,7.066666666666667,3,0.6777,68.03333333333333,30,63.333333333333336,3,83.0,2.6666666666666665,2,4,0,1.0,5.0,3.0,7.0,6.031260768437097,At Risk,True,False,False,True,False,False,0.388778514745574,1702,Good
S2020,Jason Hernandez,Female,2025-07-13,Medium,18.083965417277767,0.9,1.0,17.65,4,0.865235294117647,88.1470588235294,34,87.0,2,85.66666666666667,2.5,3,3,0,1.3,5.0,3.0,3.0,18.083965417277767,High Performer,False,False,False,False,False,False,0.16771949822151147,269,Excellent
S2021,Olivia Ayers,Male,2025-04-05,Medium,13.563249914746132,0.7333333333333333,0.6666666666666666,5.733333333333333,3,0.6282307692307693,62.19230769230769,26,69.5,4,76.16666666666667,4.5,1,5,0,1.9,8.0,2.0,4.0,13.563249914746132,Average Performer,True,False,False,False,False,False,0.3410393111105706,1515,Good
S2022,Kristine Garcia,Female,2026-02-15,Medium,7.891517943943685,0.8,0.5,16.85,4,0.7385,74.61538461538461,26,80.0,2,69.5,4.333333333333333,1,5,0,1.0,3.0,2.0,6.0,7.891517943943685,Average Performer,False,False,False,True,False,False,0.29447120514014075,1455,Good
S2023,Joseph Cooper,Other,2026-02-17,Medium,10.525263589070557,0.8333333333333334,1.0,12.2,3,0.72628,72.28,25,83.33333333333333,3,79.0,2.0,2,4,0,1.9,10.0,2.0,3.0,10.525263589070557,Average Performer,False,False,False,False,False,False,0.2623028410273236,861,Good
S2024,James Washington,Female,2026-07-01,High,10.80879381380154,0.8333333333333334,0.3333333333333333,14.066666666666668,3,0.7781923076923077,80.88461538461539,26,75.0,2,77.16666666666667,4.0,1,5,0,1.4,9.0,0.0,5.0,10.80879381380154,Average Performer,False,False,False,False,False,False,0.2654369898244705,1128,Good
S2025,Amanda Hill,Male,2026-04-07,Medium,18.115175031356,0.6666666666666666,0.6666666666666666,13.666666666666666,3,0.82065625,82.15625,32,77.0,2,80.16666666666667,2.6666666666666665,0,6,0,1.7,10.0,5.0,6.0,18.115175031356,At Risk,True,False,False,False,False,False,0.2675985207549434,904,Good
S2026,Lee Steele,Female,2025-10-12,Low,5.955050924051743,0.7666666666666667,0.25,10.375,4,0.6141923076923077,60.73076923076923,26,94.0,2,78.16666666666667,4.166666666666667,1,5,0,1.7,6.0,1.0,3.0,5.955050924051743,Average Performer,False,False,False,True,False,False,0.30393801371551166,1122,Good
S2027,Steve Rivera,Female,2024-11-04,Medium,5.726676390031498,0.8333333333333334,1.0,16.1,3,0.82675,82.9375,32,87.0,2,74.16666666666667,2.833333333333333,1,5,0,2.1,10.0,1.0,0.0,5.726676390031498,Average Performer,False,False,False,True,False,False,0.24407497569158793,553,Good
S2028,Patrick Mccall,Male,2025-01-07,Medium,13.57362262439327,1.0,0.5,12.05,4,0.8370714285714286,85.03571428571429,28,86.0,4,85.5,1.1666666666666667,4,2,0,1.1,7.0,3.0,1.0,13.57362262439327,High Performer,False,False,False,False,False,False,0.16469451486758827,229,Excellent
S2029,Alicia Roth,Female,2026-05-28,Medium,16.349355386075242,0.7,0.3333333333333333,12.833333333333334,3,0.6836666666666668,68.86666666666666,30,78.33333333333333,3,82.16666666666667,4.833333333333333,1,4,1,1.0,8.0,6.0,3.0,16.349355386075242,Average Performer,True,False,False,False,False,False,0.29910994486814524,1415,Good
S2030,Douglas Vasquez,Male,2024-09-02,High,17.29552589586292,0.9,0.8,14.02,5,0.8782333333333334,85.73333333333333,30,89.75,4,79.83333333333333,1.6666666666666667,3,3,0,2.4,6.0,0.0,5.0,17.29552589586292,High Performer,False,False,False,False,False,False,0.16904118526034267,130,Excellent
S2031,Annette Melton,Female,2026-04-10,Medium,17.368167094934584,0.7666666666666667,0.0,11.25,4,0.7947000000000001,80.23333333333333,30,64.5,2,72.16666666666667,2.5,1,5,0,2.1,5.0,0.0,6.0,17.368167094934584,Average Performer,False,False,False,False,False,False,0.28925291559599686,1239,Good
S2032,William Ramos,Male,2025-12-08,Low,9.915603136135417,0.7333333333333333,1.0,10.066666666666666,3,0.8026521739130434,82.30434782608695,23,76.75,4,75.66666666666667,3.333333333333333,1,5,0,1.0,7.0,1.0,5.0,9.915603136135417,Average Performer,True,False,False,True,False,False,0.2840820066524151,1337,Good
S2033,Debra Butler,Male,2025-03-03,High,11.950797614716002,0.9333333333333332,0.75,11.175,4,0.8124333333333333,78.9,30,79.75,4,83.66666666666667,3.333333333333333,1,5,0,2.2,7.0,2.0,2.0,11.950797614716002,High Performer,False,False,False,False,False,False,0.20805967262987668,207,Good
S2034,Chelsea Lewis,Male,2025-04-04,Medium,8.500060934359652,0.7666666666666667,0.75,17.95,4,0.8616538461538461,89.53846153846153,26,77.33333333333333,3,80.0,3.0,2,4,0,1.6,9.0,3.0,4.0,8.500060934359652,Average Performer,False,False,False,True,False,False,0.2539203604846137,784,Good
S2035,Natalie Malone,Female,2026-04-07,Medium,14.53362980598594,0.7333333333333333,0.5,14.525,4,0.6477916666666667,65.91666666666667,24,74.5,4,72.66666666666667,3.1666666666666665,1,5,0,1.7,5.0,1.0,2.0,14.53362980598594,Average Performer,True,False,False,False,False,False,0.3279950921517018,1539,Good
S2036,Samantha Robertson,Male,2024-09-08,Medium,4.215398898213237,0.5666666666666667,0.75,9.875,4,0.7842222222222222,74.48148148148148,27,69.25,4,88.0,4.833333333333333,1,5,0,1.2,6.0,1.0,5.0,4.215398898213237,At Risk,True,False,False,True,False,False,0.3420281694211336,1179,Good
S2037,Eric Hunter,Female,2026-02-24,Low,7.622796079030987,0.6,0.8,11.96,5,0.6373214285714285,63.96428571428572,28,77.5,4,75.0,5.166666666666667,0,6,0,1.5,10.0,2.0,4.0,7.622796079030987,At Risk,True,False,False,True,False,True,0.37224658123099397,1589,Good
S2038,Samuel Suarez,Male,2024-09-19,High,12.994843901170968,0.9333333333333332,0.75,12.625,4,0.8318275862068966,84.34482758620689,29,81.0,2,84.33333333333333,3.8333333333333335,2,4,0,2.2,8.0,2.0,4.0,12.994843901170968,High Performer,False,False,False,False,False,False,0.1961312810516703,129,Excellent
S2039,Corey Whitaker,Male,2025-09-24,Medium,13.486748574122569,0.7666666666666667,0.6666666666666666,16.133333333333336,3,0.761,77.03448275862068,29,63.0,2,77.0,5.333333333333333,0,5,1,1.8,4.0,0.0,4.0,13.486748574122569,Average Performer,False,False,False,False,False,True,0.3048164618980269,1356,Good
S2040,Danielle Bryant,Female,2025-11-06,High,19.51647769268173,0.8,0.6666666666666666,16.3,3,0.73275,76.60714285714286,28,77.5,4,81.0,4.166666666666667,0,6,0,1.6,10.0,2.0,4.0,19.51647769268173,Average Performer,False,False,False,False,False,False,0.2548838057682956,1040,Good
S2041,Michele Hill,Female,2025-05-19,Low,5.2636882204590805,0.8666666666666667,0.75,11.7,4,0.66175,65.82142857142857,28,62.0,2,78.5,2.333333333333333,2,4,0,1.5,6.0,1.0,3.0,5.2636882204590805,Average Performer,False,False,False,True,False,False,0.32989911278218564,1479,Good
S2042,Kathy Reid,Male,2024-10-06,High,6.669905146743436,0.9333333333333332,0.8,12.56,5,0.84052,85.92,25,83.66666666666667,3,74.83333333333333,2.6666666666666665,2,4,0,1.0,10.0,3.0,3.0,6.669905146743436,High Performer,False,False,False,True,False,False,0.21825257046647478,806,Good
S2043,Andre Watson,Female,2025-06-01,Medium,9.633662158553683,0.8333333333333334,1.0,12.1,4,0.7056785714285715,71.28571428571429,28,62.0,2,86.16666666666667,5.666666666666667,0,6,0,1.0,7.0,1.0,5.0,9.633662158553683,Average Performer,False,False,False,True,False,True,0.302628939841711,1398,Good
S2044,Cassandra Harrell,Female,2025-02-10,Medium,17.940936755891293,0.9,0.3333333333333333,7.6,3,0.66596875,68.59375,32,75.75,4,84.66666666666667,5.5,0,6,0,1.5,1.0,3.0,7.0,17.940936755891293,Average Performer,False,False,False,False,False,True,0.2518570331102718,957,Good
S2045,Hannah Martin,Female,2024-12-12,Medium,15.933149170902713,0.6666666666666666,0.5,12.65,2,0.7297037037037037,75.51851851851852,27,84.33333333333333,3,75.0,2.5,1,5,0,1.6,6.0,2.0,4.0,15.933149170902713,At Risk,True,False,False,False,False,False,0.2934226826282988,1259,Good
S2046,Nicole Barker,Male,2025-01-29,Medium,6.135879079124275,0.9,1.0,15.0,4,0.8246206896551724,84.03448275862068,29,77.0,2,83.33333333333333,2.1666666666666665,2,4,0,1.8,9.0,1.0,5.0,6.135879079124275,High Performer,False,False,False,True,False,False,0.2332740954056376,444,Good
S2047,James Martin,Male,2026-03-17,Medium,15.644122535933272,0.6,0.3333333333333333,5.3,3,0.7859655172413793,84.27586206896552,29,77.66666666666667,3,83.83333333333333,3.8333333333333335,1,5,0,1.9,6.0,3.0,5.0,15.644122535933272,At Risk,True,False,False,False,False,False,0.29401670515441974,833,Good
S2048,Traci Vincent,Female,2026-05-30,Medium,10.8264104035558,0.9,1.0,12.7,2,0.8044137931034483,82.20689655172414,29,76.5,4,75.33333333333333,4.833333333333333,0,6,0,1.9,9.0,2.0,4.0,10.8264104035558,High Performer,False,False,False,False,False,False,0.24060983606007602,764,Good
S2049,Megan Adams,Male,2025-06-01,Medium,8.333284598408536,0.7333333333333333,0.0,7.2,3,0.6189642857142857,63.57142857142857,28,63.5,2,87.83333333333333,3.8333333333333335,2,4,0,1.4,7.0,0.0,2.0,8.333284598408536,Average Performer,True,False,False,True,False,False,0.3513941694563596,1412,Good
S2050,Alejandro Deleon,Female,2024-10-04,High,13.654736628726049,0.9333333333333332,1.0,18.3,4,0.7935217391304349,78.26086956521739,23,75.5,2,90.33333333333331,2.333333333333333,1,5,0,1.0,5.0,2.0,2.0,13.654736628726049,High Performer,False,False,False,False,False,False,0.20797330335572115,628,Good
S2051,Alexa Buck,Female,2024-08-11,Medium,9.377196864005953,0.7666666666666667,0.0,14.05,2,0.7325483870967742,72.38709677419355,31,73.0,2,78.33333333333333,6.333333333333333,0,5,1,1.4,7.0,2.0,4.0,9.377196864005953,Average Performer,False,False,False,True,False,True,0.3016258250442862,1372,Good
S2052,Lindsay Smith,Female,2026-05-20,Medium,15.689371263448129,0.8333333333333334,1.0,10.1,2,0.7646153846153846,75.65384615384616,26,74.66666666666667,3,69.66666666666667,2.333333333333333,2,4,0,2.2,7.0,4.0,6.0,15.689371263448129,Average Performer,False,False,False,False,False,False,0.26922528979009763,1035,Good
S2053,Robert Torres,Female,2025-01-04,Medium,12.723686146890326,0.8,0.25,12.15,4,0.7008636363636364,69.86363636363636,22,67.5,2,67.16666666666667,2.6666666666666665,1,5,0,1.0,7.0,1.0,4.0,12.723686146890326,Average Performer,False,False,False,False,False,False,0.3221816937236832,1745,Good
S2054,Maria Coleman,Other,2024-11-30,Medium,7.757997460866056,0.9333333333333332,0.6666666666666666,11.2,3,0.7135925925925926,70.70370370370371,27,76.0,2,70.83333333333333,4.666666666666667,1,5,0,2.0,7.0,1.0,2.0,7.757997460866056,Average Performer,False,False,False,True,False,False,0.2749438952367238,1041,Good
S2055,Gregory King,Male,2025-05-24,Low,1.0,0.5333333333333333,0.3333333333333333,5.933333333333334,3,0.70056,68.0,25,62.5,2,73.16666666666667,4.0,2,3,1,1.0,5.0,3.0,4.0,1.0,At Risk,True,False,False,True,False,False,0.4192486666666667,1844,Average
S2056,Michael Holloway,Female,2026-03-24,Medium,6.859147784407241,0.9,0.75,13.525,4,0.7188461538461539,72.0,26,72.0,2,82.0,3.0,0,6,0,1.0,7.0,3.0,5.0,6.859147784407241,Average Performer,False,False,False,True,False,False,0.2751982843851357,1251,Good
S2057,Brian Hunt,Male,2025-06-04,High,11.55560515776316,0.9,1.0,12.35,4,0.8137037037037037,81.11111111111111,27,86.0,3,82.33333333333333,3.5,1,5,0,2.1,8.0,3.0,5.0,11.55560515776316,High Performer,False,False,False,False,False,False,0.206499875994481,218,Good
S2058,Sarah Brooks,Male,2025-03-05,High,19.007625383790607,1.0,1.0,9.9,4,0.8624333333333334,87.0,30,87.0,3,91.16666666666669,2.333333333333333,2,4,0,2.0,5.0,1.0,7.0,19.007625383790607,High Performer,False,False,False,False,False,False,0.13300093654052345,8,Excellent
S2059,Lisa Evans,Female,2025-12-11,Low,1.0,0.6333333333333333,0.75,9.25,4,0.6773571428571429,68.07142857142857,28,58.333333333333336,3,73.16666666666667,4.333333333333333,1,5,0,1.3,7.0,1.0,4.0,1.0,At Risk,True,False,False,True,False,False,0.4095428571428571,1800,Average
S2060,Arthur Mcneil,Female,2026-03-03,Medium,9.629080692268372,0.9,0.6666666666666666,19.166666666666668,3,0.6892333333333334,69.23333333333333,30,66.75,4,77.66666666666667,3.333333333333333,1,5,0,1.7,10.0,1.0,6.0,9.629080692268372,Average Performer,False,False,False,True,False,False,0.29415729826932907,1306,Good
S2061,Shannon Green,Other,2025-12-17,High,17.444948678780705,0.8666666666666667,1.0,10.366666666666664,3,0.7253478260869565,73.08695652173913,23,94.0,2,90.66666666666669,4.833333333333333,0,6,0,2.8,8.0,2.0,3.0,17.444948678780705,Average Performer,False,False,False,False,False,False,0.1981166138102946,187,Excellent
S2062,Stephanie Evans,Female,2024-11-23,Medium,11.89306315051857,0.6333333333333333,0.3333333333333333,11.233333333333334,3,0.8049285714285714,79.71428571428571,28,71.25,4,74.16666666666667,5.0,0,6,0,1.8,9.0,3.0,3.0,11.89306315051857,At Risk,True,False,False,False,False,False,0.3167054373617988,1284,Good
S2063,Ralph Yoder,Male,2024-10-28,Medium,12.82094416133047,0.9333333333333332,1.0,8.2,4,0.7906129032258065,76.03225806451613,31,78.5,2,73.66666666666667,3.1666666666666665,2,4,0,2.1,8.0,1.0,4.0,12.82094416133047,High Performer,False,False,False,False,False,False,0.22993043529559856,660,Good
S2064,Rebekah Greene,Male,2025-03-15,Medium,11.784452607497652,0.7666666666666667,1.0,11.766666666666666,3,0.8071923076923077,79.03846153846153,26,77.0,2,76.33333333333333,3.333333333333333,1,5,0,1.2,9.0,2.0,3.0,11.784452607497652,Average Performer,False,False,False,False,False,False,0.2682145095068969,1170,Good
S2065,Melanie Griffith,Female,2025-08-12,Medium,18.478427954868053,0.8666666666666667,0.6,12.18,5,0.8114642857142857,80.03571428571429,28,65.5,2,86.5,3.1666666666666665,1,5,0,2.1,7.0,4.0,3.0,18.478427954868053,Average Performer,False,False,False,False,False,False,0.23294797773187742,561,Good
S2066,Yolanda Green,Male,2026-04-10,High,19.40432004053812,0.8666666666666667,0.8,12.3,5,0.7833666666666667,76.56666666666666,30,86.5,2,77.66666666666667,2.0,2,4,0,2.6,7.0,2.0,3.0,19.40432004053812,High Performer,False,False,False,False,False,False,0.210312533231988,445,Good
S2067,James Johnson,Male,2025-06-27,Low,4.22104605677642,0.7666666666666667,1.0,8.733333333333334,3,0.7066666666666667,70.93333333333334,30,75.0,4,83.33333333333333,3.8333333333333335,1,5,0,1.6,5.0,2.0,2.0,4.22104605677642,Average Performer,False,False,False,True,False,False,0.3107807181913923,1146,Good
S2068,Laura Lee,Male,2026-02-18,Medium,5.143661557411362,1.0,1.0,8.533333333333333,3,0.7653478260869566,79.08695652173913,23,73.0,2,80.83333333333333,2.6666666666666665,2,4,0,1.7,9.0,3.0,5.0,5.143661557411362,High Performer,False,False,False,True,False,False,0.24028649828038462,692,Good
S2069,Courtney Nichols,Male,2026-04-14,Medium,16.75001749702175,0.8666666666666667,1.0,14.6,3,0.8409615384615384,85.6923076923077,26,71.33333333333333,3,92.16666666666669,1.5,2,4,0,2.5,9.0,1.0,6.0,16.75001749702175,High Performer,False,False,False,False,False,False,0.20825316138565075,250,Good
S2070,Susan Powers,Male,2026-07-12,Medium,13.40949109552087,0.8333333333333334,0.75,11.45,4,0.8548275862068965,86.72413793103448,29,93.5,2,90.16666666666669,2.833333333333333,2,4,0,1.7,7.0,1.0,4.0,13.40949109552087,Average Performer,False,False,False,False,False,False,0.1794446630657955,148,Excellent
S2071,Sarah Pittman,Male,2025-03-24,Medium,10.25948389031043,0.7333333333333333,0.6666666666666666,18.633333333333336,3,0.8562068965517241,84.37931034482759,29,74.0,3,81.0,1.3333333333333333,1,5,0,2.0,9.0,1.0,5.0,10.25948389031043,Average Performer,True,False,False,False,False,False,0.26465588797537337,728,Good
S2072,Catherine Davis,Male,2026-06-28,Medium,12.031972724909744,0.9333333333333332,0.8,11.52,5,0.7511428571428571,74.82142857142857,28,75.5,4,80.5,3.5,2,4,0,1.3,8.0,1.0,6.0,12.031972724909744,High Performer,False,False,False,False,False,False,0.2394938777115352,926,Good
S2073,David Stokes,Male,2026-01-10,Medium,6.030976407640567,0.9333333333333332,0.75,13.55,4,0.7926521739130435,80.95652173913044,23,81.5,4,73.16666666666667,5.0,2,3,1,1.6,6.0,1.0,3.0,6.030976407640567,High Performer,False,False,False,True,False,False,0.24104357347365218,770,Good
S2074,Catherine Frazier,Other,2025-11-07,Medium,6.266628595200954,0.9,0.3333333333333333,16.133333333333336,3,0.7898928571428572,75.85714285714286,28,69.5,4,75.5,4.0,0,6,0,1.0,6.0,1.0,8.0,6.266628595200954,Average Performer,False,False,False,True,False,False,0.27011557136914044,1310,Good
S2075,Brandon Kelly,Male,2024-11-05,Low,1.0,0.8,0.3333333333333333,7.033333333333334,3,0.8207407407407408,76.85185185185185,27,67.75,4,70.0,3.5,0,6,0,1.7,8.0,0.0,3.0,1.0,Average Performer,False,False,False,True,False,False,0.31077777777777776,1232,Good
S2076,Elizabeth French,Male,2025-05-01,Low,7.557748994049639,0.5,0.3333333333333333,6.966666666666666,3,0.7404814814814814,70.37037037037037,27,69.75,4,69.16666666666667,2.833333333333333,2,4,0,1.2,8.0,0.0,4.0,7.557748994049639,At Risk,True,False,False,True,False,False,0.3907111830704315,1737,Good
S2077,David Carter,Female,2025-12-25,High,20.48469122049617,0.9,0.0,11.866666666666664,3,0.8275714285714286,79.35714285714286,28,82.0,4,87.83333333333333,3.1666666666666665,0,6,0,1.7,10.0,1.0,4.0,20.48469122049617,High Performer,False,False,False,False,False,False,0.179766843377331,215,Excellent
S2078,Julie Delacruz,Male,2024-10-09,High,15.933946661748392,0.9666666666666668,1.0,14.9,3,0.892265925925926,89.13793103448276,29,93.25,4,83.5,2.1666666666666665,3,3,0,2.1,10.0,1.0,7.0,15.933946661748392,High Performer,False,False,False,False,False,False,0.1390686889011845,30,Excellent
S2079,Terry Jones,Female,2026-05-04,Low,4.15722356266566,0.7666666666666667,0.6666666666666666,7.266666666666667,3,0.6325925925925925,65.25925925925925,27,54.74916666666667,3,76.66666666666667,3.1666666666666665,1,5,0,1.2,6.0,3.0,3.0,4.15722356266566,At Risk,False,False,False,True,False,False,0.383664163315558,1748,Good
S2080,Kathryn Dillon,Female,2025-05-08,Medium,11.585917506822906,1.0,1.0,20.466666666666665,3,0.7669655172413793,73.86206896551724,29,81.5,2,81.0,1.6666666666666667,2,4,0,2.1,7.0,1.0,4.0,11.585917506822906,High Performer,False,False,False,False,False,False,0.20644555106052895,340,Good
S2081,Edwin Brown,Male,2025-08-29,Low,4.971317590359164,0.6666666666666666,0.5,13.95,2,0.7223703703703704,71.25925925925925,27,60.25,4,85.33333333333333,4.166666666666667,0,6,0,1.6,6.0,2.0,4.0,4.971317590359164,At Risk,True,False,False,True,False,False,0.35569392824632434,1361,Good
S2082,Brenda Gonzalez,Male,2024-12-29,High,15.776079204731415,0.7333333333333333,1.0,8.1,2,0.7557666666666667,73.8,30,70.5,2,89.66666666666667,3.0,1,5,0,1.5,7.0,1.0,2.0,15.776079204731415,Average Performer,True,False,False,False,False,False,0.27499646865483807,1003,Good
S2083,Keith Knox,Female,2025-08-11,Medium,7.691950027797502,0.9333333333333332,1.0,13.5,3,0.781625,80.125,24,71.5,2,79.66666666666667,4.666666666666667,2,4,0,1.6,10.0,2.0,2.0,7.691950027797502,High Performer,False,False,False,True,False,False,0.2504492915971729,855,Good
S2084,Eugene Baldwin,Female,2025-07-07,Medium,15.316182496198774,0.8333333333333334,0.75,11.875,4,0.811111111111111,79.85185185185185,27,69.25,4,83.16666666666667,3.6666666666666665,1,5,0,1.0,10.0,1.0,5.0,15.316182496198774,Average Performer,False,False,False,False,False,False,0.24679287709283643,1097,Good
S2085,Katherine Welch,Male,2026-06-14,Medium,16.928446323953967,0.9,1.0,21.25,2,0.892265925925926,90.60857142857144,27,78.5,2,86.33333333333333,2.333333333333333,1,5,0,2.6,8.0,1.0,5.0,16.928446323953967,High Performer,False,False,False,False,False,False,0.1784991064123373,87,Excellent
S2086,Mark Smith,Female,2025-05-24,Medium,7.472605285919467,0.9333333333333332,0.6666666666666666,13.533333333333331,3,0.7136071428571429,72.39285714285714,28,83.5,2,87.0,4.333333333333333,1,5,0,2.6,7.0,3.0,3.0,7.472605285919467,Average Performer,False,False,False,True,False,False,0.23640301059472513,258,Good
S2087,Philip Jackson,Male,2025-08-01,High,14.794154416829477,0.9333333333333332,0.8,16.4,5,0.8113214285714285,83.75,28,86.0,2,87.0,5.0,0,6,0,2.4,8.0,1.0,3.0,14.794154416829477,High Performer,False,False,False,False,False,False,0.18378485205316447,47,Excellent
S2088,Katherine Gallagher,Other,2025-02-20,Medium,12.920932982284173,0.8,0.25,13.775,4,0.72,71.3103448275862,29,85.0,4,82.33333333333333,4.166666666666667,0,6,0,1.5,6.0,2.0,2.0,12.920932982284173,Average Performer,False,False,False,False,False,False,0.2581976675442896,889,Good
S2089,Lucas Schultz,Male,2025-10-07,Medium,12.448400853966062,0.9666666666666668,0.75,9.55,4,0.7594333333333334,75.83333333333333,30,74.5,4,80.33333333333333,3.1666666666666665,2,4,0,1.4,5.0,2.0,4.0,12.448400853966062,High Performer,False,False,False,False,False,False,0.2298823311984181,851,Good
S2090,Vincent Reyes,Female,2025-11-05,Medium,11.82487020218252,0.8333333333333334,0.8,12.98,5,0.7056428571428571,69.57142857142857,28,80.0,3,85.33333333333333,2.5,1,5,0,1.3,6.0,2.0,3.0,11.82487020218252,Average Performer,False,False,False,False,False,False,0.26241163401835327,940,Good
S2091,Curtis Watson,Female,2025-06-20,Low,9.86953130546152,0.8333333333333334,0.5,6.65,4,0.733,73.66666666666667,24,66.0,3,77.66666666666667,6.833333333333333,0,6,0,1.0,8.0,1.0,3.0,9.86953130546152,Average Performer,False,False,False,True,False,True,0.2985928384030128,1551,Good
S2092,Frank Whitaker,Female,2024-10-05,Medium,8.187372479322692,0.8666666666666667,0.6666666666666666,15.866666666666667,3,0.7653,74.2,30,80.0,2,76.16666666666667,3.1666666666666665,2,4,0,2.0,7.0,1.0,6.0,8.187372479322692,High Performer,False,False,False,True,False,False,0.2590249021350266,809,Good
S2093,Michael Sims,Female,2026-03-06,Low,2.99320702802266,0.5666666666666667,0.25,9.25,4,0.6668125,65.875,32,69.25,4,83.83333333333333,4.0,1,5,0,1.0,6.0,0.0,3.0,2.99320702802266,At Risk,True,False,False,True,False,False,0.3865565657632767,1629,Good
S2094,Michael Cooper,Male,2025-06-20,High,20.153068435643032,0.9333333333333332,1.0,21.5,3,0.6904545454545454,71.18181818181819,22,88.66666666666667,3,90.0,0.8333333333333334,4,2,0,2.1,9.0,3.0,4.0,20.153068435643032,Average Performer,False,False,False,False,False,False,0.19681429860786215,270,Excellent
S2095,James Chapman,Male,2026-04-17,Medium,10.006118661048674,0.7333333333333333,0.6666666666666666,14.9,3,0.71648,72.8,25,81.0,3,74.66666666666667,4.0,0,6,0,1.8,9.0,2.0,4.0,10.006118661048674,Average Performer,True,False,False,False,False,False,0.30270737001404496,1234,Good
S2096,Rodney Evans,Male,2025-05-09,Low,5.264077354900325,0.6666666666666666,0.0,8.9,3,0.6998461538461539,70.84615384615384,26,61.0,2,75.66666666666667,4.0,1,5,0,1.5,9.0,2.0,3.0,5.264077354900325,At Risk,True,False,False,True,False,False,0.3747192937922364,1701,Good
S2097,Nicholas Carlson,Male,2025-11-15,High,12.23877418492182,0.9666666666666668,0.5,15.875,4,0.7925555555555556,81.18518518518519,27,84.0,2,84.0,3.5,2,4,0,2.9,7.0,2.0,7.0,12.23877418492182,High Performer,False,False,False,False,False,False,0.19596973120436206,86,Excellent
S2098,Stephen Cowan,Female,2024-12-18,High,22.412670686614906,0.9666666666666668,1.0,15.625,4,0.7509166666666666,76.04166666666667,24,89.66666666666667,3,77.16666666666667,1.5,4,2,0,2.0,8.0,0.0,4.0,22.412670686614906,High Performer,False,False,False,False,False,False,0.1819433232834627,481,Excellent
S2099,Steven Howard,Male,2025-06-29,Medium,6.749955815462649,0.9333333333333332,1.0,22.075,4,0.8266071428571429,84.42857142857143,28,79.0,2,90.0,1.5,3,3,0,1.4,6.0,1.0,3.0,6.749955815462649,High Performer,False,False,False,True,False,False,0.2088096342708672,290,Good
S2100,Travis Hull,Male,2025-11-28,High,12.34334795809652,0.9333333333333332,0.6666666666666666,6.4,3,0.7765185185185186,77.44444444444444,27,81.25,4,78.5,2.5,2,4,0,2.9,8.0,2.0,6.0,12.34334795809652,High Performer,False,False,False,False,False,False,0.22260274121586981,394,Good
S2101,Darryl Acosta,Other,2025-06-22,Medium,10.377891666016836,0.8333333333333334,0.5,15.05,4,0.7959615384615385,81.8076923076923,26,70.0,2,87.66666666666667,4.0,1,5,0,1.6,7.0,2.0,6.0,10.377891666016836,Average Performer,False,False,False,False,False,False,0.255433475963163,735,Good
S2102,Nicholas Lawrence,Female,2024-10-07,Low,8.50375348428158,0.8,0.3333333333333333,8.133333333333333,3,0.82584,80.76,25,70.33333333333333,3,80.33333333333333,3.5,0,6,0,1.6,5.0,3.0,2.0,8.50375348428158,Average Performer,False,False,False,True,False,False,0.2698219496226294,951,Good
S2103,Jacob Santos,Female,2024-08-27,Medium,17.143067944857908,0.7333333333333333,1.0,9.675,4,0.7783103448275862,77.96551724137932,29,72.66666666666667,3,72.16666666666667,4.0,2,4,0,1.7,7.0,0.0,5.0,17.143067944857908,Average Performer,True,False,False,False,False,False,0.2867325600229127,1318,Good
S2104,Shawn Scott,Other,2025-08-29,Medium,10.06918835300893,0.9333333333333332,1.0,8.066666666666666,3,0.7403103448275863,74.75862068965517,29,81.25,4,78.0,5.333333333333333,0,6,0,1.6,10.0,0.0,7.0,10.06918835300893,Average Performer,False,False,False,False,False,True,0.23990059233586847,821,Good
S2105,Amber Vang,Male,2025-04-18,Medium,11.90634650624242,0.8,0.75,7.15,4,0.7977241379310345,80.44827586206897,29,75.33333333333333,3,90.83333333333331,3.5,0,6,0,2.3,6.0,3.0,4.0,11.90634650624242,Average Performer,False,False,False,False,False,False,0.244000225688417,398,Good
S2106,Martha Smith,Male,2025-07-22,Medium,4.467005224909793,0.9,0.75,11.75,4,0.703,72.21875,32,70.0,2,77.33333333333333,4.333333333333333,0,6,0,1.7,9.0,0.0,3.0,4.467005224909793,Average Performer,False,False,False,True,False,False,0.29693248693772556,1235,Good
S2107,Jennifer James,Female,2026-01-03,High,16.028091375650526,0.9666666666666668,0.6666666666666666,22.566666666666663,3,0.8009999999999999,78.51851851851852,27,87.33333333333333,3,80.33333333333333,3.1666666666666665,2,4,0,2.4,9.0,2.0,6.0,16.028091375650526,High Performer,False,False,False,False,False,False,0.18279643822754038,155,Excellent
S2108,Kara Hernandez,Female,2025-01-17,Medium,12.92964688265336,0.9,0.0,5.966666666666666,3,0.8102857142857143,80.57142857142857,28,86.5,2,78.0,4.166666666666667,0,6,0,2.4,6.0,1.0,2.0,12.92964688265336,High Performer,False,False,False,False,False,False,0.20959016850765233,318,Good
S2109,Lorraine Turner,Male,2025-12-12,Medium,12.255249480807644,0.7666666666666667,0.0,9.55,2,0.6594193548387097,66.38709677419355,31,83.0,3,81.0,3.0,1,5,0,1.2,6.0,3.0,2.0,12.255249480807644,Average Performer,False,False,False,False,False,False,0.2923694031797013,1241,Good
S2110,Mary Nelson,Female,2026-01-11,Medium,12.883682759550698,0.7666666666666667,0.25,10.25,4,0.62125,61.75,28,71.0,3,74.5,4.5,0,6,0,1.4,6.0,1.0,5.0,12.883682759550698,Average Performer,False,False,False,False,False,False,0.3359991264344566,1645,Good
S2111,Breanna Rivas,Male,2026-02-01,High,19.067354182084262,0.9666666666666668,0.6666666666666666,16.3,3,0.892265925925926,85.04166666666667,24,87.5,4,85.66666666666667,2.0,2,4,0,2.900999999999999,10.0,2.0,4.0,19.067354182084262,High Performer,False,False,False,False,False,False,0.13948517010034484,3,Excellent
S2112,Nathan Wilson,Male,2024-11-24,Medium,6.778469101552535,0.9333333333333332,0.5,10.1,4,0.7510740740740741,76.14814814814815,27,68.5,4,80.66666666666667,4.833333333333333,0,6,0,1.5,9.0,0.0,4.0,6.778469101552535,Average Performer,False,False,False,True,False,False,0.26639827169056307,1014,Good
S2113,Brian Gonzalez,Female,2026-07-19,High,20.341068898254218,0.7,1.0,18.23333333333333,3,0.827,84.5,26,87.0,2,82.16666666666667,1.6666666666666667,3,3,0,2.0,9.0,1.0,6.0,20.341068898254218,Average Performer,True,False,False,False,False,False,0.22879732775436445,477,Good
S2114,Dennis Mills,Female,2025-08-15,High,14.659806821044656,0.8333333333333334,0.6666666666666666,10.2,3,0.8002142857142857,77.96428571428571,28,72.0,2,83.0,3.333333333333333,2,4,0,1.7,5.0,2.0,4.0,14.659806821044656,Average Performer,False,False,False,False,False,False,0.24645286389976934,795,Good
S2115,Michael Phillips,Female,2025-09-09,Low,2.5180776372347617,0.6666666666666666,0.3333333333333333,4.466666666666667,3,0.7523571428571428,73.82142857142857,28,66.25,4,71.0,6.166666666666667,0,5,1,2.0,8.0,2.0,7.0,2.5180776372347617,At Risk,True,False,False,True,False,True,0.36233099638310357,1475,Good
S2116,Jon Clark,Male,2025-11-27,Medium,7.340735918060528,0.7,0.25,7.375,4,0.7606086956521739,77.0,23,73.5,2,87.0,3.5,1,5,0,1.1,5.0,2.0,4.0,7.340735918060528,Average Performer,True,False,False,True,False,False,0.3009655515091965,1135,Good
S2117,Erin Smith,Female,2025-12-11,High,17.00967347220874,1.0,0.6666666666666666,13.866666666666667,3,0.7474285714285714,78.64285714285714,28,81.0,3,84.5,3.6666666666666665,1,5,0,1.7,10.0,1.0,2.0,17.00967347220874,Average Performer,False,False,False,False,False,False,0.1944972448909067,418,Excellent
S2118,Susan Conley,Male,2025-09-07,High,23.650391321053,0.9,0.6,15.68,5,0.8055454545454545,79.42424242424242,33,90.5,2,81.0,4.5,0,6,0,2.1,6.0,3.0,8.0,22.628166883106164,High Performer,False,False,False,False,False,False,0.17426594642859822,246,Excellent
S2119,Brittany Davis,Male,2024-09-30,High,17.012409962449805,0.8,1.0,18.366666666666664,3,0.8409047619047618,83.23809523809524,21,78.0,4,76.0,3.1666666666666665,1,5,0,1.9,8.0,3.0,5.0,17.012409962449805,Average Performer,False,False,False,False,False,False,0.23519754652244693,780,Good
S2120,Misty Garcia,Female,2025-03-09,Medium,5.039233986780308,0.7666666666666667,0.0,10.9,2,0.7272500000000001,69.58333333333333,24,70.66666666666667,3,86.5,2.5,1,5,0,1.3,9.0,1.0,6.0,5.039233986780308,Average Performer,False,False,False,True,False,False,0.3064769150330492,1191,Good
S2121,David Hinton,Female,2025-07-25,High,18.44146622087341,0.9333333333333332,1.0,16.866666666666667,3,0.7968571428571429,76.39285714285714,28,84.75,4,92.16833333333334,1.8333333333333333,1,5,0,1.2,9.0,2.0,5.0,18.44146622087341,High Performer,False,False,False,False,False,False,0.17375335825734028,302,Excellent
S2122,John Garcia,Female,2025-07-01,High,15.707009028301158,1.0,1.0,23.027249999999995,3,0.8193846153846154,79.8076923076923,26,85.25,4,92.16833333333334,3.5,2,4,0,2.7,9.0,2.0,3.0,15.707009028301158,High Performer,False,False,False,False,False,False,0.15616459281386247,4,Excellent
S2123,Andrew Roberts,Female,2024-09-26,Medium,14.399401664014755,0.7,0.3333333333333333,8.6,3,0.7334516129032258,71.09677419354838,31,70.66666666666667,3,86.66666666666667,4.166666666666667,1,5,0,1.0,6.0,1.0,3.0,14.399401664014755,Average Performer,True,False,False,False,False,False,0.29763267863566206,1350,Good
S2124,Emily Rodgers,Female,2026-07-01,Medium,15.832903110169232,1.0,0.6666666666666666,20.23333333333333,3,0.8558888888888888,87.66666666666667,27,80.5,2,84.83333333333333,1.3333333333333333,2,4,0,1.6,7.0,0.0,5.0,15.832903110169232,High Performer,False,False,False,False,False,False,0.16540107555791028,176,Excellent
S2125,Peter Williams,Female,2026-04-10,Medium,8.679948209371178,0.8666666666666667,0.5,8.95,4,0.8480689655172414,88.75862068965517,29,75.75,4,80.33333333333333,3.0,3,3,0,2.0,6.0,5.0,4.0,8.679948209371178,High Performer,False,False,False,True,False,False,0.235212773154733,536,Good
S2126,Mary Jackson,Male,2025-08-01,Medium,6.912102680754113,0.7333333333333333,0.3333333333333333,7.266666666666667,3,0.7474193548387097,74.83870967741936,31,66.0,4,71.66666666666667,5.5,0,6,0,1.0,10.0,3.0,6.0,6.912102680754113,Average Performer,True,False,False,True,False,True,0.33566060351316845,1723,Good
S2127,Jeffrey Howell,Male,2025-03-17,High,16.04034007152395,0.9333333333333332,1.0,14.9,3,0.7679600000000001,76.52,25,76.33333333333333,3,84.66666666666667,5.0,0,6,0,1.5,10.0,2.0,6.0,16.04034007152395,High Performer,False,False,False,False,False,False,0.21651114982119013,623,Good
S2128,Anna Briggs,Male,2024-11-19,Low,3.702817766901352,0.5333333333333333,0.5,8.325,4,0.69103125,68.84375,32,65.0,3,73.16666666666667,3.8333333333333335,0,6,0,1.0,6.0,3.0,5.0,3.702817766901352,At Risk,True,False,False,True,False,False,0.4103502472494133,1840,Average
S2129,James Rivers,Male,2024-11-03,Low,5.699527280285489,0.6666666666666666,0.3333333333333333,8.033333333333333,3,0.6671428571428571,66.17857142857143,28,76.5,2,75.83333333333333,2.6666666666666665,2,4,0,1.0,4.0,2.0,4.0,5.699527280285489,At Risk,True,False,False,True,False,False,0.3521916579897625,1673,Good
S2130,James Jefferson,Female,2026-01-09,Low,8.354871239856664,0.8333333333333334,1.0,7.699999999999999,4,0.8214,85.93333333333334,30,65.0,2,91.66666666666669,2.5,1,5,0,1.2,9.0,0.0,2.0,8.354871239856664,Average Performer,False,False,False,True,False,False,0.256859488567025,849,Good
S2131,Mariah Robles,Female,2026-06-28,Low,1.3998219400489305,0.7,0.6666666666666666,9.833333333333334,3,0.77671875,80.96875,32,59.75,4,67.16666666666667,3.1666666666666665,1,5,0,1.2,3.0,1.0,4.0,1.3998219400489305,Average Performer,True,False,False,True,False,False,0.36823482014987763,1671,Good
S2132,Michael Brown,Male,2025-03-17,Low,5.219677013134725,0.7,1.0,13.55,4,0.6094999999999999,61.34615384615385,26,60.0,2,78.0,4.833333333333333,1,5,0,1.4,6.0,0.0,4.0,5.219677013134725,Average Performer,True,False,False,True,False,False,0.39210080746716325,1728,Good
S2133,Caitlin Perry,Male,2026-05-11,Medium,20.555118401177943,0.7666666666666667,1.0,9.525,4,0.793962962962963,78.66666666666667,27,80.0,4,81.83333333333333,4.833333333333333,0,6,0,1.9,6.0,3.0,6.0,20.555118401177943,Average Performer,False,False,False,False,False,False,0.2360066484414996,684,Good
S2134,Rebekah Gregory,Female,2025-02-05,High,19.12654034110968,0.8666666666666667,0.6666666666666666,17.466666666666665,3,0.66692,67.36,25,91.5,2,86.16666666666667,2.0,3,3,0,1.3,7.0,4.0,5.0,19.12654034110968,Average Performer,False,False,False,False,False,False,0.22319098248055913,755,Good
S2135,James Howard,Male,2025-09-06,Medium,16.907658969180538,0.6,1.0,10.2,2,0.7348461538461539,73.1923076923077,26,80.0,4,76.0,1.1666666666666667,2,4,0,2.6,8.0,3.0,6.0,16.907658969180538,At Risk,True,False,False,False,False,False,0.31327700642320244,1080,Good
S2136,Michael Roberson,Female,2025-06-24,Medium,8.596586408671916,0.9,0.6666666666666666,12.1,3,0.836375,82.375,24,70.66666666666667,3,81.33333333333333,1.1666666666666667,4,2,0,1.7,9.0,1.0,4.0,8.596586408671916,High Performer,False,False,False,True,False,False,0.2392627006449869,679,Good
S2137,Bianca Knapp,Female,2025-03-13,Medium,15.43050692918335,0.7666666666666667,1.0,16.7,2,0.7372500000000001,74.92857142857143,28,76.66666666666667,3,79.33333333333333,4.333333333333333,0,6,0,1.7,8.0,1.0,3.0,15.43050692918335,Average Performer,False,False,False,False,False,False,0.2762487326770416,1138,Good
S2138,Jason Williams,Female,2025-10-11,Medium,11.696180183705891,0.7666666666666667,1.0,6.066666666666666,3,0.7520370370370371,75.74074074074075,27,74.5,2,80.5,3.6666666666666665,0,6,0,1.5,4.0,1.0,2.0,11.696180183705891,Average Performer,False,False,False,False,False,False,0.28373177176295744,1172,Good
S2139,Ernest Bush,Female,2024-09-02,High,13.352465960879575,1.0,0.5,9.425,4,0.6696315789473685,67.84210526315789,19,76.5,2,83.5,2.0,2,4,0,1.1,8.0,2.0,4.0,13.352465960879575,Average Performer,False,False,False,False,False,False,0.23747936141359055,942,Good
S2140,Patricia Ray,Female,2025-09-27,Medium,9.411844838302748,0.6666666666666666,0.25,8.2,4,0.6607777777777778,65.74074074074075,27,75.0,3,79.83333333333333,3.8333333333333335,1,5,0,1.3,4.0,2.0,2.0,9.411844838302748,At Risk,True,False,False,True,False,False,0.34182038790424313,1499,Good
S2141,Vanessa Santiago,Male,2024-09-24,Low,6.600833224622299,0.6,0.0,7.5,3,0.7489259259259259,71.96296296296296,27,64.66666666666667,3,67.16666666666667,6.333333333333333,0,5,1,1.5,5.0,1.0,2.0,6.600833224622299,At Risk,True,False,False,True,False,True,0.37873680582733316,1686,Good
S2142,Joseph Haynes,Female,2026-07-09,Medium,13.132081543896131,0.8666666666666667,0.6666666666666666,12.266666666666666,3,0.7331538461538462,72.26923076923077,26,77.5,2,85.33333333333333,2.1666666666666665,1,5,0,1.8,6.0,1.0,5.0,13.132081543896131,Average Performer,False,False,False,False,False,False,0.24755697562743917,702,Good
S2143,Matthew Wright,Female,2024-08-31,Medium,4.996634993738367,0.6,0.6666666666666666,12.0,3,0.7669285714285714,76.53571428571429,28,65.0,2,83.5,3.0,0,6,0,2.2,7.0,2.0,3.0,4.996634993738367,At Risk,True,False,False,True,False,False,0.35217984108708267,1094,Good
S2144,Michael Cruz,Male,2025-08-29,Medium,12.912718907956794,0.6666666666666666,0.75,7.3,4,0.6751333333333334,65.86666666666666,30,72.5,2,69.5,4.666666666666667,1,4,1,1.4,9.0,0.0,3.0,12.912718907956794,At Risk,True,False,False,False,False,False,0.3492615360634414,1693,Good
S2145,Kristin Huerta,Female,2024-10-18,Medium,15.224614095669262,0.8333333333333334,0.75,10.275,4,0.8166875,83.28125,32,81.0,2,85.5,2.5,2,4,0,2.1,5.0,1.0,4.0,15.224614095669262,Average Performer,False,False,False,False,False,False,0.21834888142749348,294,Good
S2146,Mason Moore,Female,2025-08-27,Low,2.7946415485112888,0.5333333333333333,0.0,9.833333333333334,3,0.796125,79.08333333333333,24,54.74916666666667,2,73.16666666666667,6.166666666666667,0,6,0,1.8,4.0,3.0,3.0,2.7946415485112888,At Risk,True,False,False,True,False,True,0.40159422946205514,1508,Average
S2147,Sarah Booth,Female,2025-06-22,Medium,16.020784417156047,0.8666666666666667,0.3333333333333333,8.366666666666667,3,0.7194482758620689,72.34482758620689,29,73.5,2,74.5,4.333333333333333,0,6,0,2.900999999999999,5.0,1.0,6.0,16.020784417156047,Average Performer,False,False,False,False,False,False,0.2686968895318225,1007,Good
S2148,John Allen,Female,2025-06-12,Low,1.1253432250707358,0.5,0.6666666666666666,10.933333333333332,3,0.6520416666666667,64.83333333333333,24,84.0,3,79.0,4.833333333333333,0,6,0,1.0,5.0,1.0,2.0,1.1253432250707358,At Risk,True,False,False,True,False,False,0.39007414193732315,1546,Good
S2149,Amber Walker,Female,2024-10-08,Medium,17.822626513566394,0.7333333333333333,1.0,14.8,3,0.8145,79.56666666666666,30,91.5,4,72.16666666666667,3.1666666666666665,1,5,0,1.9,7.0,0.0,5.0,17.822626513566394,Average Performer,True,False,False,False,False,False,0.23651010038275067,790,Good
S2150,Jennifer Young,Female,2025-07-22,Medium,9.478107416873844,0.8,1.0,9.3,4,0.7065806451612903,70.06451612903226,31,72.5,2,77.83333333333333,1.3333333333333333,3,3,0,1.0,7.0,0.0,4.0,9.478107416873844,Average Performer,False,False,False,True,False,False,0.3025805379094283,1547,Good
S2151,Robert West,Female,2025-12-22,High,15.556196698465836,0.9333333333333332,1.0,12.2,3,0.8706153846153846,84.46153846153847,26,92.0,2,86.16666666666667,3.5,0,6,0,2.5,10.0,1.0,5.0,15.556196698465836,High Performer,False,False,False,False,False,False,0.1533415595358867,11,Excellent
S2152,Jillian Wilson,Female,2026-02-06,Medium,8.546849507050094,0.9333333333333332,1.0,20.633333333333333,3,0.791925925925926,79.0,27,71.0,3,75.16666666666667,3.0,1,5,0,1.3,6.0,0.0,3.0,8.546849507050094,High Performer,False,False,False,True,False,False,0.2529717651212636,1100,Good
S2153,Matthew Garcia MD,Female,2025-10-11,Medium,20.63910988669138,0.5666666666666667,0.6666666666666666,9.033333333333331,3,0.8642,83.2,25,77.5,2,76.16666666666667,3.6666666666666665,0,6,0,1.7,6.0,1.0,6.0,20.63910988669138,At Risk,True,False,False,False,False,False,0.27822555861660486,1023,Good
S2154,April Davis,Female,2026-04-19,Medium,7.145583296738336,0.9333333333333332,0.25,9.375,4,0.6995769230769231,71.8076923076923,26,77.66666666666667,3,82.5,3.1666666666666665,2,4,0,1.6,5.0,0.0,5.0,7.145583296738336,Average Performer,False,False,False,True,False,False,0.25984629816841054,837,Good
S2155,Lisa Torres,Female,2025-02-08,Medium,11.4254910242094,0.7666666666666667,0.6666666666666666,8.666666666666666,3,0.78968,76.88,25,73.33333333333333,3,79.83333333333333,5.833333333333333,0,6,0,2.4,2.0,2.0,3.0,11.4254910242094,Average Performer,False,False,False,False,False,True,0.27644893910614315,817,Good
S2156,Christine Powers,Male,2025-04-29,Low,10.481172512148769,0.6333333333333333,0.3333333333333333,11.366666666666667,3,0.7128148148148148,74.77777777777777,27,64.33333333333333,3,74.66666666666667,4.166666666666667,1,5,0,1.9,9.0,1.0,4.0,10.481172512148769,At Risk,True,False,False,False,False,False,0.36095262427518365,1597,Good
S2157,Heidi Brown,Female,2025-02-09,High,19.6872918002413,0.9333333333333332,0.75,13.65,4,0.892265925925926,89.20689655172414,29,84.0,2,83.16666666666667,3.333333333333333,3,3,0,1.9,10.0,2.0,4.0,19.6872918002413,High Performer,False,False,False,False,False,False,0.15701865938828563,140,Excellent
S2158,Jesse Castro,Female,2025-10-24,Low,11.436293238648776,0.4,0.25,12.125,4,0.7088461538461538,69.53846153846153,26,74.75,4,73.0,5.0,0,6,0,2.900999999999999,10.0,3.0,5.0,11.436293238648776,At Risk,True,False,False,False,False,False,0.3997554207495319,1361,Good
S2159,Kara Sandoval,Male,2024-09-28,Medium,10.829899756030322,0.9333333333333332,1.0,22.425,4,0.85112,87.4,25,84.0,4,82.66666666666667,3.1666666666666665,0,6,0,1.0,8.0,1.0,3.0,10.829899756030322,High Performer,False,False,False,False,False,False,0.19225591727659092,497,Excellent
S2160,Ashley Malone,Female,2026-03-16,Medium,12.69998295741563,0.7666666666666667,0.8,13.96,5,0.8058620689655173,78.44827586206897,29,80.75,4,85.33333333333333,3.333333333333333,2,4,0,2.5,9.0,1.0,5.0,12.69998295741563,Average Performer,False,False,False,False,False,False,0.24532475525013908,359,Good
S2161,Glenn Gallegos,Male,2025-08-22,High,14.695891544077234,0.9,1.0,9.633333333333333,3,0.7654705882352941,74.91176470588235,34,89.5,2,83.0,3.333333333333333,2,4,0,2.1,9.0,2.0,3.0,14.695891544077234,High Performer,False,False,False,False,False,False,0.20511909466921868,297,Good
S2162,Dorothy Boyd,Male,2024-08-08,Medium,11.29648795810222,0.8333333333333334,0.6666666666666666,13.433333333333332,3,0.8432,85.53333333333333,30,85.5,2,78.33333333333333,0.6666666666666666,4,2,0,1.3,9.0,0.0,5.0,11.29648795810222,Average Performer,False,False,False,False,False,False,0.2219654467714111,701,Good
S2163,Amber Martin,Female,2024-10-23,Medium,8.32518634653608,0.7,0.75,13.625,4,0.6771724137931036,70.86206896551724,29,84.25,4,75.16666666666667,5.166666666666667,0,6,0,1.0,5.0,0.0,1.0,8.32518634653608,Average Performer,True,False,False,True,False,True,0.31978530999572874,1523,Good
S2164,Mitchell Griffith,Male,2026-02-22,High,18.451634265753963,0.9666666666666668,0.5,7.199999999999999,4,0.799962962962963,83.74074074074075,27,84.66666666666667,3,87.16666666666667,2.5,0,6,0,2.5,9.0,3.0,4.0,18.451634265753963,High Performer,False,False,False,False,False,False,0.17213202544672615,36,Excellent
S2165,Levi Lopez,Female,2025-12-22,Medium,18.85410996899533,0.7333333333333333,0.75,8.2,4,0.7857391304347826,75.69565217391305,23,71.0,4,86.83333333333333,4.5,0,6,0,2.2,5.0,2.0,5.0,18.85410996899533,Average Performer,True,False,False,False,False,False,0.2615596526137436,697,Good
S2166,Jenna Bryant,Female,2025-07-21,Low,4.9026724497506,0.5666666666666667,1.0,13.775,4,0.6831071428571428,70.21428571428571,28,61.25,4,82.16666666666667,6.0,0,6,0,1.0,5.0,1.0,5.0,4.9026724497506,At Risk,True,False,False,True,False,True,0.39539450935181397,1729,Good
S2167,Michelle Rodriguez,Female,2024-12-13,High,15.087685617678009,0.9333333333333332,1.0,20.266666666666666,3,0.7938076923076923,79.26923076923077,26,86.75,4,91.66666666666669,1.8333333333333333,1,5,0,2.6,8.0,2.0,5.0,15.087685617678009,High Performer,False,False,False,False,False,False,0.17980514493016395,31,Excellent
S2168,Timothy Monroe,Male,2026-03-29,Low,4.38773381884882,0.7333333333333333,0.6,6.82,5,0.7227037037037036,72.62962962962963,27,63.0,4,71.5,5.0,0,6,0,1.2,8.0,2.0,4.0,4.38773381884882,Average Performer,True,False,False,True,False,False,0.35563622100843356,1734,Good
S2169,Patricia Hayes,Male,2024-12-15,Medium,12.67979470792405,0.9666666666666668,0.5,8.9,2,0.7978076923076922,76.53846153846153,26,76.66666666666667,3,79.5,3.8333333333333335,1,5,0,1.8,7.0,4.0,3.0,12.67979470792405,High Performer,False,False,False,False,False,False,0.21470820553788217,547,Good
S2170,Tina Taylor,Female,2026-05-12,Medium,15.985156927485932,1.0,0.6666666666666666,8.4,3,0.70221875,69.875,32,86.5,4,88.5,2.833333333333333,2,4,0,1.0,9.0,4.0,2.0,15.985156927485932,Average Performer,False,False,False,False,False,False,0.19362148268128515,587,Excellent
S2171,Mr. Anthony Mcconnell PhD,Other,2025-05-28,Medium,11.13910962289066,0.6666666666666666,0.3333333333333333,9.833333333333334,3,0.8388709677419355,83.87096774193549,31,76.25,4,84.0,4.5,0,6,0,1.5,8.0,1.0,3.0,11.13910962289066,At Risk,True,False,False,False,False,False,0.2753242689535261,830,Good
S2172,Mr. Thomas Thompson,Female,2024-08-31,High,19.52419855458172,0.9666666666666668,0.75,12.625,4,0.759,76.86666666666666,30,85.5,2,87.33333333333333,1.0,4,2,0,2.2,7.0,1.0,4.0,19.52419855458172,High Performer,False,False,False,False,False,False,0.17982283694687903,123,Excellent
S2173,Monica Anderson,Male,2024-09-29,High,14.212271449866323,0.9333333333333332,1.0,8.899999999999999,2,0.8489166666666667,84.16666666666667,24,69.0,4,87.0,3.1666666666666665,3,3,0,1.4,10.0,3.0,5.0,14.212271449866323,Average Performer,False,False,False,False,False,False,0.20796098804200092,531,Good
S2174,Kyle Andrade,Female,2025-06-15,High,14.970480913458696,1.0,1.0,10.575,4,0.7204090909090909,72.22727272727273,22,82.66666666666667,3,81.33333333333333,0.6666666666666666,4,2,0,2.5,7.0,3.0,5.0,14.970480913458696,Average Performer,False,False,False,False,False,False,0.2091177371102927,371,Good
S2175,Janice Petty,Female,2026-06-07,High,16.559238177405305,0.9333333333333332,1.0,23.027249999999995,3,0.8737916666666666,84.375,24,87.66666666666667,3,82.83333333333333,1.0,3,3,0,2.1,8.0,5.0,4.0,16.559238177405305,High Performer,False,False,False,False,False,False,0.1635477378898201,79,Excellent
S2176,Pamela Hill,Female,2026-01-25,Medium,12.661803054400842,1.0,0.75,7.325,4,0.7973214285714285,82.89285714285714,28,83.0,2,83.5,1.3333333333333333,1,5,0,2.0,5.0,3.0,5.0,12.661803054400842,High Performer,False,False,False,False,False,False,0.18789906379256938,168,Excellent
S2177,Tracy Chavez,Male,2025-03-15,Low,6.986607561934958,0.6666666666666666,0.6666666666666666,8.033333333333333,3,0.7744074074074073,79.4074074074074,27,71.5,2,73.83333333333333,3.8333333333333335,1,5,0,2.0,4.0,3.0,5.0,6.986607561934958,At Risk,True,False,False,True,False,False,0.3297945922062738,1295,Good
S2178,Jason Graves,Female,2025-03-27,Low,5.786734741664004,0.4,0.3333333333333333,5.433333333333334,3,0.6011071428571428,61.42857142857143,28,65.5,4,72.83333333333333,6.0,0,6,0,1.0,5.0,1.0,3.0,5.786734741664004,At Risk,True,False,False,True,False,True,0.4649510202886971,1869,Average
S2179,Elizabeth Miles,Female,2025-10-26,Medium,6.737444288475206,0.8333333333333334,0.75,15.7,4,0.7511304347826087,76.78260869565217,23,72.5,2,77.83333333333333,4.5,0,6,0,1.7,8.0,1.0,4.0,6.737444288475206,Average Performer,False,False,False,True,False,False,0.28773392551069604,1157,Good
S2180,Michelle Walls,Other,2026-02-09,High,16.714647330473987,0.8333333333333334,0.5,10.4,4,0.7313333333333333,73.4074074074074,27,79.25,4,80.83333333333333,3.6666666666666665,1,5,0,2.2,8.0,1.0,6.0,16.714647330473987,Average Performer,False,False,False,False,False,False,0.25073004834048174,757,Good
S2181,Christina Weber,Male,2025-07-15,Medium,10.49955727421595,0.7333333333333333,0.5,12.325,4,0.7301739130434782,74.47826086956522,23,67.66666666666667,3,89.0,3.8333333333333335,1,5,0,1.3,6.0,2.0,5.0,10.49955727421595,Average Performer,True,False,False,False,False,False,0.30253226623474994,1219,Good
S2182,Gregory Chambers,Female,2026-03-07,Medium,7.934168194221219,0.9666666666666668,0.5,15.85,4,0.7587586206896553,75.79310344827586,29,73.66666666666667,3,84.5,3.1666666666666665,2,4,0,1.9,6.0,1.0,4.0,7.934168194221219,High Performer,False,False,False,True,False,False,0.23678699330755032,535,Good
S2183,Miss Tina Gordon,Female,2025-12-29,High,15.626891854258522,1.0,0.75,15.375,4,0.81572,85.24,25,87.0,4,77.5,0.8333333333333334,3,3,0,2.0,8.0,3.0,3.0,15.626891854258522,High Performer,False,False,False,False,False,False,0.1759667703643537,256,Excellent
S2184,Erica Wilson,Male,2025-07-11,Medium,15.66433896569322,0.9666666666666668,1.0,13.05,4,0.892265925925926,90.60857142857144,27,83.5,2,86.66666666666667,2.833333333333333,1,5,0,1.8,9.0,3.0,4.0,15.66433896569322,High Performer,False,False,False,False,False,False,0.15449270814132243,63,Excellent
S2185,John Duncan,Female,2025-11-23,Medium,7.761765511206663,0.9666666666666668,0.3333333333333333,20.933333333333334,3,0.7683793103448276,79.24137931034483,29,72.33333333333333,3,71.16666666666667,4.0,2,4,0,2.4,6.0,2.0,3.0,7.761765511206663,High Performer,False,False,False,True,False,False,0.25699845978520175,806,Good
S2186,Jennifer Adkins,Female,2026-04-15,Medium,7.131265558392829,0.7333333333333333,0.5,3.9996666666666663,2,0.6040800000000001,59.52,25,69.75,4,80.5,5.0,0,6,0,2.0,9.0,1.0,3.0,7.131265558392829,Average Performer,True,False,False,True,False,False,0.35736450277068454,1381,Good
S2187,Donna Boone,Male,2025-02-17,Medium,11.92961105918607,0.9,0.75,11.65,4,0.7120714285714286,72.67857142857143,28,88.0,2,87.5,3.5,0,6,0,1.0,9.0,2.0,4.0,11.92961105918607,Average Performer,False,False,False,False,False,False,0.22430454378060624,733,Good
S2188,Kelly Johnson,Male,2025-04-18,Low,4.166416943055284,0.5333333333333333,0.75,10.075,4,0.7275172413793103,71.86206896551724,29,73.5,4,75.66666666666667,3.6666666666666665,1,5,0,1.5,7.0,1.0,3.0,4.166416943055284,At Risk,True,False,False,True,False,False,0.37749545189523537,1557,Good
S2189,Michael Gonzalez,Female,2026-07-10,Low,9.813922574388064,0.4,0.5,7.15,2,0.6495416666666667,63.79166666666666,24,61.5,2,86.66666666666667,4.333333333333333,0,6,0,1.1,3.0,3.0,3.0,9.813922574388064,At Risk,True,False,False,True,False,False,0.4276026935640299,1623,Average
S2190,Candace Mitchell,Male,2026-06-03,Medium,8.074583842357445,0.7333333333333333,0.0,14.566666666666668,3,0.7539333333333332,73.3,30,71.33333333333333,3,79.0,4.0,1,5,0,1.8,7.0,3.0,5.0,8.074583842357445,Average Performer,True,False,False,True,False,False,0.30913354039410645,1227,Good
S2191,Ryan Vaughn,Female,2026-04-17,Low,6.765784119183055,0.5666666666666667,0.25,7.324999999999999,4,0.6717916666666667,69.16666666666667,24,64.25,4,76.5,4.833333333333333,0,5,1,1.3,8.0,1.0,2.0,6.765784119183055,At Risk,True,False,False,True,False,False,0.3966313730353757,1763,Good
S2192,Paul Johnson,Male,2024-12-19,Low,9.935457419791012,0.4,0.0,8.166666666666666,3,0.643,63.81481481481482,27,54.75,4,74.5,6.0,1,5,0,1.4,6.0,0.0,7.0,9.935457419791012,At Risk,True,False,False,True,False,True,0.4610113564505225,1823,Average
S2193,Ashley Parrish,Female,2025-01-06,Medium,6.25359446182337,0.7666666666666667,1.0,23.027249999999995,4,0.7636333333333333,75.4,30,70.0,3,80.5,2.333333333333333,1,5,0,1.0,5.0,3.0,4.0,6.25359446182337,Average Performer,False,False,False,True,False,False,0.3028593471787749,1409,Good
S2194,Sharon Newton,Male,2024-12-17,Medium,7.119381156277372,0.9333333333333332,0.6666666666666666,9.666666666666666,3,0.7393793103448276,71.86206896551724,29,76.75,4,73.66666666666667,2.833333333333333,2,4,0,1.5,7.0,1.0,3.0,7.119381156277372,Average Performer,False,False,False,True,False,False,0.26305442067252494,1099,Good
S2195,Cynthia Mueller,Female,2024-09-25,Medium,15.111595798878716,0.7,0.25,10.65,4,0.6930909090909091,70.4090909090909,22,67.5,4,71.33333333333333,3.8333333333333335,1,5,0,1.0,6.0,3.0,5.0,15.111595798878716,Average Performer,True,False,False,False,False,False,0.33729373777553046,1793,Good
S2196,Donna Beck,Other,2026-02-27,Low,5.386899100576772,0.8,0.0,13.233333333333334,3,0.7489642857142857,74.03571428571429,28,58.333333333333336,3,75.83333333333333,3.5,1,5,0,1.2,7.0,1.0,6.0,5.386899100576772,Average Performer,False,False,False,True,False,False,0.3314267998676057,1583,Good
S2197,Jasmine Frye,Other,2025-11-08,Low,7.323223167296637,0.7,0.5,11.725,4,0.7123928571428572,70.5,28,74.75,4,77.83333333333333,1.8333333333333333,3,3,0,1.0,6.0,1.0,4.0,7.323223167296637,Average Performer,True,False,False,True,False,False,0.32672408493890126,1585,Good
S2198,Emily Arnold,Female,2025-02-13,High,22.32389758345691,0.9666666666666668,1.0,15.033333333333331,3,0.7178888888888889,72.22222222222223,27,79.33333333333333,3,80.5,2.1666666666666665,2,4,0,2.5,6.0,4.0,6.0,22.32389758345691,Average Performer,False,False,False,False,False,False,0.2077402560413577,526,Good
S2199,David Oliver,Male,2026-06-04,Medium,3.811852766577775,0.7666666666666667,1.0,9.2,4,0.71552,70.96,25,79.0,2,78.5,2.833333333333333,2,4,0,1.2,8.0,1.0,3.0,3.811852766577775,Average Performer,False,False,False,True,False,False,0.3083977014168889,1334,Good
S2200,Sheila Greer,Female,2026-01-01,Medium,2.9345445944764648,0.8333333333333334,0.3333333333333333,11.766666666666666,3,0.7232,75.4,25,70.33333333333333,3,84.66666666666667,2.1666666666666665,2,4,0,1.2,10.0,3.0,5.0,2.9345445944764648,Average Performer,False,False,False,True,False,False,0.2997036385138089,1201,Good
S2201,Michele Holland,Male,2024-10-17,Medium,4.567460147233843,0.9,1.0,6.35,2,0.7202068965517241,69.3103448275862,29,67.5,4,87.16666666666667,1.5,2,4,0,1.6,6.0,2.0,1.0,4.567460147233843,Average Performer,False,False,False,True,False,False,0.2817692806663981,922,Good
S2202,Kimberly Morrison,Male,2025-06-28,High,20.00554596206848,1.0,1.0,12.233333333333333,3,0.8197037037037037,84.37037037037037,27,82.66666666666667,3,82.66666666666667,1.8333333333333333,3,3,0,1.9,9.0,5.0,5.0,20.00554596206848,High Performer,False,False,False,False,False,False,0.16474169065038435,169,Excellent
S2203,Tracey Phillips,Male,2025-09-15,Low,9.325936691136192,0.6666666666666666,1.0,6.3,3,0.7729545454545454,76.95454545454545,22,65.0,4,73.66666666666667,6.166666666666667,0,5,1,1.0,7.0,1.0,4.0,9.325936691136192,At Risk,True,False,False,True,False,True,0.3376321279691292,1689,Good
S2204,Michael Lopez,Female,2024-08-09,Medium,6.558640068890862,0.8333333333333334,1.0,11.05,2,0.81904,81.44,25,64.66666666666667,3,83.83333333333333,3.6666666666666665,0,6,0,2.6,8.0,0.0,5.0,6.558640068890862,Average Performer,False,False,False,True,False,False,0.2744747331611062,605,Good
S2205,Jose Bennett,Female,2024-07-31,Low,6.836228071821807,0.8333333333333334,0.6666666666666666,11.133333333333336,3,0.74475,76.32142857142857,28,61.333333333333336,3,81.16666666666667,5.833333333333333,0,6,0,1.6,6.0,2.0,5.0,6.836228071821807,Average Performer,False,False,False,True,False,True,0.3067344298204454,1250,Good
S2206,Justin Anderson,Female,2025-05-29,Low,11.230733425682816,0.7333333333333333,1.0,14.266666666666666,3,0.7192500000000001,68.78125,32,68.25,4,80.66666666666667,4.0,1,5,0,1.0,8.0,0.0,3.0,11.230733425682816,Average Performer,True,False,False,False,False,False,0.31531483310245956,1579,Good
S2207,Dawn Rivera,Male,2024-10-25,Medium,17.959037160452507,0.9666666666666668,1.0,14.0,3,0.8835,90.42307692307692,26,86.5,2,80.83333333333333,2.833333333333333,2,4,0,2.9,4.0,4.0,6.0,17.959037160452507,High Performer,False,False,False,False,False,False,0.15413574043220207,43,Excellent
S2208,Brittney Hernandez,Male,2024-08-06,Medium,11.275115747896072,0.9,0.6666666666666666,12.1,3,0.8514137931034482,83.55172413793103,29,79.25,4,80.0,6.0,0,5,1,1.3,8.0,3.0,2.0,11.275115747896072,High Performer,False,False,False,False,False,True,0.21288807269922533,637,Good
S2209,Anthony Randolph,Other,2024-12-07,Medium,4.765843420114527,0.9,0.5,8.525,4,0.7864347826086957,78.43478260869566,23,68.75,4,85.83333333333333,1.5,3,3,0,1.9,9.0,2.0,2.0,4.765843420114527,Average Performer,False,False,False,True,False,False,0.260904956667105,621,Good
S2210,Mary Henry,Male,2025-12-18,High,16.79022470198866,0.9666666666666668,0.3333333333333333,10.733333333333334,3,0.8082916666666667,82.125,24,80.0,3,84.83333333333333,2.0,3,3,0,1.2,8.0,1.0,3.0,16.79022470198866,High Performer,False,False,False,False,False,False,0.18662027157836164,444,Excellent
S2211,Heather Bowers,Male,2025-08-01,Medium,9.978271445375338,0.9,0.6666666666666666,7.666666666666667,3,0.7848571428571428,78.28571428571429,28,74.25,4,87.33333333333333,2.0,3,3,0,1.2,6.0,1.0,4.0,9.978271445375338,High Performer,False,False,False,True,False,False,0.2350971785294188,701,Good
S2212,Daniel White,Male,2025-07-19,High,14.451138014523432,0.7666666666666667,1.0,13.1,3,0.76724,75.2,25,77.66666666666667,3,89.83333333333333,3.5,1,5,0,1.9,7.0,1.0,4.0,14.451138014523432,Average Performer,False,False,False,False,False,False,0.2519501549636914,599,Good
S2213,Jonathan Perry,Female,2026-01-15,Medium,8.51098201420236,0.8,0.6,7.659999999999999,5,0.7615925925925926,76.74074074074075,27,65.66666666666667,3,77.5,5.166666666666667,0,5,1,1.0,7.0,2.0,3.0,8.51098201420236,Average Performer,False,False,False,True,False,True,0.30266143385338296,1527,Good
S2214,Anna Walker,Female,2025-06-06,High,19.85590271021143,0.8,0.75,7.75,4,0.6929565217391305,71.0,23,80.5,4,83.83333333333333,2.833333333333333,2,4,0,2.1,10.0,3.0,5.0,19.85590271021143,Average Performer,False,False,False,False,False,False,0.2557232867027323,783,Good
S2215,Gary Ward,Male,2026-06-01,High,14.941877250512576,0.8666666666666667,0.5,11.55,4,0.7460833333333333,75.83333333333333,24,76.75,4,92.16833333333334,2.0,2,4,0,2.0,9.0,4.0,4.0,14.941877250512576,Average Performer,False,False,False,False,False,False,0.23040114020705194,504,Good
S2216,Paul Moreno,Male,2025-12-19,High,15.116401034560225,1.0,0.0,9.933333333333332,3,0.679304347826087,65.34782608695652,23,87.5,2,87.16666666666667,3.1666666666666665,1,5,0,1.6,6.0,1.0,4.0,15.116401034560225,Average Performer,False,False,False,False,False,False,0.20266769306577334,414,Good
S2217,Samantha Zavala MD,Female,2026-02-25,High,18.88377490831277,0.9333333333333332,0.75,18.525,4,0.707,73.07142857142857,28,87.0,3,81.83333333333333,1.1666666666666667,3,3,0,2.7,8.0,2.0,5.0,18.88377490831277,Average Performer,False,False,False,False,False,False,0.21060722939588478,383,Good
S2218,Jill Conway,Female,2025-11-06,Medium,9.522873075974251,0.7666666666666667,0.3333333333333333,12.866666666666664,3,0.64309375,63.8125,32,68.33333333333333,3,76.5,3.5,1,5,0,2.7,3.0,3.0,3.0,9.522873075974251,Average Performer,False,False,False,True,False,False,0.3401813589767311,1349,Good
S2219,Lisa Haley,Male,2026-02-10,Medium,9.36923922770701,0.9666666666666668,0.3333333333333333,14.466666666666669,3,0.7781250000000001,76.5,24,74.0,2,88.83333333333333,3.1666666666666665,1,4,1,1.0,8.0,3.0,1.0,9.36923922770701,High Performer,False,False,False,True,False,False,0.22022273526406577,673,Good
S2220,Erica Moon,Female,2025-08-09,Medium,15.792219610181355,0.9,1.0,7.975,4,0.7469583333333333,78.08333333333333,24,78.5,4,82.66666666666667,3.5,1,5,0,2.5,10.0,2.0,7.0,15.792219610181355,Average Performer,False,False,False,False,False,False,0.2304319509745466,491,Good
S2221,Janice Fernandez,Male,2025-03-19,High,16.678179642863675,0.8333333333333334,0.75,14.85,4,0.8616666666666667,84.73333333333333,30,73.75,4,84.0,2.6666666666666665,2,4,0,2.3,9.0,2.0,4.0,16.678179642863675,Average Performer,False,False,False,False,False,False,0.21797121755950744,400,Good
S2222,Thomas Short,Male,2025-11-19,High,22.377010198707943,0.9333333333333332,0.3333333333333333,12.0,3,0.8261538461538461,80.73076923076923,26,87.33333333333333,3,81.0,2.6666666666666665,2,4,0,2.3,8.0,2.0,7.0,22.377010198707943,High Performer,False,False,False,False,False,False,0.16671132065707633,133,Excellent
S2223,Robert Griffin,Female,2026-04-19,High,12.297461567480369,0.9333333333333332,0.75,16.85,4,0.8596551724137931,85.93103448275862,29,86.0,4,82.16666666666667,4.0,1,5,0,1.9,10.0,1.0,4.0,12.297461567480369,High Performer,False,False,False,False,False,False,0.18277646102382783,161,Excellent
S2224,Steven Lee,Male,2025-11-18,High,14.639742478621796,0.8333333333333334,1.0,11.55,2,0.793125,80.79166666666667,24,69.0,2,87.83333333333333,2.833333333333333,1,5,0,1.0,5.0,2.0,5.0,14.639742478621796,Average Performer,False,False,False,False,False,False,0.2473798104701122,985,Good
S2225,Tiffany Jackson,Female,2025-05-03,Low,8.169427883331753,0.6666666666666666,0.5,10.225,4,0.6645384615384615,70.11538461538461,26,68.5,4,73.16666666666667,5.333333333333333,0,6,0,1.5,9.0,3.0,4.0,8.169427883331753,At Risk,True,False,False,True,False,True,0.3667982251634655,1713,Good
S2226,Kimberly Smith,Male,2026-01-14,High,17.56521643478127,0.8333333333333334,0.6666666666666666,11.4,3,0.8343793103448276,82.06896551724138,29,83.66666666666667,3,80.66666666666667,3.1666666666666665,2,4,0,1.8,6.0,2.0,3.0,17.56521643478127,Average Performer,False,False,False,False,False,False,0.20910649914293183,485,Good
S2227,Michael Ayala,Male,2026-01-01,Medium,12.52143547722331,0.7,0.75,13.075,4,0.7808214285714286,81.14285714285714,28,72.33333333333333,3,88.66666666666667,4.0,1,5,0,1.5,8.0,3.0,5.0,12.52143547722331,Average Performer,True,False,False,False,False,False,0.2817833160688465,910,Good
S2228,Jessica Garcia,Other,2026-01-14,High,19.187064228040352,0.9,0.3333333333333333,11.766666666666666,3,0.8529615384615384,85.11538461538461,26,74.33333333333333,3,87.5,2.6666666666666665,2,4,0,2.6,4.0,1.0,4.0,19.187064228040352,High Performer,False,False,False,False,False,False,0.19122721122477093,159,Excellent
S2229,Michele Cherry,Male,2026-01-02,High,12.47399158613907,0.9,1.0,12.1,3,0.8318620689655172,85.86206896551724,29,80.0,2,77.66666666666667,3.1666666666666665,3,3,0,1.4,10.0,4.0,5.0,12.47399158613907,High Performer,False,False,False,False,False,False,0.21775640034499716,713,Good
S2230,Maria Case,Female,2025-05-29,Medium,12.77029117600238,0.9333333333333332,0.6666666666666666,9.833333333333334,3,0.8872142857142856,90.42857142857144,28,82.5,4,76.0,5.166666666666667,0,6,0,1.1,7.0,1.0,6.0,12.77029117600238,High Performer,False,False,False,False,False,True,0.18957665301237506,669,Excellent
S2231,Brittany Stevens,Male,2026-04-12,Medium,11.135552244906838,0.8333333333333334,1.0,14.6,3,0.7766190476190477,76.9047619047619,21,72.75,4,82.0,2.0,2,4,0,2.1,7.0,1.0,3.0,11.135552244906838,Average Performer,False,False,False,False,False,False,0.2623420717686853,745,Good
S2232,Brandon Brown,Male,2025-03-19,High,10.966252463777872,0.9666666666666668,0.75,9.6,4,0.7859615384615384,81.5,26,81.33333333333333,3,83.33333333333333,2.6666666666666665,0,6,0,1.7,10.0,1.0,3.0,10.966252463777872,High Performer,False,False,False,False,False,False,0.2074625739687605,365,Good
S2233,Kristin Andrews,Male,2024-10-03,High,15.75424358903885,0.9666666666666668,1.0,14.425,4,0.8367692307692308,84.88461538461539,26,91.66666666666669,3,86.33333333333333,1.8333333333333333,2,4,0,2.3,7.0,2.0,6.0,15.75424358903885,High Performer,False,False,False,False,False,False,0.15508362179663357,16,Excellent
S2234,David Hughes,Female,2024-11-01,Medium,8.582797164683775,0.8333333333333334,1.0,15.466666666666669,3,0.7606666666666667,76.875,24,88.0,4,81.33333333333333,2.333333333333333,2,4,0,2.3,10.0,2.0,4.0,8.582797164683775,Average Performer,False,False,False,True,False,False,0.24400967375495725,459,Good
S2235,Jessica Smith,Male,2024-11-08,High,13.314232146160156,0.9,0.75,9.15,4,0.7878400000000001,76.16,25,68.33333333333333,3,78.16666666666667,2.5,2,4,0,2.3,8.0,4.0,1.0,13.314232146160156,Average Performer,False,False,False,False,False,False,0.2514457529679329,802,Good
S2236,Kimberly May,Female,2024-08-06,High,11.616811639746668,0.9333333333333332,1.0,11.4,4,0.7948148148148149,76.33333333333333,27,92.0,2,87.5,1.5,3,3,0,2.0,7.0,4.0,4.0,11.616811639746668,High Performer,False,False,False,False,False,False,0.18393019312285552,83,Excellent
S2237,Nicole Richards,Male,2024-12-22,Low,9.814754182076822,0.5666666666666667,0.6666666666666666,9.033333333333331,3,0.6208846153846154,62.80769230769231,26,63.333333333333336,3,67.83333333333333,6.833333333333333,0,6,0,1.2,6.0,3.0,3.0,9.814754182076822,At Risk,True,False,False,True,False,True,0.41911439659609007,1854,Average
S2238,Angel Reilly,Other,2024-10-21,Medium,13.259469395036303,0.9,1.0,8.175,4,0.8247407407407408,83.37037037037037,27,69.75,4,78.0,3.8333333333333335,2,4,0,1.9,7.0,3.0,5.0,13.259469395036303,Average Performer,False,False,False,False,False,False,0.237929104290187,792,Good
S2239,Richard Turner,Male,2026-04-21,Medium,6.837734232574295,0.7333333333333333,0.6666666666666666,6.433333333333334,3,0.7473703703703704,74.5925925925926,27,70.66666666666667,3,75.83333333333333,3.5,1,5,0,2.6,10.0,0.0,3.0,6.837734232574295,Average Performer,True,False,False,True,False,False,0.3202778866407865,1180,Good
S2240,Preston Kim,Female,2024-08-08,Medium,15.432944965700514,0.9333333333333332,0.0,8.966666666666667,3,0.72688,71.0,25,84.0,2,84.5,2.1666666666666665,1,5,0,2.8,6.0,0.0,7.0,15.432944965700514,Average Performer,False,False,False,False,False,False,0.21527030425241542,275,Good
S2241,Matthew Wells,Female,2026-01-18,Medium,5.906305374766074,0.9,0.6666666666666666,21.3,3,0.7303846153846153,71.53846153846153,26,69.5,4,81.83333333333333,1.8333333333333333,3,3,0,1.8,9.0,1.0,5.0,5.906305374766074,Average Performer,False,False,False,True,False,False,0.2793688519477002,976,Good
S2242,Brandy Myers,Female,2024-12-20,Medium,12.623128468666795,0.9333333333333332,1.0,15.066666666666668,3,0.8325312500000001,80.25,32,87.5,2,76.16666666666667,2.6666666666666665,1,5,0,1.6,10.0,1.0,5.0,12.623128468666795,High Performer,False,False,False,False,False,False,0.1960994704949997,482,Excellent
S2243,Kimberly Choi,Female,2026-05-25,Medium,10.4809444226074,0.8,0.75,21.5,4,0.6887058823529412,69.52941176470588,34,85.5,2,87.66666666666667,1.1666666666666667,2,4,0,2.8,5.0,0.0,3.0,10.4809444226074,Average Performer,False,False,False,False,False,False,0.26468587423759915,460,Good
S2244,Michael Sloan,Female,2024-08-16,Medium,10.970766879186186,0.7666666666666667,1.0,6.7,3,0.79204,80.12,25,68.0,2,82.5,4.833333333333333,1,5,0,1.9,7.0,1.0,4.0,10.970766879186186,Average Performer,False,False,False,False,False,False,0.28354441613536785,941,Good
S2245,Monica Brooks,Female,2025-01-05,High,17.174263367449903,0.9,0.3333333333333333,8.433333333333334,3,0.8450322580645162,82.0,31,84.66666666666667,3,80.5,3.333333333333333,1,5,0,1.3,8.0,5.0,6.0,17.174263367449903,High Performer,False,False,False,False,False,False,0.18847133082868703,516,Excellent
S2246,Kristen Peters,Male,2025-08-04,Medium,15.529797988560654,0.7666666666666667,0.6,10.16,5,0.74736,79.72,25,86.5,2,80.5,1.8333333333333333,4,2,0,1.4,6.0,0.0,5.0,15.529797988560654,Average Performer,False,False,False,False,False,False,0.2515508383619317,944,Good
S2247,Aaron Carlson,Male,2025-12-12,Medium,10.949681011862836,0.8333333333333334,0.6666666666666666,9.2,3,0.7518965517241379,71.62068965517241,29,80.75,4,81.33333333333333,3.6666666666666665,2,4,0,2.5,10.0,0.0,5.0,10.949681011862836,Average Performer,False,False,False,False,False,False,0.25522349861976823,574,Good
S2248,Theresa Torres,Female,2024-11-16,Low,9.898512373665238,0.6,0.3333333333333333,8.966666666666667,3,0.7362285714285715,73.48571428571428,35,81.33333333333333,3,77.5,4.166666666666667,0,6,0,1.3,10.0,2.0,4.0,9.898512373665238,At Risk,True,False,False,True,False,False,0.3254684809705988,1353,Good
S2249,Stephanie Cooper,Female,2025-12-13,Medium,8.660659830590221,0.9333333333333332,0.5,13.4,4,0.7164137931034482,72.06896551724138,29,83.0,2,72.83333333333333,4.833333333333333,1,5,0,1.7,7.0,3.0,2.0,8.660659830590221,Average Performer,False,False,False,True,False,False,0.25484087915915665,952,Good
S2250,Matthew Hunt,Female,2025-01-30,Medium,8.213733722040272,0.9333333333333332,0.6666666666666666,10.3,3,0.7642307692307693,73.57692307692308,26,77.0,3,83.16666666666667,1.6666666666666667,2,4,0,1.0,10.0,0.0,5.0,8.213733722040272,High Performer,False,False,False,True,False,False,0.23811310159233523,871,Good
S2251,Daniel Davenport,Female,2025-06-30,High,16.464134577478255,1.0,1.0,14.066666666666668,3,0.8207391304347825,83.26086956521739,23,81.33333333333333,3,81.83333333333333,2.6666666666666665,2,4,0,2.0,10.0,0.0,6.0,16.464134577478255,High Performer,False,False,False,False,False,False,0.17720125775920298,185,Excellent
S2252,Christopher Marsh,Male,2026-05-12,Medium,12.245239826573467,0.7,0.75,17.8,4,0.7812916666666667,78.83333333333333,24,74.5,2,89.83333333333333,4.666666666666667,1,5,0,1.7,8.0,2.0,7.0,12.245239826573467,Average Performer,True,False,False,False,False,False,0.27624940043356633,775,Good
S2253,Sarah Randolph,Male,2025-11-25,High,17.71789253768998,1.0,1.0,6.333333333333333,3,0.8053571428571429,81.53571428571429,28,76.0,2,84.83333333333333,3.1666666666666665,0,6,0,2.1,10.0,3.0,5.0,17.71789253768998,High Performer,False,False,False,False,False,False,0.1848481257986322,210,Excellent
S2254,Julia Dunn MD,Female,2026-05-24,Medium,2.5712000684557945,0.8666666666666667,1.0,14.0,3,0.7312068965517241,77.41379310344827,29,70.66666666666667,3,82.83333333333333,2.333333333333333,2,4,0,1.4,6.0,1.0,2.0,2.5712000684557945,Average Performer,False,False,False,True,False,False,0.2919599308633433,1125,Good
S2255,Brett Swanson,Male,2026-04-01,High,17.51594632395881,0.7666666666666667,1.0,10.800000000000002,3,0.7110344827586207,69.79310344827586,29,82.0,2,75.83333333333333,2.833333333333333,0,6,0,1.6,6.0,2.0,3.0,17.51594632395881,Average Performer,False,False,False,False,False,False,0.2734831226958501,1233,Good
S2256,Mr. Carl Rios,Male,2025-09-18,Medium,11.119540974304591,0.7333333333333333,1.0,14.633333333333336,3,0.8305666666666667,79.73333333333333,30,78.75,4,92.16833333333334,4.5,0,6,0,1.0,8.0,3.0,6.0,11.119540974304591,Average Performer,True,False,False,False,False,False,0.2439453142309052,738,Good
S2257,Manuel Mccullough,Female,2024-12-22,High,14.54976152963098,0.9333333333333332,1.0,4.6,2,0.7835862068965518,78.37931034482759,29,82.0,4,86.16666666666667,1.1666666666666667,3,3,0,2.0,6.0,1.0,5.0,14.54976152963098,High Performer,False,False,False,False,False,False,0.2019664007736237,219,Good
S2258,Jerry Jensen,Male,2024-10-01,Medium,6.375100854150447,0.7,0.3333333333333333,7.166666666666667,3,0.5914919565217391,59.892857142857146,28,65.0,3,81.0,3.0,1,5,0,1.2,9.0,1.0,5.0,6.375100854150447,Average Performer,True,False,False,True,False,False,0.38011466090810214,1670,Good
S2259,Kevin Cunningham,Female,2025-03-17,Low,9.875569181625869,0.5,0.3333333333333333,6.8,3,0.6612857142857143,66.17857142857143,28,56.25,4,83.5,3.8333333333333335,1,5,0,1.4,3.0,2.0,5.0,9.875569181625869,At Risk,True,False,False,True,False,False,0.41417536276022104,1634,Average
S2260,Eugene Patterson,Male,2026-03-16,High,16.374486867754516,1.0,1.0,16.1,2,0.82840625,83.6875,32,94.0,2,82.66666666666667,0.6666666666666666,5,1,0,1.6,8.0,1.0,3.0,16.374486867754516,High Performer,False,False,False,False,False,False,0.14854190783061372,147,Excellent
S2261,David Walker,Female,2025-07-21,Medium,9.178088491581851,0.6,0.25,9.1,4,0.7402,80.2,25,72.33333333333333,3,77.16666666666667,3.6666666666666665,1,5,0,1.9,10.0,3.0,4.0,9.178088491581851,At Risk,True,False,False,True,False,False,0.3445781121043787,1363,Good
S2262,Jessica Larsen,Male,2024-11-19,Medium,7.594929937038648,0.9,1.0,7.5,3,0.8167586206896552,79.75862068965517,29,73.5,4,80.33333333333333,4.0,0,6,0,1.5,5.0,1.0,3.0,7.594929937038648,High Performer,False,False,False,True,False,False,0.24348508895050686,775,Good
S2263,Nicholas Humphrey,Male,2025-07-30,High,15.421986526248052,0.9,0.5,13.675,4,0.7293214285714286,70.85714285714286,28,85.66666666666667,3,80.0,4.166666666666667,0,6,0,1.7,6.0,3.0,5.0,15.421986526248052,Average Performer,False,False,False,False,False,False,0.22631527177961797,721,Good
S2264,Ian Torres,Male,2025-06-19,Low,8.059917323569884,0.8333333333333334,1.0,13.533333333333331,3,0.7122173913043478,72.6086956521739,23,67.0,2,78.16666666666667,4.833333333333333,0,6,0,1.8,6.0,2.0,5.0,8.059917323569884,Average Performer,False,False,False,True,False,False,0.3066016559664376,1315,Good
S2265,Casey Obrien,Male,2024-08-12,High,14.67545073345832,0.9666666666666668,1.0,22.02,5,0.8662307692307691,87.15384615384616,26,90.0,3,82.16666666666667,2.0,1,5,0,2.0,5.0,3.0,5.0,14.67545073345832,High Performer,False,False,False,False,False,False,0.15852547573045672,73,Excellent
S2266,Shannon Taylor,Male,2024-10-25,Medium,10.2998655968412,0.6666666666666666,1.0,14.05,2,0.7371923076923076,69.46153846153847,26,75.33333333333333,3,75.0,3.5,0,6,0,1.6,6.0,1.0,5.0,10.2998655968412,At Risk,True,False,False,False,False,False,0.32325931036687144,1422,Good
S2267,Deborah Mercado,Male,2024-12-03,Medium,12.718904523170918,0.7666666666666667,0.25,7.449999999999999,4,0.7458214285714285,76.46428571428571,28,79.5,4,81.0,5.0,0,6,0,1.1,8.0,1.0,6.0,12.718904523170918,Average Performer,False,False,False,False,False,False,0.27228964345397744,1177,Good
S2268,Bernard Smith,Female,2026-06-27,Medium,9.81060261190977,0.9333333333333332,0.5,10.15,4,0.6946428571428571,68.96428571428571,28,74.75,4,88.83333333333333,2.5,2,4,0,2.5,8.0,0.0,7.0,9.81060261190977,Average Performer,False,False,False,True,False,False,0.2509973029940351,469,Good
S2269,Amanda Perkins,Male,2024-11-22,Medium,14.44135617923903,0.8333333333333334,0.75,11.65,4,0.7612068965517241,75.75862068965517,29,68.0,2,77.0,1.6666666666666667,1,5,0,2.1,8.0,1.0,4.0,14.44135617923903,Average Performer,False,False,False,False,False,False,0.2757012072530518,1105,Good
S2270,Kevin Escobar,Female,2026-02-20,Medium,12.175924021291676,0.7333333333333333,0.5,15.3,2,0.8173571428571428,83.14285714285714,28,65.0,2,81.33333333333333,1.8333333333333333,2,4,0,1.2,8.0,3.0,4.0,12.175924021291676,Average Performer,True,False,False,False,False,False,0.2890197137562947,1237,Good
S2271,Kimberly Lutz,Female,2026-01-23,High,13.534269622739002,0.9333333333333332,0.3333333333333333,15.033333333333331,3,0.7710384615384616,75.53846153846153,26,87.33333333333333,3,87.5,1.5,4,2,0,2.0,10.0,2.0,4.0,13.534269622739002,High Performer,False,False,False,False,False,False,0.19560278748161405,154,Excellent
S2272,Reginald Diaz,Female,2025-07-07,Medium,7.266948916861957,0.7666666666666667,0.75,12.8,4,0.6163103448275863,63.241379310344826,29,69.5,2,72.16666666666667,4.666666666666667,2,3,1,1.9,9.0,1.0,5.0,7.266948916861957,Average Performer,False,False,False,True,False,False,0.35802285759290253,1576,Good
S2273,Raymond Quinn,Male,2025-08-07,Medium,3.8424231998394,0.5666666666666667,0.3333333333333333,8.266666666666667,3,0.666,63.903225806451616,31,87.0,2,91.0,5.666666666666667,0,6,0,1.0,8.0,0.0,1.0,3.8424231998394,At Risk,True,False,False,True,False,True,0.3384272753337348,1161,Good
S2274,John Dixon,Female,2025-07-28,Low,1.022357642580801,0.7333333333333333,0.25,5.475,4,0.67896875,65.75,32,60.5,4,70.83333333333333,5.166666666666667,1,5,0,1.0,9.0,3.0,4.0,1.022357642580801,Average Performer,True,False,False,True,False,True,0.3831701475602147,1825,Good
S2275,Jonathan Bates,Male,2024-08-11,Low,4.133359465278508,0.5333333333333333,0.6666666666666666,10.433333333333334,3,0.76675,74.25,24,65.5,2,80.33333333333333,6.666666666666667,0,6,0,1.0,6.0,1.0,5.0,4.133359465278508,At Risk,True,False,False,True,False,True,0.37480826800347045,1604,Good
S2276,Renee Mendez,Male,2026-05-25,Low,5.761675327623433,0.6666666666666666,0.25,9.9,4,0.7097241379310345,69.17241379310344,29,71.75,4,72.66666666666667,4.0,0,6,0,1.7,9.0,2.0,6.0,5.761675327623433,At Risk,True,False,False,True,False,False,0.35351190363496443,1563,Good
S2277,Jose Griffin,Other,2025-07-11,Medium,10.159131032003044,0.8666666666666667,0.3333333333333333,13.333333333333334,3,0.7390399999999999,71.52,25,76.5,2,77.83333333333333,3.0,1,5,0,2.9,7.0,2.0,1.0,10.159131032003044,Average Performer,False,False,False,False,False,False,0.26647350575332573,778,Good
S2278,Travis Hopkins,Male,2025-10-24,Medium,6.606594910928543,0.9333333333333332,0.6666666666666666,13.5,3,0.8077142857142857,81.92857142857143,28,85.33333333333333,3,85.33333333333333,3.1666666666666665,1,5,0,1.3,7.0,0.0,2.0,6.606594910928543,High Performer,False,False,False,True,False,False,0.209169227008393,349,Good
S2279,Nancy Webb,Female,2025-01-31,Low,5.687000078662981,0.6666666666666666,0.75,7.675,4,0.6968620689655173,69.96551724137932,29,71.0,2,74.0,4.166666666666667,0,5,1,1.0,9.0,1.0,1.0,5.687000078662981,At Risk,True,False,False,True,False,False,0.3570572124470207,1756,Good
S2280,Daniel Freeman,Female,2024-12-30,Medium,12.720421795855772,0.7333333333333333,0.6666666666666666,6.0,3,0.7131666666666666,70.33333333333333,24,74.0,3,78.83333333333333,3.0,2,4,0,2.5,8.0,1.0,4.0,12.720421795855772,Average Performer,True,False,False,False,False,False,0.30466561217702726,1123,Good
S2281,Jacob Williams,Female,2025-03-13,High,18.60471943056739,0.9333333333333332,1.0,16.15,4,0.8167333333333333,85.56666666666666,30,87.0,2,79.66666666666667,2.1666666666666665,2,4,0,2.2,9.0,2.0,4.0,18.60471943056739,High Performer,False,False,False,False,False,False,0.1816348680902482,208,Excellent
S2282,Terry Ward,Female,2025-10-12,Low,1.0,0.5333333333333333,0.0,6.233333333333333,3,0.6951428571428571,69.89285714285714,28,61.333333333333336,3,71.33333333333333,6.5,0,6,0,1.0,5.0,0.0,2.0,1.0,At Risk,True,False,False,True,False,True,0.4259571428571429,1858,Average
S2283,Jesse Williams,Male,2026-05-02,Low,8.478177152098189,0.6666666666666666,0.3333333333333333,10.8,3,0.7294347826086957,72.6086956521739,23,69.33333333333333,3,80.33333333333333,1.6666666666666667,1,5,0,1.0,6.0,0.0,5.0,8.478177152098189,At Risk,True,False,False,True,False,False,0.33414078900381255,1601,Good
S2284,Mrs. Michele Boyd,Male,2026-05-05,Medium,5.685232513862293,0.9333333333333332,0.0,16.95,2,0.8240416666666667,84.08333333333333,24,80.25,4,79.16666666666667,3.0,3,2,1,1.0,8.0,2.0,2.0,5.685232513862293,High Performer,False,False,False,True,False,False,0.22599108538201096,761,Good
S2285,Sandy Baker,Female,2025-05-27,High,16.082087815623456,0.9666666666666668,0.3333333333333333,7.033333333333334,3,0.7673461538461539,79.53846153846153,26,94.0,2,81.0,1.0,4,2,0,2.1,5.0,3.0,7.0,16.082087815623456,High Performer,False,False,False,False,False,False,0.17842426764042849,233,Excellent
S2286,Carrie Valdez,Male,2024-09-04,Medium,14.120659171220792,0.7,0.5,9.625,4,0.600925925925926,59.51834838709678,27,68.5,4,79.66666666666667,4.5,0,6,0,1.5,6.0,0.0,2.0,14.120659171220792,Average Performer,True,False,False,False,False,False,0.3529205742941702,1593,Good
S2287,Matthew Houston,Male,2025-04-12,Low,2.052570969293884,0.5,0.25,12.475,4,0.6208,60.64,25,74.5,2,76.83333333333333,5.0,0,6,0,1.2,10.0,2.0,0.0,2.052570969293884,At Risk,True,False,False,True,False,False,0.41937857257676525,1707,Average
S2288,Jamie Solomon,Male,2024-08-02,Low,5.415556063016751,0.5666666666666667,1.0,6.4,3,0.5914919565217391,59.51834838709678,23,66.0,3,75.0,5.333333333333333,0,6,0,1.0,7.0,1.0,3.0,5.415556063016751,At Risk,True,False,False,True,False,True,0.4228468562192697,1850,Average
S2289,Heather Parrish,Male,2024-10-14,High,19.035410000589835,0.9666666666666668,1.0,11.333333333333334,3,0.8508333333333334,87.25,24,85.66666666666667,3,88.0,1.0,3,3,0,2.7,7.0,2.0,5.0,19.035410000589835,High Performer,False,False,False,False,False,False,0.15216147499852534,5,Excellent
S2290,Mr. Larry Shaw,Male,2025-11-28,High,7.668475632690282,0.9,1.0,12.966666666666669,3,0.7611249999999999,75.45833333333333,24,80.75,4,75.83333333333333,1.3333333333333333,3,3,0,2.3,10.0,1.0,9.0,7.668475632690282,High Performer,False,False,False,True,False,False,0.25224131091827434,669,Good
S2291,Christopher Jones,Male,2026-05-16,Low,7.504665100049411,0.8666666666666667,1.0,7.533333333333334,3,0.8388148148148148,83.0,27,74.5,2,79.33333333333333,1.6666666666666667,3,3,0,1.0,8.0,1.0,9.0,7.504665100049411,High Performer,False,False,False,True,False,False,0.24492722613876539,988,Good
S2292,Christine Lopez,Female,2026-01-31,Medium,6.534032910400287,0.8,0.6,12.56,5,0.6894,71.56,25,70.0,2,79.66666666666667,5.333333333333333,0,6,0,1.5,8.0,2.0,1.0,6.534032910400287,Average Performer,False,False,False,True,False,True,0.31734491772399925,1402,Good
S2293,Mitchell Wilson,Female,2025-06-27,Medium,15.3034232478702,0.7333333333333333,1.0,20.133333333333333,3,0.8027692307692308,82.3076923076923,26,78.0,4,82.16666666666667,3.8333333333333335,1,5,0,1.0,7.0,1.0,4.0,15.3034232478702,Average Performer,True,False,False,False,False,False,0.2583273393162219,1068,Good
S2294,Robert Cortez,Female,2025-06-14,Low,1.4825493554942384,0.8,0.5,13.4,4,0.7406785714285714,72.5,28,56.66666666666666,3,78.5,3.8333333333333335,2,4,0,1.0,6.0,3.0,6.0,1.4825493554942384,Average Performer,False,False,False,True,False,False,0.34300672184935965,1611,Good
S2295,Mr. Daniel Martin,Male,2026-05-17,High,12.89296191838124,0.9333333333333332,0.75,9.1,4,0.8381153846153846,82.5,26,73.66666666666667,3,83.66666666666667,3.333333333333333,1,5,0,1.7,7.0,2.0,8.0,12.89296191838124,High Performer,False,False,False,False,False,False,0.21016631315276488,456,Good
S2296,Alison Williams,Male,2025-08-16,Medium,3.5245886171834404,0.8333333333333334,0.6666666666666666,16.7,3,0.661076923076923,67.76923076923077,26,79.0,2,73.66666666666667,3.1666666666666665,2,4,0,1.3,7.0,1.0,6.0,3.5245886171834404,Average Performer,False,False,False,True,False,False,0.3160321182006311,1426,Good
S2297,Candace Soto,Male,2026-02-19,High,14.451430761626712,0.9333333333333332,1.0,7.25,2,0.8033,78.76666666666667,30,75.66666666666667,3,76.66666666666667,3.5,0,6,0,1.8,7.0,2.0,5.0,14.451430761626712,High Performer,False,False,False,False,False,False,0.22321475642926658,711,Good
S2298,Kenneth Brown,Female,2025-10-19,Medium,8.877671728707758,0.7333333333333333,0.75,18.225,4,0.742111111111111,72.25925925925925,27,77.66666666666667,3,79.33333333333333,3.8333333333333335,0,6,0,1.5,4.0,2.0,5.0,8.877671728707758,Average Performer,True,False,False,True,False,False,0.2975058206782306,1199,Good
S2299,Christopher Mullen,Female,2025-11-01,Low,8.53670462643313,0.5666666666666667,0.75,6.125,4,0.7695,75.72727272727273,22,66.5,2,86.16666666666667,4.166666666666667,1,5,0,2.0,5.0,1.0,4.0,8.53670462643313,At Risk,True,False,False,True,False,False,0.3438915717672505,1032,Good
S2300,Kristy Smith,Male,2026-02-14,Medium,6.827230118698688,0.8333333333333334,1.0,7.75,2,0.61472,62.0,25,69.5,4,82.16666666666667,3.8333333333333335,1,5,0,1.1,7.0,0.0,4.0,6.827230118698688,Average Performer,False,False,False,True,False,False,0.3279325913699199,1462,Good
S2301,Mary Campbell,Female,2025-09-30,Low,9.489485284069255,0.7666666666666667,0.2,12.56,5,0.7544137931034482,77.48275862068965,29,70.0,2,79.0,2.5,1,5,0,1.7,9.0,2.0,7.0,9.489485284069255,Average Performer,False,False,False,True,False,False,0.2997854821921257,1249,Good
S2302,Jerry Haney,Male,2025-03-09,Medium,8.166507830974373,0.9666666666666668,0.25,11.125,4,0.7741481481481481,82.14814814814815,27,74.0,3,77.16666666666667,2.5,1,5,0,2.1,4.0,1.0,2.0,8.166507830974373,High Performer,False,False,False,True,False,False,0.24192261931145292,673,Good
S2303,Carolyn Greer,Female,2024-08-24,Medium,2.2328069691002765,0.9666666666666668,0.75,12.1,4,0.7337692307692307,74.57692307692308,26,84.0,4,86.0,2.833333333333333,1,5,0,1.5,8.0,0.0,1.0,2.2328069691002765,Average Performer,False,False,False,True,False,False,0.2356205466798134,464,Good
S2304,Rebecca Hoover,Female,2025-08-09,High,16.41187675039921,1.0,0.75,12.95,4,0.85504,86.4,25,88.0,3,82.33333333333333,2.833333333333333,1,5,0,2.0,7.0,3.0,2.0,16.41187675039921,High Performer,False,False,False,False,False,False,0.152958308124002,64,Excellent
S2305,Matthew Baker,Female,2025-06-02,Medium,10.887312314239548,0.9666666666666668,0.0,21.35,2,0.7590714285714286,77.21428571428571,28,87.25,4,86.0,3.1666666666666665,2,4,0,2.9,10.0,1.0,4.0,10.887312314239548,High Performer,False,False,False,False,False,False,0.19989362397630583,84,Excellent
S2306,Grace Chavez,Female,2025-08-08,Medium,8.750059713096617,0.8,0.0,10.866666666666667,3,0.7953478260869565,76.04347826086956,23,73.5,2,78.5,2.0,2,4,0,2.1,7.0,3.0,4.0,8.750059713096617,Average Performer,False,False,False,True,False,False,0.2747705028911715,865,Good
S2307,Crystal Cruz,Female,2025-08-29,High,17.6650629788473,0.8666666666666667,1.0,11.425,4,0.8202608695652174,84.3913043478261,23,78.0,4,85.33333333333333,3.0,1,5,0,2.2,6.0,2.0,7.0,17.6650629788473,High Performer,False,False,False,False,False,False,0.20909241501664988,284,Good
S2308,Dale Heath,Male,2025-10-29,Medium,9.233403255916455,0.9,1.0,13.15,4,0.78925,80.71428571428571,28,69.0,2,78.16666666666667,3.8333333333333335,0,6,0,1.7,7.0,1.0,4.0,9.233403255916455,Average Performer,False,False,False,True,False,False,0.2598914918602089,970,Good
S2309,Jennifer Hernandez,Female,2026-02-09,Medium,12.112556951849374,0.8666666666666667,0.5,14.225,4,0.7584642857142857,75.75,28,84.5,2,80.5,2.833333333333333,2,4,0,1.8,7.0,4.0,5.0,12.112556951849374,High Performer,False,False,False,False,False,False,0.2357626552394242,648,Good
S2310,John Mendez,Male,2025-11-13,Medium,10.439673201293724,0.8,0.6666666666666666,9.633333333333333,3,0.8346206896551724,85.93103448275862,29,94.0,4,80.66666666666667,2.5,1,5,0,1.9,8.0,3.0,6.0,10.439673201293724,Average Performer,False,False,False,False,False,False,0.21451461010021394,401,Good
S2311,Richard Gordon,Female,2026-07-23,Medium,7.546099187946979,0.8666666666666667,1.0,16.2,3,0.8336176470588236,83.20588235294117,34,85.0,2,83.66666666666667,2.333333333333333,1,5,0,1.7,9.0,1.0,2.0,7.546099187946979,High Performer,False,False,False,True,False,False,0.21888279124581878,337,Good
S2312,John Anderson,Female,2026-01-05,Medium,10.980169862361404,0.8666666666666667,0.75,9.475,4,0.7498064516129033,77.64516129032258,31,85.0,4,80.5,2.6666666666666665,2,4,0,1.0,9.0,2.0,5.0,10.980169862361404,Average Performer,False,False,False,False,False,False,0.24019097319355887,977,Good
S2313,Samantha Prince,Female,2026-06-29,High,18.131030151704408,1.0,1.0,11.366666666666667,3,0.8868148148148148,87.92592592592592,27,80.75,4,87.0,2.5,2,4,0,2.2,8.0,4.0,5.0,18.131030151704408,High Performer,False,False,False,False,False,False,0.14662798017629453,25,Excellent
S2314,Marie Boyd,Male,2026-04-22,High,15.071338584230563,0.8666666666666667,0.5,16.875,4,0.7569411764705882,76.17647058823529,34,76.66666666666667,3,85.0,3.1666666666666665,0,6,0,1.6,10.0,2.0,4.0,15.071338584230563,High Performer,False,False,False,False,False,False,0.2377393005982471,734,Good
S2315,Andrew Moreno,Female,2026-05-31,Medium,2.8109926081019854,0.8666666666666667,1.0,13.233333333333334,3,0.6284230769230769,60.23076923076923,26,72.25,4,77.33333333333333,1.5,3,3,0,1.6,8.0,2.0,5.0,2.8109926081019854,Average Performer,False,False,False,True,False,False,0.32727892873615533,1378,Good
S2316,Robert Clarke,Female,2025-08-09,Medium,5.552394797883327,0.8333333333333334,1.0,12.35,4,0.892265925925926,89.0,27,62.0,2,81.66666666666667,2.6666666666666665,1,5,0,1.5,8.0,2.0,3.0,5.552394797883327,Average Performer,False,False,False,True,False,False,0.26360590189418054,907,Good
S2317,Kevin Figueroa,Female,2025-01-23,High,16.693443566719374,0.9666666666666668,1.0,10.2,4,0.835735294117647,84.1470588235294,34,86.33333333333333,3,89.16666666666667,2.1666666666666665,3,3,0,1.5,9.0,1.0,4.0,16.693443566719374,High Performer,False,False,False,False,False,False,0.1594624695145741,107,Excellent
S2318,Melissa Davis,Male,2026-02-01,Low,8.898005279917859,0.6333333333333333,0.0,10.825,4,0.72964,71.28,25,67.75,4,67.16666666666667,4.0,0,6,0,1.3,4.0,1.0,3.0,8.898005279917859,At Risk,True,False,False,True,False,False,0.364279653466872,1727,Good
S2319,John Hall,Male,2024-09-12,Low,1.0,0.6666666666666666,0.5,14.1,2,0.6386774193548387,62.25806451612903,31,80.5,2,76.5,4.5,0,6,0,1.2,7.0,1.0,5.0,1.0,At Risk,True,False,False,True,False,False,0.36348010752688176,1536,Good
S2320,Diane Mcdowell,Male,2025-09-10,Medium,14.574560652514222,0.6,0.5,18.4,4,0.7682068965517241,76.96551724137932,29,72.33333333333333,3,83.5,4.666666666666667,1,4,1,1.8,4.0,1.0,7.0,14.574560652514222,At Risk,True,False,False,False,False,False,0.31318486273653057,1082,Good
S2321,Colin Fletcher,Male,2024-08-10,High,14.188739298088098,0.9333333333333332,0.6666666666666666,19.9,3,0.7550769230769231,73.88461538461539,26,80.0,2,79.16666666666667,1.8333333333333333,4,2,0,1.6,8.0,0.0,8.0,14.188739298088098,High Performer,False,False,False,False,False,False,0.22592174149836952,759,Good
S2322,Laura Wilson,Female,2025-06-19,Low,7.089538596166344,0.5,0.25,8.75,4,0.6675652173913044,62.130434782608695,23,73.5,2,75.0,4.333333333333333,1,5,0,1.5,9.0,2.0,5.0,7.089538596166344,At Risk,True,False,False,True,False,False,0.39750658829219276,1665,Good
S2323,Matthew Watts,Male,2025-10-17,Medium,3.935037928315811,0.8666666666666667,0.5,8.525,4,0.6898928571428572,66.60714285714286,28,75.0,3,75.5,3.1666666666666665,1,5,0,1.2,7.0,1.0,3.0,3.935037928315811,Average Performer,False,False,False,True,False,False,0.30327788136968664,1418,Good
S2324,Jack Moore,Other,2025-03-29,Low,7.610275651267648,0.5333333333333333,0.0,4.233333333333333,3,0.594516129032258,59.51834838709678,31,60.0,3,79.0,5.166666666666667,0,6,0,1.7,9.0,0.0,3.0,7.610275651267648,At Risk,True,False,False,True,False,True,0.4307861388288201,1704,Average
S2325,Dawn Wyatt,Male,2025-09-29,Low,2.518859988509832,0.6,0.5,12.1,4,0.6578461538461539,66.96153846153847,26,75.5,2,73.83333333333333,2.333333333333333,1,5,0,1.0,9.0,2.0,3.0,2.518859988509832,At Risk,True,False,False,True,False,False,0.3845990038748793,1753,Good
S2326,Jacob Hill,Male,2024-09-14,Low,11.725258764047624,0.6333333333333333,0.5,4.2,2,0.6163928571428572,61.35714285714285,28,62.66666666666666,3,83.66666666666667,5.0,0,6,0,1.0,7.0,2.0,3.0,11.725258764047624,At Risk,True,False,False,False,False,False,0.3766023292803572,1708,Good
S2327,Nicole Gutierrez,Female,2025-02-20,Medium,21.25886033522928,0.6666666666666666,0.3333333333333333,8.666666666666666,3,0.8065769230769231,80.38461538461539,26,70.0,3,75.0,3.8333333333333335,0,6,0,2.1,7.0,2.0,5.0,21.25886033522928,At Risk,True,False,False,False,False,False,0.2857131055721832,1173,Good
S2328,Karen Wood,Female,2026-06-20,High,16.15017346841734,0.9333333333333332,1.0,6.833333333333333,3,0.7550370370370371,78.55555555555556,27,92.66666666666669,3,78.66666666666667,0.8333333333333334,3,3,0,2.8,9.0,1.0,5.0,16.15017346841734,High Performer,False,False,False,False,False,False,0.19644678855117884,323,Excellent
S2329,Dawn Parker,Female,2025-12-12,Medium,4.106311508600128,0.7666666666666667,0.75,14.8,4,0.6762962962962964,72.33333333333333,27,72.0,3,74.16666666666667,2.5,2,4,0,1.3,7.0,2.0,4.0,4.106311508600128,Average Performer,False,False,False,True,False,False,0.33992866567294405,1616,Good
S2330,Michael Fitzgerald,Female,2025-06-16,Medium,13.55022075428069,0.8666666666666667,0.5,10.1,2,0.8209583333333333,78.04166666666667,24,92.5,2,85.5,2.1666666666666665,1,5,0,1.5,10.0,2.0,5.0,13.55022075428069,High Performer,False,False,False,False,False,False,0.1899202814476316,291,Excellent
S2331,Mary Adkins,Female,2026-06-17,Medium,14.176512018552884,0.8666666666666667,1.0,15.25,4,0.7289629629629629,72.62962962962963,27,74.0,2,85.66666666666667,2.5,2,4,0,2.1,7.0,3.0,2.0,14.176512018552884,Average Performer,False,False,False,False,False,False,0.25270316439806223,696,Good
S2332,Michael Martin,Male,2025-07-29,High,18.857364869335328,0.9333333333333332,1.0,19.425,4,0.86588,84.88,25,93.0,2,91.66666666666669,1.3333333333333333,3,3,0,2.2,10.0,3.0,4.0,18.857364869335328,High Performer,False,False,False,False,False,False,0.13625925449332835,6,Excellent
S2333,James Morgan,Other,2024-10-25,High,11.337930306321656,0.9333333333333332,0.6666666666666666,12.833333333333334,3,0.7874800000000001,78.48,25,81.0,2,85.83333333333333,0.8333333333333334,4,2,0,1.1,7.0,4.0,6.0,11.337930306321656,High Performer,False,False,False,False,False,False,0.21132784090086254,531,Good
S2334,Melissa Mann,Other,2025-08-15,Low,8.16866786478788,0.6,0.5,8.55,4,0.6934761904761905,66.38095238095238,21,60.333333333333336,3,77.5,4.333333333333333,0,6,0,1.7,10.0,3.0,2.0,8.16866786478788,At Risk,True,False,False,True,False,False,0.3846188065285065,1648,Good
S2335,Vincent Smith,Female,2025-11-22,Medium,12.21186348871818,0.8666666666666667,0.5,9.6,2,0.6530645161290323,65.03225806451613,31,69.5,2,75.66666666666667,3.6666666666666665,0,6,0,2.0,7.0,2.0,5.0,12.21186348871818,Average Performer,False,False,False,False,False,False,0.3043843197728282,1336,Good
S2336,Charles Frost,Male,2026-07-26,Low,1.45975196465695,0.7333333333333333,0.6666666666666666,11.433333333333332,3,0.7501666666666666,74.96666666666667,30,64.33333333333333,3,80.33333333333333,5.333333333333333,0,6,0,1.0,7.0,0.0,5.0,1.45975196465695,Average Performer,True,False,False,True,False,True,0.3388006200883577,1561,Good
S2337,Austin Walker,Female,2025-12-10,Low,8.436203677651683,0.8,0.8,7.58,5,0.6783,68.26666666666667,30,74.0,4,81.33333333333333,4.833333333333333,1,5,0,1.3,7.0,2.0,5.0,8.436203677651683,Average Performer,False,False,False,True,False,False,0.3054194908058708,1333,Good
S2338,Andrew Cruz,Male,2025-04-22,Medium,15.56134698162532,0.7666666666666667,0.75,14.625,4,0.83272,81.32,25,74.75,4,77.33333333333333,4.333333333333333,2,4,0,1.1,6.0,1.0,3.0,15.56134698162532,Average Performer,False,False,False,False,False,False,0.25411396587927,1164,Good
S2339,Miss Kelly Dawson,Male,2025-07-10,Medium,17.55463554675812,0.8333333333333334,0.8,14.06,5,0.8419655172413794,83.96551724137932,29,87.5,4,83.33333333333333,2.0,1,5,0,2.2,9.0,0.0,1.0,17.55463554675812,Average Performer,False,False,False,False,False,False,0.19519042262735756,191,Excellent
S2340,Theresa Wilkins,Male,2026-01-19,Low,2.274127345310025,0.5,0.3333333333333333,3.9996666666666663,3,0.6415384615384615,62.84615384615385,26,54.74916666666667,2,72.5,5.166666666666667,0,6,0,1.0,4.0,2.0,6.0,2.274127345310025,At Risk,True,False,False,True,False,True,0.45860480984185314,1875,Average
S2341,Jessica Harris,Male,2025-06-30,Medium,11.875063343054473,0.6,0.6666666666666666,5.033333333333333,3,0.7433333333333334,74.9,30,73.25,4,82.16666666666667,3.8333333333333335,1,5,0,1.4,8.0,2.0,5.0,11.875063343054473,At Risk,True,False,False,False,False,False,0.3275623416423638,1316,Good
S2342,Regina Mitchell,Female,2024-08-12,Medium,20.306356187998205,0.6666666666666666,0.25,16.6,4,0.6877586206896552,69.0,29,78.5,4,80.66666666666667,3.1666666666666665,2,4,0,2.2,8.0,2.0,4.0,20.306356187998205,At Risk,True,False,False,False,False,False,0.29823985665644126,1085,Good
S2343,Kyle Black,Female,2024-11-29,High,11.466236312703453,0.8333333333333334,0.75,11.25,4,0.7310769230769231,72.07692307692308,26,78.33333333333333,3,78.83333333333333,0.8333333333333334,3,3,0,2.0,6.0,3.0,4.0,11.466236312703453,Average Performer,False,False,False,False,False,False,0.2687613322951644,919,Good
S2344,Christopher Johnson,Female,2025-03-07,Medium,16.32532474244146,0.7666666666666667,0.6666666666666666,9.333333333333334,3,0.7731111111111111,77.37037037037037,27,71.5,4,77.33333333333333,4.666666666666667,1,5,0,1.9,6.0,1.0,6.0,16.32532474244146,Average Performer,False,False,False,False,False,False,0.27658668814389636,1145,Good
S2345,Aaron Moore,Male,2026-02-11,Medium,5.678584260104845,0.9333333333333332,0.3333333333333333,6.7,3,0.73572,74.44,25,65.33333333333333,3,81.5,4.0,0,6,0,1.0,5.0,0.0,4.0,5.678584260104845,Average Performer,False,False,False,True,False,False,0.2788375393497379,1272,Good
S2346,Penny Gomez MD,Male,2024-12-23,Medium,11.983997477785994,0.8333333333333334,0.75,11.425,4,0.7885925925925926,82.0,27,81.75,4,72.16666666666667,4.166666666666667,0,6,0,1.0,8.0,1.0,4.0,11.983997477785994,Average Performer,False,False,False,False,False,False,0.2533788951944239,1206,Good
S2347,Kelly Mclaughlin,Male,2025-07-26,High,14.614598568352925,0.9333333333333332,1.0,18.433333333333334,3,0.8278518518518518,82.11111111111111,27,88.0,2,87.83333333333333,2.6666666666666665,0,6,0,1.7,8.0,1.0,4.0,14.614598568352925,High Performer,False,False,False,False,False,False,0.1740246146902288,98,Excellent
S2348,Brandon Mitchell,Other,2025-04-20,Medium,17.536449260116694,0.9,0.5,5.45,2,0.8411153846153846,82.5,26,78.0,2,82.5,4.0,0,6,0,2.0,7.0,2.0,5.0,17.536449260116694,High Performer,False,False,False,False,False,False,0.19907426146509288,349,Excellent
S2349,Suzanne Bailey,Male,2025-07-02,High,15.797885304403518,0.9,1.0,7.050000000000001,2,0.8207096774193549,85.6774193548387,31,87.0,2,91.0,2.833333333333333,1,5,0,1.0,7.0,2.0,7.0,15.797885304403518,High Performer,False,False,False,False,False,False,0.17879238351318474,374,Excellent
S2350,Destiny Obrien,Female,2025-01-23,High,11.129661991801235,0.9666666666666668,0.5,6.550000000000001,4,0.7817272727272727,77.4090909090909,22,80.0,3,82.83333333333333,2.333333333333333,1,5,0,1.8,7.0,2.0,2.0,11.129661991801235,High Performer,False,False,False,False,False,False,0.21174099653564843,392,Good
S2351,Timothy Andrews,Female,2025-08-25,Medium,17.173275926856732,0.8666666666666667,1.0,10.55,4,0.8530740740740741,87.62962962962963,27,84.66666666666667,3,82.16666666666667,4.0,0,6,0,1.8,8.0,2.0,3.0,17.173275926856732,High Performer,False,False,False,False,False,False,0.1918945879606359,316,Excellent
S2352,Jason Rodriguez,Male,2025-01-13,Low,9.884233399546469,0.6666666666666666,0.0,7.3,3,0.6032962962962963,59.92592592592592,27,73.5,2,78.83333333333333,4.166666666666667,0,6,0,1.0,7.0,1.0,5.0,9.884233399546469,At Risk,True,False,False,True,False,False,0.3623838609455783,1697,Good
S2353,Edward Arroyo,Female,2025-10-26,Medium,15.257248629070736,0.9,0.6666666666666666,13.5,3,0.7032962962962963,68.44444444444444,27,72.75,4,91.5,2.333333333333333,3,3,0,2.1,7.0,2.0,4.0,15.257248629070736,Average Performer,False,False,False,False,False,False,0.24311798953843425,627,Good
S2354,Tina Walter,Female,2026-07-03,High,14.190895486408012,0.9333333333333332,0.5,12.225,4,0.7616666666666667,75.66666666666667,27,76.25,4,83.5,1.6666666666666667,3,3,0,1.5,8.0,2.0,4.0,14.190895486408012,High Performer,False,False,False,False,False,False,0.22493942795064664,698,Good
S2355,Laura Benson,Female,2026-01-10,High,16.04120877603092,0.9,0.75,11.2,4,0.85225,84.21428571428571,28,83.33333333333333,3,80.33333333333333,5.166666666666667,0,6,0,1.7,7.0,2.0,1.0,16.04120877603092,High Performer,False,False,False,False,False,True,0.19205531139325607,403,Excellent
S2356,Kristine Carrillo,Female,2025-04-16,Medium,10.644392889301075,0.8333333333333334,1.0,11.466666666666669,3,0.7295357142857143,73.75,28,62.5,2,81.16666666666667,2.0,2,4,0,2.1,8.0,1.0,3.0,10.644392889301075,Average Performer,False,False,False,False,False,False,0.2994449701576997,1131,Good
S2357,Tonya Ellis,Male,2026-07-12,Medium,9.000475486400767,0.8,1.0,10.575,4,0.7332413793103448,69.41379310344827,29,74.0,2,78.5,1.5,4,2,0,1.4,6.0,2.0,2.0,9.000475486400767,Average Performer,False,False,False,True,False,False,0.2917763974908946,1297,Good
S2358,Kevin Johnson,Male,2025-11-06,Low,8.376120419766146,0.5333333333333333,0.6666666666666666,16.5,3,0.6717777777777778,68.14814814814815,27,67.0,3,80.83333333333333,5.333333333333333,0,6,0,1.2,4.0,2.0,5.0,8.376120419766146,At Risk,True,False,False,True,False,True,0.38894303228391797,1674,Good
S2359,Austin Schultz,Female,2026-05-20,Medium,14.082009896047907,0.7333333333333333,0.3333333333333333,19.8,3,0.8453448275862069,81.48275862068965,29,84.0,4,81.16666666666667,4.333333333333333,0,6,0,1.7,7.0,3.0,3.0,14.082009896047907,Average Performer,True,False,False,False,False,False,0.23810819365068484,601,Good
S2360,Megan Hall MD,Female,2026-05-12,Low,1.0,0.7666666666666667,0.5,13.05,2,0.5997419354838709,61.16129032258065,31,73.0,2,73.83333333333333,3.333333333333333,1,5,0,1.0,4.0,0.0,4.0,1.0,Average Performer,False,False,False,True,False,False,0.36916075268817206,1742,Good
S2361,Kelli Smith,Male,2026-02-02,Medium,14.44544031974555,0.7666666666666667,0.5,7.15,4,0.8211851851851852,83.18518518518519,27,74.0,2,82.5,2.5,0,6,0,1.0,8.0,3.0,5.0,14.44544031974555,Average Performer,False,False,False,False,False,False,0.2541141769784139,1066,Good
S2362,Danielle Davis,Female,2025-12-19,Medium,9.314235189173672,0.7333333333333333,0.3333333333333333,9.533333333333331,3,0.8090714285714286,78.5,28,69.25,4,88.0,6.333333333333333,0,5,1,1.3,10.0,1.0,4.0,9.314235189173672,Average Performer,True,False,False,True,False,True,0.2801596501223039,937,Good
S2363,Samantha Jones,Female,2025-07-25,Medium,11.141755075100075,0.9666666666666668,1.0,8.9,4,0.8698888888888889,86.51851851851852,27,80.5,2,88.0,1.1666666666666667,3,3,0,2.6,8.0,0.0,5.0,11.141755075100075,High Performer,False,False,False,False,False,False,0.17651227897891641,22,Excellent
S2364,Karen Gomez,Female,2024-11-05,Low,4.08852248375435,0.7,0.6666666666666666,4.466666666666666,3,0.6884444444444445,68.0,27,64.33333333333333,3,71.0,4.666666666666667,0,6,0,1.4,7.0,2.0,3.0,4.08852248375435,Average Performer,True,False,False,True,False,False,0.37307869379061415,1746,Good
S2365,Debra Valentine,Male,2026-06-12,Medium,11.792671595787349,0.9666666666666668,1.0,4.166666666666667,3,0.81708,82.84,25,74.5,2,82.5,2.833333333333333,2,4,0,2.2,7.0,2.0,5.0,11.792671595787349,High Performer,False,False,False,False,False,False,0.21097765434386492,296,Good
S2366,Susan Porter,Female,2025-03-11,Medium,11.42938644972623,0.9333333333333332,0.6666666666666666,9.0,3,0.7909629629629629,75.70370370370371,27,76.25,4,90.66666666666669,2.833333333333333,2,4,0,1.0,6.0,1.0,5.0,11.42938644972623,High Performer,False,False,False,False,False,False,0.21230431165346225,619,Good
S2367,Nicolas Salas,Female,2026-02-08,Medium,9.88003775072037,1.0,1.0,13.2,2,0.7220769230769231,72.11538461538461,26,83.0,3,84.83333333333333,1.6666666666666667,2,4,0,2.4,9.0,2.0,4.0,9.88003775072037,Average Performer,False,False,False,True,False,False,0.2154268287001222,245,Good
S2368,Dale Wright,Male,2026-01-30,High,14.33424873215368,0.9,0.5,14.275,4,0.7778333333333334,75.66666666666667,30,81.5,2,89.5,4.0,0,6,0,1.2,6.0,3.0,1.0,14.33424873215368,High Performer,False,False,False,False,False,False,0.20856437816961576,515,Good
S2369,Brittney Rodriguez,Male,2025-05-26,Medium,11.279078140825671,0.9333333333333332,1.0,18.85,2,0.8831600000000001,89.64,25,68.0,4,81.33333333333333,2.5,2,4,0,1.8,10.0,1.0,4.0,11.279078140825671,Average Performer,False,False,False,False,False,False,0.21552097131460252,566,Good
S2370,Megan Alvarado,Other,2025-06-15,High,18.07955747629941,0.9666666666666668,0.6666666666666666,5.666666666666667,3,0.76428,79.08,25,78.75,4,79.66666666666667,1.8333333333333333,2,4,0,1.8,7.0,2.0,4.0,18.07955747629941,High Performer,False,False,False,False,False,False,0.2068504396425848,594,Good
S2371,Pamela Weaver,Male,2026-05-05,Medium,7.299979940879373,0.6666666666666666,0.75,12.25,4,0.6877,69.46666666666667,30,70.25,4,77.66666666666667,3.6666666666666665,0,6,0,1.6,5.0,3.0,5.0,7.299979940879373,At Risk,True,False,False,True,False,False,0.3517733834811349,1549,Good
S2372,John Oliver,Female,2025-12-31,Medium,11.262328741464971,0.8333333333333334,0.75,11.0,4,0.7019166666666666,72.25,24,77.0,2,84.83333333333333,4.833333333333333,1,5,0,1.0,8.0,0.0,4.0,11.262328741464971,Average Performer,False,False,False,False,False,False,0.27168584481300423,1174,Good
S2373,William Prince PhD,Female,2025-12-15,Medium,9.724718561506208,0.9,0.6666666666666666,12.933333333333332,3,0.7695555555555555,76.33333333333333,27,70.66666666666667,3,80.16666666666667,3.1666666666666665,2,3,1,1.7,5.0,4.0,4.0,9.724718561506208,High Performer,False,False,False,True,False,False,0.2582382035962345,914,Good
S2374,William Moon IV,Male,2026-02-17,Low,10.811230335249892,0.8333333333333334,0.5,11.0,4,0.7908333333333334,78.41666666666667,24,69.5,4,80.16666666666667,5.666666666666667,0,6,0,1.0,7.0,2.0,2.0,10.811230335249892,Average Performer,False,False,False,False,False,True,0.2681385908285419,1261,Good
S2375,Kenneth Brown,Female,2025-05-02,Low,11.904763481379874,0.6666666666666666,0.5,13.95,2,0.7094782608695651,69.52173913043478,23,66.33333333333333,3,75.0,6.333333333333333,0,6,0,1.5,2.0,3.0,2.0,11.904763481379874,At Risk,True,False,False,False,False,True,0.34556127970234746,1662,Good
S2376,Karen Fernandez,Male,2026-04-06,Low,6.818473241937252,0.6666666666666666,1.0,10.133333333333333,3,0.7183181818181819,71.13636363636364,22,68.33333333333333,3,71.83333333333333,5.833333333333333,1,5,0,1.9,7.0,1.0,4.0,6.818473241937252,At Risk,True,False,False,True,False,True,0.3563750290163691,1558,Good
S2377,Jennifer Parks,Female,2025-07-28,High,19.88076061982137,0.8,0.6666666666666666,11.800000000000002,3,0.718037037037037,70.25925925925925,27,69.66666666666667,3,90.16666666666669,2.5,1,5,0,2.900999999999999,7.0,3.0,4.0,19.88076061982137,Average Performer,False,False,False,False,False,False,0.2603036540060021,724,Good
S2378,William Wolfe,Male,2026-04-09,High,14.424226485251785,0.8333333333333334,0.75,10.25,4,0.7710689655172414,78.58620689655173,29,79.66666666666667,3,79.33333333333333,3.5,1,5,0,1.4,8.0,1.0,5.0,14.424226485251785,Average Performer,False,False,False,False,False,False,0.24595207746503145,943,Good
S2379,Michael Smith,Female,2026-05-13,Medium,16.831009912711657,0.8,0.25,13.675,4,0.8070909090909091,81.63636363636364,22,70.33333333333333,3,75.66666666666667,4.0,1,5,0,2.1,9.0,2.0,4.0,16.831009912711657,Average Performer,False,False,False,False,False,False,0.26162853582428147,986,Good
S2380,Kevin Nguyen,Male,2024-11-29,Medium,9.856013227173245,0.6666666666666666,1.0,12.475,4,0.7273999999999999,73.6,25,82.0,3,84.33333333333333,2.6666666666666665,2,4,0,1.6,10.0,3.0,5.0,9.856013227173245,At Risk,True,False,False,True,False,False,0.29997330026540026,974,Good
S2381,Debbie Dunn,Male,2025-11-21,Medium,8.710873070233799,1.0,0.6666666666666666,8.966666666666667,3,0.7097142857142857,71.17857142857143,28,73.0,3,84.5,3.1666666666666665,1,5,0,1.0,8.0,0.0,5.0,8.710873070233799,Average Performer,False,False,False,True,False,False,0.2425585316101298,991,Good
S2382,John Austin,Other,2025-01-03,High,16.198568304388218,0.9333333333333332,0.5,8.4,2,0.8154666666666667,83.53333333333333,30,77.25,4,72.83333333333333,3.1666666666666665,1,5,0,2.0,6.0,1.0,1.0,16.198568304388218,High Performer,False,False,False,False,False,False,0.21778024590569617,665,Good
S2383,Jonathan Clark,Male,2025-03-03,Medium,1.275913258290485,0.9666666666666668,1.0,23.027249999999995,3,0.7287407407407407,74.33333333333333,27,76.5,4,77.83333333333333,2.5,3,3,0,1.5,10.0,3.0,3.0,1.275913258290485,Average Performer,False,False,False,True,False,False,0.2667713279653849,956,Good
S2384,Jacqueline Dickerson,Female,2026-01-14,High,9.379375475785164,0.8,1.0,11.1,3,0.7986071428571428,80.82142857142857,28,91.5,2,88.66666666666667,3.8333333333333335,2,4,0,2.1,6.0,1.0,4.0,9.379375475785164,Average Performer,False,False,False,True,False,False,0.22096941845339418,193,Good
S2385,Christopher Anderson,Male,2026-02-28,Low,5.5379522134949815,0.7,0.6666666666666666,8.766666666666667,3,0.5914919565217391,59.51834838709678,27,62.0,4,74.33333333333333,2.1666666666666665,1,5,0,1.0,7.0,2.0,2.0,5.5379522134949815,Average Performer,True,False,False,True,False,False,0.39820753250974084,1845,Good
S2386,Crystal Garcia,Female,2024-10-01,High,16.368896044907135,0.9666666666666668,0.75,9.175,4,0.836608695652174,83.3913043478261,23,76.33333333333333,3,85.5,3.5,0,6,0,2.2,7.0,0.0,3.0,16.368896044907135,High Performer,False,False,False,False,False,False,0.1855118178587466,142,Excellent
S2387,David Reynolds,Male,2025-12-27,Medium,13.559956014157128,0.8333333333333334,0.3333333333333333,7.866666666666667,3,0.7745714285714286,78.78571428571429,28,73.0,3,73.83333333333333,3.1666666666666665,2,4,0,2.4,10.0,2.0,4.0,13.559956014157128,Average Performer,False,False,False,False,False,False,0.2686453480598453,963,Good
S2388,Charles Haley,Other,2025-08-06,High,11.424245439029342,0.9666666666666668,0.6666666666666666,21.23333333333333,3,0.77496,73.24,25,86.0,2,78.16666666666667,1.6666666666666667,1,5,0,2.1,8.0,0.0,4.0,11.424245439029342,High Performer,False,False,False,False,False,False,0.20803471973575993,379,Good
S2389,Robert Thompson,Male,2024-11-04,Medium,10.495065440566515,0.7666666666666667,1.0,18.666666666666668,3,0.7918461538461539,78.61538461538461,26,74.5,4,90.16666666666669,2.5,2,4,0,2.1,8.0,3.0,5.0,10.495065440566515,Average Performer,False,False,False,False,False,False,0.26029182357807085,533,Good
S2390,Dr. Samuel Holmes DDS,Male,2024-12-08,Medium,11.499078162178249,0.8333333333333334,0.6666666666666666,9.4,3,0.76744,78.04,25,77.33333333333333,3,82.5,3.1666666666666665,1,5,0,1.0,5.0,1.0,4.0,11.499078162178249,Average Performer,False,False,False,False,False,False,0.25427030459455435,1048,Good
S2391,Elizabeth Hart,Male,2024-12-28,Low,6.831102655040438,0.6666666666666666,0.75,12.35,4,0.8035483870967742,83.7741935483871,31,66.66666666666667,3,67.16666666666667,7.0,0,6,0,1.0,10.0,3.0,2.0,6.831102655040438,At Risk,True,False,False,True,False,True,0.34110772723336663,1645,Good
S2392,Jennifer Vaughn,Male,2024-11-25,Low,3.3014269315632503,0.8666666666666667,0.0,10.3,2,0.7203076923076923,72.6923076923077,26,68.0,2,71.16666666666667,2.833333333333333,2,4,0,2.0,7.0,1.0,3.0,3.3014269315632503,Average Performer,False,False,False,True,False,False,0.3162374583121175,1327,Good
S2393,Robert Woods,Female,2025-11-09,Medium,13.564262207876318,1.0,1.0,8.925,4,0.6789310344827586,68.20689655172414,29,72.33333333333333,3,82.33333333333333,2.333333333333333,2,4,0,2.5,7.0,2.0,4.0,13.564262207876318,Average Performer,False,False,False,False,False,False,0.24424336746881503,651,Good
S2394,Joanna Cook,Male,2025-08-13,Low,8.047455341375592,0.9,0.6666666666666666,12.2,3,0.6089032258064516,63.32258064516129,31,73.0,2,79.0,3.333333333333333,1,5,0,1.2,6.0,1.0,3.0,8.047455341375592,Average Performer,False,False,False,True,False,False,0.30771039390462557,1394,Good
S2395,Justin Frederick,Female,2024-10-13,Low,4.146481225892735,0.5333333333333333,0.75,13.125,4,0.6497241379310345,65.96551724137932,29,70.25,4,71.0,5.666666666666667,1,5,0,1.4,6.0,1.0,2.0,4.146481225892735,At Risk,True,False,False,True,False,True,0.41438322222262447,1769,Average
S2396,Alejandro Martinez,Male,2026-04-04,Low,7.184622106265424,0.6333333333333333,0.75,8.725,4,0.7801428571428571,75.0,21,73.0,4,80.33333333333333,3.6666666666666665,0,6,0,1.9,8.0,2.0,7.0,7.184622106265424,At Risk,True,False,False,True,False,False,0.32316225425814604,1095,Good
S2397,Tracey Gonzalez,Male,2025-06-15,Low,2.855342503670464,0.6333333333333333,0.5,6.875,4,0.6495,66.29166666666667,24,65.66666666666667,3,74.83333333333333,3.1666666666666665,0,6,0,1.2,5.0,2.0,5.0,2.855342503670464,At Risk,True,False,False,True,False,False,0.3960949770741572,1789,Good
S2398,Mariah Thompson,Female,2025-08-14,High,14.970675565550266,0.9333333333333332,1.0,17.0,3,0.8772903225806452,86.80645161290323,31,77.66666666666667,3,75.16666666666667,1.5,3,3,0,1.9,8.0,3.0,7.0,14.970675565550266,High Performer,False,False,False,False,False,False,0.19796954764526414,539,Excellent
S2399,Heather Nunez,Female,2025-03-19,Medium,19.1889458948486,0.7,0.75,7.325,4,0.73908,76.08,25,76.66666666666667,3,90.33333333333331,2.6666666666666665,2,4,0,2.2,6.0,2.0,4.0,19.1889458948486,Average Performer,True,False,False,False,False,False,0.26647030192954524,692,Good
S2400,Dr. Steve James,Male,2025-01-25,High,17.86806311670681,0.8666666666666667,0.6666666666666666,12.066666666666668,3,0.8345416666666666,84.33333333333333,24,86.0,3,74.66666666666667,1.3333333333333333,4,2,0,2.1,8.0,3.0,6.0,17.86806311670681,High Performer,False,False,False,False,False,False,0.2043006755415663,496,Good
S2401,Mark Thomas,Male,2025-01-05,High,22.53202991716797,0.9666666666666668,0.6666666666666666,18.133333333333333,3,0.864103448275862,89.3103448275862,29,88.0,4,86.66666666666667,2.833333333333333,3,3,0,2.9,4.0,1.0,3.0,22.53202991716797,High Performer,False,False,False,False,False,False,0.13677222405765477,2,Excellent
S2402,Robert Rogers,Male,2025-10-02,Low,4.440368477413162,0.4333333333333333,0.75,6.925,4,0.6917407407407408,71.70370370370371,27,60.75,4,71.0,4.166666666666667,1,5,0,1.0,4.0,2.0,4.0,4.440368477413162,At Risk,True,False,False,True,False,False,0.4450435232509115,1866,Average
S2403,Laura Sweeney,Female,2024-09-01,Medium,17.130548239567034,0.9333333333333332,0.4,16.96,5,0.7906896551724137,77.72413793103448,29,93.0,2,83.33333333333333,2.1666666666666665,3,3,0,2.1,8.0,1.0,3.0,17.130548239567034,High Performer,False,False,False,False,False,False,0.17563339951602497,155,Excellent
S2404,Christopher Perez,Female,2024-08-10,Medium,12.179466525735478,0.6666666666666666,0.3333333333333333,14.733333333333334,3,0.68188,69.4,25,75.0,4,81.5,3.0,0,6,0,1.9,4.0,1.0,5.0,12.179466525735478,At Risk,True,False,False,False,False,False,0.3260706670189946,1231,Good
S2405,Eddie Adams,Male,2025-05-01,Low,10.095946647575897,0.6333333333333333,1.0,9.15,2,0.6721379310344828,69.89655172413794,29,66.25,4,79.33333333333333,4.333333333333333,0,6,0,1.3,7.0,2.0,4.0,10.095946647575897,At Risk,True,False,False,False,False,False,0.3632854207373821,1668,Good
S2406,Denise Wallace,Female,2026-06-11,Low,1.236392286001486,0.7333333333333333,0.6666666666666666,9.166666666666666,3,0.7598461538461538,74.88461538461539,26,63.75,4,84.16666666666667,3.1666666666666665,0,6,0,1.0,7.0,3.0,1.0,1.236392286001486,Average Performer,True,False,False,True,False,False,0.3318718397978168,1417,Good
S2407,Heidi Matthews,Female,2025-02-14,Low,7.804583356222917,0.7333333333333333,0.0,5.675,4,0.6122962962962963,60.81481481481482,27,65.75,4,84.16666666666667,7.0,0,5,1,1.5,6.0,1.0,5.0,7.804583356222917,Average Performer,True,False,False,True,False,True,0.3557163193872205,1459,Good
S2408,Jennifer White,Female,2025-04-30,High,22.88625718844952,1.0,0.75,20.575,4,0.8146153846153846,79.73076923076923,26,80.0,2,85.33333333333333,0.6666666666666666,2,4,0,1.8,10.0,3.0,4.0,22.628166883106164,High Performer,False,False,False,False,False,False,0.1610449674076192,178,Excellent
S2409,Nicholas Stanley,Female,2026-01-03,High,16.474678780311844,0.8333333333333334,0.6666666666666666,12.533333333333331,3,0.8248928571428572,84.82142857142857,28,86.66666666666667,3,87.16666666666667,1.0,3,3,0,1.5,6.0,2.0,4.0,16.474678780311844,Average Performer,False,False,False,False,False,False,0.19892877923969654,335,Excellent
S2410,Mercedes Miller,Male,2024-11-27,Medium,12.656039206863102,1.0,0.5,7.475,4,0.7536451612903226,74.93548387096774,31,88.33333333333333,3,86.16666666666667,3.333333333333333,1,5,0,1.6,8.0,2.0,5.0,12.656039206863102,High Performer,False,False,False,False,False,False,0.1863496869290788,263,Excellent
S2411,Brian Brown,Male,2024-12-09,High,16.42207640770387,0.9,1.0,13.166666666666666,3,0.7495357142857142,79.14285714285714,28,85.5,2,78.16666666666667,0.6666666666666666,3,3,0,1.9,8.0,3.0,4.0,16.42207640770387,Average Performer,False,False,False,False,False,False,0.22083409469502607,658,Good
S2412,Kimberly Johnson,Male,2026-05-01,High,14.160080366859692,0.9,1.0,12.05,4,0.7932692307692307,76.8076923076923,26,82.5,2,90.83333333333331,1.5,3,3,0,2.4,5.0,2.0,3.0,14.160080366859692,High Performer,False,False,False,False,False,False,0.2003690298520816,116,Good
S2413,Phillip Miller,Male,2026-05-25,Medium,7.199592273531314,0.7333333333333333,0.5,12.025,4,0.7189642857142857,71.75,28,69.0,2,86.0,3.333333333333333,0,6,0,1.0,8.0,3.0,4.0,7.199592273531314,Average Performer,True,False,False,True,False,False,0.3159784002685527,1408,Good
S2414,Christopher Pena,Female,2026-06-21,Low,12.17828419003606,0.8333333333333334,0.25,14.075,4,0.6643333333333333,69.70370370370371,27,68.25,4,75.16666666666667,1.5,3,3,0,1.4,8.0,3.0,5.0,12.17828419003606,Average Performer,False,False,False,False,False,False,0.3126709561915765,1567,Good
S2415,Ellen Wright,Female,2025-08-22,Medium,11.785157935085826,0.7333333333333333,1.0,10.233333333333334,3,0.7555999999999999,73.53333333333333,30,73.0,3,78.66666666666667,4.333333333333333,1,4,1,1.4,5.0,0.0,2.0,11.785157935085826,Average Performer,True,False,False,False,False,False,0.2965237718289521,1332,Good
S2416,Mark Anderson,Male,2024-08-20,Medium,11.26591266798921,0.7333333333333333,0.5,13.4,2,0.7978799999999999,83.08,25,73.0,3,75.33333333333333,4.833333333333333,0,6,0,1.0,4.0,1.0,4.0,11.26591266798921,Average Performer,True,False,False,False,False,False,0.2901378849966937,1438,Good
S2417,Alyssa Alvarado,Male,2026-04-14,Medium,15.857671516426572,0.7666666666666667,0.0,12.266666666666666,3,0.7055652173913044,73.47826086956522,23,70.0,2,79.16666666666667,3.8333333333333335,0,6,0,2.900999999999999,8.0,3.0,7.0,15.857671516426572,Average Performer,False,False,False,False,False,False,0.2982695893248756,1139,Good
S2418,Erika Alvarez,Male,2024-09-14,High,14.207266772668982,0.8333333333333334,0.75,14.3,4,0.7542258064516129,75.7741935483871,31,80.0,4,86.5,2.5,1,5,0,2.1,7.0,2.0,4.0,14.207266772668982,Average Performer,False,False,False,False,False,False,0.24013075779951032,493,Good
S2419,Kimberly Nelson,Female,2025-04-15,High,11.002510787330497,0.9666666666666668,0.6666666666666666,22.83333333333333,3,0.7928928571428572,80.71428571428571,28,88.0,2,84.5,2.333333333333333,2,4,0,1.0,8.0,4.0,6.0,11.002510787330497,High Performer,False,False,False,False,False,False,0.19020919922214993,455,Excellent
S2420,Wayne Wolfe,Male,2025-06-26,Low,2.122760579747588,0.6333333333333333,0.3333333333333333,8.633333333333333,3,0.62608,61.72,25,66.5,2,74.16666666666667,2.6666666666666665,1,5,0,1.0,6.0,2.0,2.0,2.122760579747588,At Risk,True,False,False,True,False,False,0.4042857652172977,1834,Average
S2421,Kyle Welch,Female,2024-10-23,Medium,5.58625199156679,0.9333333333333332,0.25,11.95,4,0.7151851851851851,73.81481481481481,27,88.0,4,82.16666666666667,1.6666666666666667,1,5,0,1.0,10.0,1.0,3.0,5.58625199156679,Average Performer,False,False,False,True,False,False,0.23889548113219417,848,Good
S2422,Kristy Mills,Male,2025-11-18,Low,5.628129224655822,0.7666666666666667,0.5,7.6,2,0.7377083333333333,72.33333333333333,24,80.0,4,78.5,4.833333333333333,0,6,0,1.0,8.0,1.0,3.0,5.628129224655822,Average Performer,False,False,False,True,False,False,0.29520051027169375,1342,Good
S2423,Emily Reed,Male,2025-01-19,High,15.49876590874588,0.8333333333333334,1.0,9.2,3,0.7598076923076923,75.53846153846153,26,65.5,2,84.83333333333333,3.5,3,2,1,1.3,9.0,4.0,4.0,15.49876590874588,Average Performer,False,False,False,False,False,False,0.2667274442024943,1137,Good
S2424,Regina Ramos,Other,2024-10-28,Low,2.08677414490536,0.6666666666666666,0.25,11.775,4,0.7339629629629629,72.0,27,70.75,4,73.5,4.5,1,5,0,1.0,6.0,2.0,3.0,2.08677414490536,At Risk,True,False,False,True,False,False,0.3561775090821811,1715,Good
S2425,David Torres,Other,2025-10-06,Medium,6.857400727667361,0.9333333333333332,1.0,16.433333333333334,3,0.8406,85.53333333333333,30,87.33333333333333,3,86.16666666666667,2.833333333333333,1,5,0,1.3,8.0,3.0,6.0,6.857400727667361,High Performer,False,False,False,True,False,False,0.19342649818083163,217,Excellent
S2426,Robert Charles,Male,2025-01-17,Medium,16.047782698322937,0.8,0.5,12.55,4,0.6746153846153846,70.65384615384616,26,86.66666666666667,3,75.5,3.0,1,5,0,1.8,8.0,1.0,5.0,16.047782698322937,Average Performer,False,False,False,False,False,False,0.27091259453624394,1112,Good
S2427,John Smith,Female,2025-08-08,Medium,12.476132983558404,0.8666666666666667,1.0,11.025,4,0.729,70.66666666666667,27,86.0,2,88.83333333333333,2.333333333333333,3,3,0,1.1,9.0,0.0,3.0,12.476132983558404,Average Performer,False,False,False,False,False,False,0.22819300087443734,690,Good
S2428,Theresa Woods,Female,2025-02-12,Low,13.305977355227869,0.7,0.5,13.225,4,0.7088695652173912,73.82608695652173,23,88.5,2,84.33333333333333,2.333333333333333,2,4,0,2.1,10.0,0.0,6.0,13.305977355227869,Average Performer,True,False,False,False,False,False,0.275574187046713,712,Good
S2429,Jeffrey Carter,Female,2025-04-17,Medium,5.807011363729034,0.8666666666666667,1.0,8.525,4,0.7499655172413793,76.24137931034483,29,77.5,4,74.0,1.5,2,4,0,1.8,10.0,1.0,5.0,5.807011363729034,Average Performer,False,False,False,True,False,False,0.277826149751597,1043,Good
S2430,Adam Brooks,Male,2026-03-28,Medium,6.520756446677599,0.7333333333333333,0.0,10.733333333333334,3,0.6921851851851852,66.66666666666667,27,67.25,4,72.16666666666667,4.166666666666667,0,6,0,1.2,5.0,1.0,5.0,6.520756446677599,Average Performer,True,False,False,True,False,False,0.34995921999441715,1733,Good
S2431,Justin Foster,Female,2025-04-28,Low,6.254201074014073,0.6,0.6,4.9,5,0.7694074074074074,73.22222222222223,27,64.5,4,74.66666666666667,3.5,0,6,0,1.0,7.0,2.0,0.0,6.254201074014073,At Risk,True,False,False,True,False,False,0.36254227509274256,1721,Good
S2432,Omar Price,Female,2026-03-16,Low,8.370184532472752,0.6333333333333333,0.5,4.65,2,0.6534399999999999,66.28,25,63.0,2,74.0,3.8333333333333335,2,4,0,1.3,7.0,2.0,2.0,8.370184532472752,At Risk,True,False,False,True,False,False,0.3877092053354848,1796,Good
S2433,Dennis Henderson,Female,2024-09-01,Medium,3.6050288586172776,0.8666666666666667,0.6666666666666666,18.866666666666667,3,0.8139583333333333,77.33333333333333,24,72.25,4,75.66666666666667,2.1666666666666665,2,4,0,1.4,9.0,3.0,4.0,3.6050288586172776,High Performer,False,False,False,True,False,False,0.2721332611867901,1079,Good
S2434,Phillip Kent,Male,2026-03-17,Medium,20.015966957117445,0.8333333333333334,0.75,17.25,4,0.7636538461538461,77.5,26,80.0,2,76.83333333333333,2.6666666666666665,2,3,1,1.8,9.0,3.0,5.0,20.015966957117445,Average Performer,False,False,False,False,False,False,0.2372805954277192,896,Good
S2435,Melinda Mitchell,Male,2026-06-08,Medium,9.093766023003594,0.6333333333333333,0.3333333333333333,11.5,3,0.6984230769230769,72.65384615384616,26,67.0,2,82.5,4.333333333333333,1,5,0,1.1,7.0,3.0,5.0,9.093766023003594,At Risk,True,False,False,True,False,False,0.35165532853223463,1581,Good
S2436,Rhonda Gutierrez,Male,2025-10-02,High,10.28719952214558,0.9,0.6666666666666666,14.2,3,0.8649285714285714,88.46428571428571,28,73.66666666666667,3,87.83333333333333,4.0,0,6,0,1.4,10.0,2.0,5.0,10.28719952214558,High Performer,False,False,False,False,False,False,0.21072009643273132,458,Good
S2437,Catherine Roberts,Female,2025-02-19,Medium,15.252461662412852,0.8666666666666667,1.0,9.425,4,0.8462857142857143,84.78571428571429,28,73.5,2,73.66666666666667,2.1666666666666665,1,5,0,2.1,7.0,2.0,5.0,15.252461662412852,High Performer,False,False,False,False,False,False,0.2338164648915869,772,Good
S2438,Lisa Nelson,Male,2026-06-23,Low,3.866728896108384,0.7,1.0,6.1000000000000005,4,0.7407407407407407,75.14814814814815,27,67.0,2,85.66666666666667,5.166666666666667,1,4,1,1.0,6.0,3.0,3.0,3.866728896108384,Average Performer,True,False,False,True,False,True,0.33061095553750686,1413,Good
S2439,Chelsea Smith,Female,2024-11-21,Low,6.576673786999249,0.8,0.75,8.85,4,0.7043225806451613,72.96774193548387,31,73.0,2,67.16666666666667,2.333333333333333,3,3,0,1.6,5.0,0.0,3.0,6.576673786999249,Average Performer,False,False,False,True,False,False,0.3255115413389535,1492,Good
S2440,Joseph Lopez,Other,2026-05-20,Medium,2.684101937230213,0.8666666666666667,0.3333333333333333,9.966666666666669,3,0.765375,73.79166666666667,24,69.0,2,79.66666666666667,3.1666666666666665,1,5,0,1.0,9.0,0.0,5.0,2.684101937230213,Average Performer,False,False,False,True,False,False,0.28951057849025774,1311,Good
S2441,Derrick Espinoza,Male,2026-01-14,Medium,17.784123566377176,1.0,1.0,17.55,2,0.8064642857142857,82.71428571428571,28,82.33333333333333,3,90.16666666666669,3.333333333333333,3,3,0,1.6,10.0,2.0,3.0,17.784123566377176,High Performer,False,False,False,False,False,False,0.16368373870310465,143,Excellent
S2442,Crystal Hernandez,Female,2026-06-05,High,11.363194906956986,0.9333333333333332,0.3333333333333333,9.266666666666667,3,0.8149130434782608,83.8695652173913,23,92.5,2,82.16666666666667,1.1666666666666667,4,2,0,1.1,10.0,2.0,4.0,11.363194906956986,High Performer,False,False,False,False,False,False,0.18553476635579597,432,Excellent
S2443,Glenn Collins DDS,Male,2025-08-31,Low,4.621856804735929,0.7333333333333333,1.0,11.933333333333332,3,0.6913846153846154,68.03846153846153,26,71.0,4,76.0,4.333333333333333,1,5,0,2.0,7.0,1.0,4.0,4.621856804735929,Average Performer,True,False,False,True,False,False,0.3416966400394422,1407,Good
S2444,Mrs. Raven Rivera DVM,Female,2025-11-08,Low,13.453501157718891,0.9,0.6666666666666666,16.233333333333334,3,0.7974545454545455,76.68181818181819,22,67.5,2,87.83333333333333,3.0,1,5,0,1.7,9.0,3.0,3.0,13.453501157718891,Average Performer,False,False,False,False,False,False,0.2353798834693391,616,Good
S2445,Amy Rowe,Male,2025-12-29,Medium,13.31411073501776,0.8333333333333334,0.75,7.375,4,0.7922857142857144,76.92857142857143,28,74.33333333333333,3,83.33333333333333,5.0,1,5,0,1.9,7.0,1.0,6.0,13.31411073501776,Average Performer,False,False,False,False,False,False,0.2470290088767413,680,Good
S2446,John Lee,Female,2024-10-15,Low,7.077395309341809,0.7,0.3333333333333333,9.8,3,0.81036,81.4,25,70.66666666666667,3,72.33333333333333,6.833333333333333,0,6,0,1.0,6.0,3.0,2.0,7.077395309341809,Average Performer,True,False,False,True,False,True,0.3143651783933122,1521,Good
S2447,Ruth Clayton,Female,2026-01-26,Medium,7.319723057331368,0.7666666666666667,0.4,12.66,5,0.7539615384615386,74.1923076923077,26,74.0,3,80.0,2.333333333333333,3,3,0,1.3,8.0,0.0,5.0,7.319723057331368,Average Performer,False,False,False,True,False,False,0.29584556415154334,1253,Good
S2448,Randy Wright,Female,2024-09-04,Medium,5.323263184177412,0.8333333333333334,0.3333333333333333,15.633333333333333,3,0.7148275862068966,73.24137931034483,29,64.25,4,81.16666666666667,3.5,0,6,0,1.4,6.0,1.0,2.0,5.323263184177412,Average Performer,False,False,False,True,False,False,0.3136602328441542,1375,Good
S2449,Jessica Rojas,Female,2026-07-16,High,20.067984832371632,0.9,1.0,12.0,3,0.8663333333333333,85.76666666666667,30,84.0,4,83.33333333333333,3.6666666666666665,0,6,0,2.900999999999999,7.0,1.0,4.0,20.067984832371632,High Performer,False,False,False,False,False,False,0.17193003791907097,78,Excellent
S2450,Joel Wise,Female,2025-07-02,Medium,3.2269763980553607,0.8666666666666667,0.25,9.825,4,0.8006785714285715,79.35714285714286,28,76.33333333333333,3,76.66666666666667,1.1666666666666667,3,3,0,1.0,5.0,2.0,6.0,3.2269763980553607,High Performer,False,False,False,True,False,False,0.26739565424295686,1150,Good
S2451,Vickie Kennedy,Female,2026-04-08,Medium,10.174225289918644,0.8,0.6666666666666666,6.066666666666666,3,0.8308214285714285,84.35714285714286,28,72.5,2,74.66666666666667,1.8333333333333333,4,2,0,1.3,7.0,0.0,5.0,10.174225289918644,Average Performer,False,False,False,False,False,False,0.2683180082037748,1195,Good
S2452,Emily Morris,Female,2025-07-17,Medium,12.468038584495195,0.9333333333333332,0.3333333333333333,11.866666666666667,3,0.7418888888888888,73.44444444444444,27,72.5,2,76.0,5.0,1,5,0,1.4,9.0,1.0,4.0,12.468038584495195,Average Performer,False,False,False,False,False,False,0.2539299035387621,1169,Good
S2453,Amanda Pineda,Female,2026-05-11,Medium,15.532206830241368,0.8,0.3333333333333333,8.0,3,0.816625,82.08333333333333,24,75.5,4,76.16666666666667,7.0,0,5,1,2.2,7.0,2.0,4.0,15.532206830241368,Average Performer,False,False,False,False,False,True,0.25093198292439656,798,Good
S2454,Dawn Little,Male,2026-03-06,Low,3.371988137751267,0.8333333333333334,0.5,8.7,4,0.76232,77.72,25,62.25,4,73.83333333333333,1.6666666666666667,1,5,0,1.2,3.0,3.0,4.0,3.371988137751267,Average Performer,False,False,False,True,False,False,0.31929069632228846,1520,Good
S2455,Stephen Boyer,Female,2024-10-21,High,22.25630868354008,0.9666666666666668,1.0,15.575,4,0.8780416666666667,90.60857142857144,24,85.25,4,91.16666666666669,3.333333333333333,2,4,0,2.1,10.0,3.0,4.0,22.25630868354008,High Performer,False,False,False,False,False,False,0.13203006162448305,12,Excellent
S2456,Brian Chen,Female,2024-10-17,Medium,13.66218301668401,0.8333333333333334,0.75,10.675,4,0.6949565217391305,70.73913043478261,23,86.0,2,86.83333333333333,4.166666666666667,1,5,0,2.0,5.0,1.0,4.0,13.66218301668401,Average Performer,False,False,False,False,False,False,0.2467742526032175,550,Good
S2457,Christopher Hill,Female,2026-03-26,Medium,9.03795441511314,0.8,0.6666666666666666,13.066666666666668,3,0.7320454545454546,75.5909090909091,22,73.0,4,87.33333333333333,5.0,1,5,0,1.0,6.0,1.0,6.0,9.03795441511314,Average Performer,False,False,False,True,False,False,0.2807914775985808,1175,Good
S2458,Richard Smith,Male,2025-11-13,Medium,11.818913251799897,0.9333333333333332,0.75,12.925,4,0.81084375,78.40625,32,83.66666666666667,3,80.16666666666667,1.5,3,3,0,1.5,8.0,2.0,4.0,11.818913251799897,High Performer,False,False,False,False,False,False,0.20628292520383362,492,Good
S2459,Richard Alvarez,Female,2025-11-12,Medium,20.731950446672027,0.6,1.0,10.4,3,0.7678181818181818,76.86363636363636,22,76.0,2,73.66666666666667,3.6666666666666665,1,5,0,1.4,5.0,3.0,4.0,20.731950446672027,At Risk,True,False,False,False,False,False,0.30532466933786534,1443,Good
S2460,Jacqueline Davis,Male,2026-03-26,Medium,7.351891871373327,0.8666666666666667,0.75,15.25,4,0.7630416666666666,72.58333333333333,24,87.5,2,81.66666666666667,4.666666666666667,0,6,0,1.7,9.0,2.0,5.0,7.351891871373327,High Performer,False,False,False,True,False,False,0.23854110365490006,565,Good
S2461,Brandon Montgomery,Female,2026-05-24,High,18.493200822840056,0.9333333333333332,1.0,21.25,4,0.8357307692307692,80.23076923076923,26,85.0,3,80.5,3.8333333333333335,1,5,0,2.2,7.0,4.0,4.0,18.493200822840056,High Performer,False,False,False,False,False,False,0.17896443384033578,176,Excellent
S2462,Yolanda Garrett,Male,2024-10-14,Medium,2.419965806369584,0.8333333333333334,0.3333333333333333,9.833333333333334,3,0.7102222222222222,70.85185185185185,27,69.0,3,80.83333333333333,3.5,0,6,0,1.6,5.0,2.0,6.0,2.419965806369584,Average Performer,False,False,False,True,False,False,0.31330008548407606,1266,Good
S2463,Matthew Miles,Female,2026-04-27,Medium,13.059910784869931,1.0,0.75,12.65,4,0.87588,86.68,25,81.0,2,86.5,2.0,2,4,0,2.1,7.0,3.0,6.0,13.059910784869931,High Performer,False,False,False,False,False,False,0.1628362230378252,35,Excellent
S2464,Beth Hall,Other,2025-10-06,High,16.528769269045956,0.9333333333333332,0.5,16.775,4,0.8042083333333333,77.25,24,75.33333333333333,3,83.66666666666667,2.5,2,4,0,2.2,7.0,4.0,4.0,16.528769269045956,High Performer,False,False,False,False,False,False,0.20791557682738512,332,Good
S2465,Dr. Nicole Trujillo,Male,2024-08-28,Medium,13.243882566337309,0.9,0.75,7.725,4,0.7210384615384615,71.03846153846153,26,83.5,4,82.83333333333333,3.6666666666666665,2,4,0,2.0,8.0,2.0,7.0,13.243882566337309,Average Performer,False,False,False,False,False,False,0.2343287551226183,562,Good
S2466,Corey Norris,Other,2025-08-25,Medium,10.7530580548622,0.8666666666666667,0.75,9.925,4,0.7662500000000001,78.42857142857143,28,75.25,4,85.16666666666667,3.333333333333333,2,4,0,2.0,8.0,0.0,4.0,10.7530580548622,High Performer,False,False,False,False,False,False,0.24832568819617779,582,Good
S2467,Chad Roach,Male,2024-10-16,Medium,4.422418798448914,0.9666666666666668,0.25,14.175,4,0.7677777777777778,79.70370370370371,27,73.5,2,76.16666666666667,3.6666666666666665,1,5,0,1.8,8.0,0.0,4.0,4.422418798448914,High Performer,False,False,False,True,False,False,0.25569395300387765,850,Good
S2468,Mr. Edward Terry,Female,2024-12-03,Low,6.254773895197448,0.5333333333333333,0.3333333333333333,11.166666666666666,3,0.7590344827586207,73.96551724137932,29,70.0,2,74.5,5.833333333333333,0,6,0,1.0,7.0,2.0,5.0,6.254773895197448,At Risk,True,False,False,True,False,True,0.37156938710108683,1711,Good
S2469,Cody Bailey,Female,2025-11-28,High,22.2881678089625,0.8666666666666667,0.6666666666666666,16.766666666666666,3,0.8104074074074075,76.74074074074075,27,86.0,2,84.83333333333333,1.6666666666666667,3,3,0,2.1,10.0,3.0,4.0,22.2881678089625,High Performer,False,False,False,False,False,False,0.18524069158870485,200,Excellent
S2470,Denise Guerra,Female,2024-10-26,High,15.520753679312836,1.0,1.0,9.1,5,0.7768148148148148,77.22222222222223,27,84.66666666666667,3,92.16833333333334,2.6666666666666665,0,6,0,1.6,8.0,3.0,5.0,15.520753679312836,High Performer,False,False,False,False,False,False,0.1705678380239401,163,Excellent
S2471,Kristen Jones,Female,2026-06-03,Low,5.731269018385498,0.6333333333333333,0.6666666666666666,6.6000000000000005,3,0.6028235294117646,60.6764705882353,34,67.0,4,80.16666666666667,1.1666666666666667,3,3,0,1.9,7.0,0.0,8.0,5.731269018385498,At Risk,True,False,False,True,False,False,0.3922414352971735,1513,Good
S2472,Edward Baker,Female,2025-01-02,Medium,2.8558975560709614,0.5666666666666667,1.0,8.55,2,0.72528125,73.40625,32,63.5,2,82.33333333333333,3.5,2,4,0,1.6,7.0,3.0,2.0,2.8558975560709614,At Risk,True,False,False,True,False,False,0.38310921444315593,1467,Good
S2473,Aaron Little,Male,2026-07-04,Medium,12.023179921560208,0.8333333333333334,0.3333333333333333,10.4,3,0.7676538461538461,78.53846153846153,26,81.0,4,75.66666666666667,2.6666666666666665,2,4,0,1.7,6.0,1.0,6.0,12.023179921560208,Average Performer,False,False,False,False,False,False,0.2558125630166123,939,Good
S2474,Cody Smith,Male,2025-05-03,Low,8.047371886334776,0.8,0.25,9.3,4,0.7246250000000001,71.375,24,71.0,4,76.83333333333333,4.166666666666667,1,5,0,2.0,9.0,1.0,5.0,8.047371886334776,Average Performer,False,False,False,True,False,False,0.305244070284163,1236,Good
S2475,Patty Allen,Female,2024-11-25,Low,6.386929440958791,0.8333333333333334,0.6666666666666666,10.166666666666666,3,0.7191923076923078,74.76923076923077,26,67.5,2,73.66666666666667,5.333333333333333,1,4,1,1.7,7.0,2.0,3.0,6.386929440958791,Average Performer,False,False,False,True,False,True,0.3144416507565773,1446,Good
S2476,Mary Ryan,Female,2026-02-12,Low,1.874435957618512,0.7666666666666667,1.0,8.5,3,0.6432068965517241,61.48275862068966,29,56.5,4,73.83333333333333,6.333333333333333,0,6,0,1.0,3.0,2.0,4.0,1.874435957618512,Average Performer,False,False,False,True,False,True,0.38693517447376985,1817,Good
S2477,Joseph Jimenez,Female,2025-03-10,Medium,7.286844631084622,0.5666666666666667,1.0,11.466666666666669,3,0.7344999999999999,73.04545454545455,22,73.5,4,75.0,6.0,0,6,0,1.4,8.0,2.0,4.0,7.286844631084622,At Risk,True,False,False,True,False,True,0.36026622175562173,1569,Good
S2478,Lisa Morris,Female,2026-01-28,Medium,14.887884304282847,0.8333333333333334,0.6666666666666666,7.866666666666667,3,0.7103846153846154,71.84615384615384,26,80.5,2,87.0,2.833333333333333,1,5,0,2.1,7.0,3.0,4.0,14.887884304282847,Average Performer,False,False,False,False,False,False,0.24983157129057487,583,Good
S2479,Ashley Mills,Male,2025-07-04,Medium,4.13615698630003,0.8666666666666667,0.3333333333333333,9.966666666666669,3,0.7070799999999999,73.68,25,63.25,4,84.16666666666667,3.1666666666666665,1,5,0,1.3,9.0,0.0,5.0,4.13615698630003,Average Performer,False,False,False,True,False,False,0.3081189408675833,1273,Good
S2480,Russell Anderson,Female,2026-03-10,High,15.827244652580458,0.7,0.6666666666666666,7.8,3,0.7444347826086957,73.6086956521739,23,79.0,3,87.5,4.333333333333333,0,6,0,1.9,5.0,3.0,4.0,15.827244652580458,Average Performer,True,False,False,False,False,False,0.27285145358594015,750,Good
S2481,Christina Washington,Male,2025-08-23,Medium,9.622706346330336,0.5666666666666667,0.6666666666666666,8.733333333333333,3,0.5914919565217391,60.37931034482759,29,78.0,2,74.16666666666667,7.0,0,6,0,1.5,9.0,1.0,3.0,9.622706346330336,At Risk,True,False,False,True,False,True,0.3895789805109857,1622,Good
S2482,Kenneth Huff,Female,2025-08-18,Medium,10.387452563181858,0.8,0.0,12.2,2,0.7678571428571429,75.82142857142857,28,75.0,3,76.5,4.0,1,5,0,2.1,6.0,2.0,3.0,10.387452563181858,Average Performer,False,False,False,False,False,False,0.2789242257349025,973,Good
S2483,Kelly Miles,Male,2026-02-15,Low,8.950813405911786,0.6333333333333333,0.0,7.899999999999999,3,0.733,72.85714285714286,21,80.0,2,73.83333333333333,3.0,1,5,0,1.7,9.0,2.0,4.0,8.950813405911786,At Risk,True,False,False,True,False,False,0.3286396331518872,1348,Good
S2484,Jacob Obrien,Male,2026-06-03,Medium,10.29948888019696,0.7666666666666667,1.0,7.3,3,0.8061875,80.4375,32,79.66666666666667,3,84.0,3.333333333333333,0,6,0,1.2,10.0,0.0,1.0,10.29948888019696,Average Performer,False,False,False,False,False,False,0.2553950277995076,825,Good
S2485,Timothy Clark,Male,2024-10-12,Medium,9.026688110403512,0.8666666666666667,0.6666666666666666,10.233333333333334,3,0.7959642857142857,82.78571428571429,28,84.0,4,76.66666666666667,2.833333333333333,2,4,0,1.5,10.0,1.0,5.0,9.026688110403512,High Performer,False,False,False,True,False,False,0.23897732734303884,781,Good
S2486,Steve Miller PhD,Male,2024-11-23,Medium,8.08031188408983,0.8666666666666667,1.0,14.733333333333334,3,0.7770370370370371,83.25925925925925,27,68.0,2,81.66666666666667,2.1666666666666665,1,5,0,1.6,6.0,1.0,1.0,8.08031188408983,Average Performer,False,False,False,True,False,False,0.2715214425119976,979,Good
S2487,Justin Hurley,Female,2025-12-11,High,17.45482309871155,1.0,1.0,21.53333333333333,3,0.82284375,82.5625,32,78.5,2,87.5,1.1666666666666667,3,3,0,1.7,10.0,4.0,3.0,17.45482309871155,High Performer,False,False,False,False,False,False,0.17125981725322112,164,Excellent
S2488,Jacob Erickson,Male,2025-05-05,High,13.252888979387007,0.9,0.6666666666666666,11.933333333333332,3,0.7445555555555556,74.5925925925926,27,74.0,4,86.33333333333333,5.5,0,6,0,1.0,10.0,2.0,3.0,13.252888979387007,Average Performer,False,False,False,False,False,True,0.2410011108848658,967,Good
S2489,Deborah Williams,Male,2025-04-12,Medium,7.280796097612625,0.9,0.3333333333333333,16.900000000000002,3,0.7833181818181818,81.54545454545455,22,72.66666666666667,3,89.16666666666667,2.5,1,5,0,1.0,9.0,3.0,4.0,7.280796097612625,High Performer,False,False,False,True,False,False,0.24271922187718054,819,Good
S2490,Eric Blackburn,Male,2026-04-24,High,19.81250680341313,0.8,1.0,11.233333333333334,3,0.7779999999999999,79.30434782608695,23,69.5,2,85.5,2.0,2,4,0,2.5,5.0,4.0,6.0,19.81250680341313,Average Performer,False,False,False,False,False,False,0.2498187329914672,662,Good
S2491,Anne Hardy,Male,2024-11-11,Medium,9.452049774535627,0.8666666666666667,1.0,12.066666666666668,3,0.7463478260869565,73.52173913043478,23,79.0,2,84.0,4.166666666666667,0,6,0,1.6,8.0,1.0,3.0,9.452049774535627,Average Performer,False,False,False,True,False,False,0.2517988610709073,740,Good
S2492,Chelsey Fox,Male,2024-10-30,Low,4.465746731826069,0.7666666666666667,1.0,8.366666666666667,3,0.6404347826086957,61.04347826086956,23,73.66666666666667,3,84.16666666666667,3.5,1,5,0,1.0,9.0,2.0,4.0,4.465746731826069,Average Performer,False,False,False,True,False,False,0.3314551983878261,1441,Good
S2493,Mario White,Male,2026-05-17,Low,6.261752237771134,0.8333333333333334,0.3333333333333333,7.833333333333333,3,0.6171153846153847,63.5,26,71.0,2,73.83333333333333,4.5,0,6,0,1.4,5.0,2.0,5.0,6.261752237771134,Average Performer,False,False,False,True,False,False,0.3381276706876234,1590,Good
S2494,Jennifer Garcia,Female,2024-12-30,Medium,9.502753006564854,0.9,1.0,16.533333333333335,3,0.8199333333333333,75.26666666666667,30,85.66666666666667,3,78.5,3.1666666666666665,3,2,1,1.4,10.0,1.0,4.0,9.502753006564854,High Performer,False,False,False,True,False,False,0.21617978415025452,592,Good
S2495,Heather Ellis,Female,2025-07-03,High,16.73781617638795,0.9,0.75,17.05,4,0.8222083333333333,85.41666666666667,24,69.0,2,80.0,3.6666666666666665,2,4,0,1.7,8.0,2.0,3.0,16.73781617638795,Average Performer,False,False,False,False,False,False,0.22849295955903015,805,Good
S2496,Sonya Jackson,Female,2025-06-14,Low,6.197685367383174,0.8,0.6666666666666666,12.800000000000002,3,0.6119642857142857,61.535714285714285,28,60.0,3,77.16666666666667,2.333333333333333,1,5,0,1.0,8.0,3.0,6.0,6.197685367383174,Average Performer,False,False,False,True,False,False,0.3651665008672563,1764,Good
S2497,James Morgan,Male,2026-03-16,Low,8.19348448249747,0.8666666666666667,1.0,14.066666666666668,3,0.857125,86.29166666666667,24,66.0,3,86.16666666666667,3.333333333333333,0,6,0,1.8,7.0,5.0,5.0,8.19348448249747,Average Performer,False,False,False,True,False,False,0.24446212212708962,573,Good
S2498,Zachary Ramos,Male,2026-03-16,High,11.480256850096746,0.9,1.0,20.7,2,0.763448275862069,74.82758620689656,29,80.66666666666667,3,83.16666666666667,2.333333333333333,2,4,0,2.1,9.0,1.0,4.0,11.480256850096746,High Performer,False,False,False,False,False,False,0.2311815417828041,449,Good
S2499,Ethan Frey,Female,2024-08-01,Medium,19.672303916559656,0.6,0.75,7.425,4,0.7665357142857143,76.21428571428571,28,83.66666666666667,3,75.0,1.5,3,3,0,1.6,9.0,1.0,5.0,19.672303916559656,At Risk,True,False,False,False,False,False,0.2910251925895533,1198,Good
S2500,Jacob Duran,Female,2025-02-02,Medium,10.747028289087332,0.6333333333333333,1.0,18.03333333333333,3,0.8175652173913043,79.78260869565217,23,84.5,2,84.66666666666667,1.6666666666666667,3,3,0,1.1,10.0,1.0,3.0,10.747028289087332,At Risk,True,False,False,False,False,False,0.27352953072655706,815,Good
S2501,Nicholas Franklin,Male,2026-05-06,Low,7.000339364226763,0.5333333333333333,0.5,9.575,4,0.7319285714285714,73.67857142857143,28,62.0,2,67.83333333333333,3.1666666666666665,1,5,0,1.3,9.0,1.0,3.0,7.000339364226763,At Risk,True,False,False,True,False,False,0.4038372468275284,1775,Average
S2502,Cindy Cannon,Male,2026-04-16,Low,12.694787588509069,0.8666666666666667,0.6666666666666666,3.9996666666666663,3,0.8406153846153847,83.88461538461539,26,75.5,2,84.16666666666667,3.5,1,5,0,1.8,8.0,2.0,5.0,12.694787588509069,High Performer,False,False,False,False,False,False,0.22216174897744523,470,Good
S2503,Dawn Nixon,Male,2025-07-29,High,11.31056778328915,0.8666666666666667,1.0,11.933333333333332,3,0.7758846153846155,80.1923076923077,26,84.0,2,81.66666666666667,2.5,1,5,0,2.0,8.0,2.0,7.0,11.31056778328915,High Performer,False,False,False,False,False,False,0.2317915292597258,480,Good
S2504,James Barber,Male,2025-04-18,Low,9.753481695030812,0.4666666666666667,0.3333333333333333,6.666666666666667,3,0.6210333333333333,63.266666666666666,30,70.25,4,73.33333333333333,4.0,0,6,0,1.1,5.0,0.0,5.0,9.753481695030812,At Risk,True,False,False,True,False,False,0.42213962909575625,1818,Average
S2505,Ms. Kelly Holder,Male,2025-03-06,Medium,7.327972559616199,0.9,0.75,9.325,4,0.7946551724137931,82.62068965517241,29,64.25,4,78.33333333333333,3.333333333333333,1,5,0,2.4,9.0,0.0,2.0,7.327972559616199,Average Performer,False,False,False,True,False,False,0.27228351687682156,826,Good
S2506,Eric Walker,Female,2025-08-23,Low,3.55031031394806,0.9,0.0,6.1000000000000005,3,0.6635333333333333,64.86666666666666,30,68.33333333333333,3,76.83333333333333,3.333333333333333,0,6,0,1.0,7.0,1.0,3.0,3.55031031394806,Average Performer,False,False,False,True,False,False,0.3151475575484632,1566,Good
S2507,Alison Short,Female,2024-12-07,Medium,9.485041748015965,0.9333333333333332,0.25,10.775,4,0.6994583333333333,75.0,24,63.66666666666666,3,76.33333333333333,3.8333333333333335,1,5,0,1.3,3.0,1.0,5.0,9.485041748015965,Average Performer,False,False,False,True,False,False,0.2912832289632935,1432,Good
S2508,Desiree Spencer,Female,2024-10-01,Low,1.0,0.6,0.75,7.5,4,0.7605357142857143,74.10714285714286,28,65.25,4,76.5,6.5,0,6,0,1.0,6.0,1.0,6.0,1.0,At Risk,True,False,False,True,False,True,0.3740892857142857,1696,Good
S2509,Tammy Moore,Female,2025-02-18,High,13.981670694628445,0.9333333333333332,1.0,18.725,4,0.7904444444444444,78.55555555555556,27,91.5,2,87.16666666666667,1.8333333333333333,1,5,0,2.1,6.0,4.0,5.0,13.981670694628445,High Performer,False,False,False,False,False,False,0.18082915659676224,80,Excellent
S2510,Henry Taylor,Female,2025-05-12,Medium,13.1200577207312,0.7333333333333333,0.75,13.175,4,0.7609285714285715,78.71428571428571,28,75.75,4,80.66666666666667,1.8333333333333333,1,5,0,1.7,9.0,1.0,6.0,13.1200577207312,Average Performer,True,False,False,False,False,False,0.2830879509362672,1061,Good
S2511,Kevin Hall,Female,2026-02-02,High,19.7051133417191,0.9,0.75,12.2,4,0.8736333333333334,86.53333333333333,30,82.33333333333333,3,86.5,1.5,2,4,0,1.5,8.0,2.0,3.0,19.7051133417191,High Performer,False,False,False,False,False,False,0.16923054997903558,252,Excellent
S2512,Anna Ross,Female,2026-03-05,Low,8.844064917813512,0.6666666666666666,1.0,9.9,4,0.7541034482758621,77.75862068965517,29,68.75,4,84.0,4.666666666666667,0,6,0,1.9,9.0,1.0,6.0,8.844064917813512,At Risk,True,False,False,True,False,False,0.3214921365560409,1120,Good
S2513,Morgan Cummings,Male,2025-06-14,Low,7.475023511645119,0.5,0.2,6.44,5,0.6678518518518518,67.77777777777777,27,61.75,4,72.16666666666667,5.333333333333333,0,5,1,1.3,4.0,0.0,3.0,7.475023511645119,At Risk,True,False,False,True,False,True,0.42420688566533166,1826,Average
S2514,Carrie Petersen,Male,2025-05-03,Low,6.787647977452554,0.8,1.0,8.85,2,0.67836,70.6,25,74.0,2,80.16666666666667,5.833333333333333,1,4,1,1.0,4.0,3.0,3.0,6.787647977452554,Average Performer,False,False,False,True,False,True,0.3112728800563686,1480,Good
S2515,Laura Velez,Male,2025-11-27,Low,8.697937747472302,0.5,0.5,7.45,2,0.6733928571428571,69.46428571428571,28,58.333333333333336,3,80.66666666666667,7.0,0,6,0,1.0,7.0,2.0,5.0,8.697937747472302,At Risk,True,False,False,True,False,True,0.4135706318217954,1778,Average
S2516,Elizabeth Cross,Female,2025-12-25,High,18.12355881690975,0.9666666666666668,0.6666666666666666,13.633333333333333,3,0.8459615384615385,89.07692307692308,26,81.5,2,85.83333333333333,2.333333333333333,1,5,0,1.4,8.0,0.0,3.0,18.12355881690975,High Performer,False,False,False,False,False,False,0.16748597475259738,228,Excellent
S2517,Angela Brown,Female,2025-02-02,Medium,15.523461083436846,0.9,0.3333333333333333,10.766666666666666,3,0.7472307692307693,73.1923076923077,26,81.0,2,78.16666666666667,3.0,1,5,0,1.3,10.0,4.0,3.0,15.523461083436846,Average Performer,False,False,False,False,False,False,0.23277211652217708,962,Good
S2518,Hannah Montoya,Male,2024-11-21,High,16.50640683746625,0.9666666666666668,1.0,18.566666666666663,3,0.867,90.14285714285714,28,76.66666666666667,3,90.66666666666669,2.6666666666666665,1,5,0,2.2,9.0,3.0,3.0,16.50640683746625,High Performer,False,False,False,False,False,False,0.1676339829063343,58,Excellent
S2519,Sean Kane,Female,2026-03-04,High,14.199596795680078,0.9666666666666668,0.6666666666666666,15.800000000000002,3,0.823,80.62962962962963,27,89.0,2,91.5,2.1666666666666665,1,5,0,1.0,9.0,3.0,4.0,14.199596795680078,High Performer,False,False,False,False,False,False,0.16068434134413312,220,Excellent
S2520,Matthew Guzman,Male,2026-03-04,High,14.888165280547833,0.9666666666666668,0.6666666666666666,17.866666666666667,3,0.8477272727272728,83.33333333333333,33,84.5,2,91.16666666666669,1.5,3,3,0,2.3,10.0,3.0,6.0,14.888165280547833,High Performer,False,False,False,False,False,False,0.16104473831378185,10,Excellent
S2521,Richard Reyes,Female,2025-09-11,Medium,5.866327221671259,0.8,0.5,12.275,4,0.81308,80.0,25,70.0,3,82.0,2.833333333333333,1,5,0,1.6,6.0,1.0,2.0,5.866327221671259,Average Performer,False,False,False,True,False,False,0.27841018194582184,925,Good
S2522,Andrew Fernandez,Male,2025-06-19,Medium,7.648324113571558,0.7,0.3333333333333333,10.433333333333334,3,0.7192222222222222,68.44444444444444,27,79.0,2,85.66666666666667,0.8333333333333334,3,3,0,1.0,6.0,1.0,1.0,7.648324113571558,Average Performer,True,False,False,True,False,False,0.30361252304940445,1225,Good
S2523,Jonathan Walker,Male,2026-03-30,High,17.009234162404308,0.9,0.75,9.525,4,0.86075,86.75,28,75.33333333333333,3,83.66666666666667,3.0,1,5,0,2.7,6.0,3.0,3.0,17.009234162404308,High Performer,False,False,False,False,False,False,0.19808524792732257,214,Excellent
S2524,Nicholas Long,Female,2025-01-20,High,14.770965011101836,0.9666666666666668,1.0,21.8,3,0.8131538461538461,83.11538461538461,26,94.0,3,86.5,2.333333333333333,2,4,0,1.8,10.0,1.0,2.0,14.770965011101836,High Performer,False,False,False,False,False,False,0.1597097669594249,70,Excellent
S2525,Kurt Wagner,Male,2024-11-11,High,17.50906612735338,0.9,0.5,16.125,4,0.8446206896551725,83.93103448275862,29,87.75,4,79.16666666666667,4.333333333333333,2,4,0,2.0,6.0,3.0,4.0,17.50906612735338,High Performer,False,False,False,False,False,False,0.1835911277850648,280,Excellent
S2526,Dylan Foster,Male,2026-04-10,Low,7.783423902327464,0.5333333333333333,0.3333333333333333,10.2,3,0.7072083333333333,68.125,24,62.25,4,69.83333333333333,5.0,0,5,1,1.2,7.0,2.0,3.0,7.783423902327464,At Risk,True,False,False,True,False,False,0.40579560691084804,1817,Average
S2527,Bradley Duncan,Male,2025-06-25,Low,7.01260686825559,0.5666666666666667,1.0,13.275,4,0.6914838709677419,71.12903225806451,31,71.5,2,74.5,5.833333333333333,1,5,0,1.5,10.0,1.0,4.0,7.01260686825559,At Risk,True,False,False,True,False,True,0.37860665487237183,1666,Good
S2528,James Miller,Female,2025-06-13,Low,2.4679686916533057,0.6,0.0,5.266666666666667,3,0.6266333333333333,65.8,30,56.25,4,80.83333333333333,3.8333333333333335,1,5,0,1.3,3.0,0.0,0.0,2.4679686916533057,At Risk,True,False,False,True,False,False,0.4220900782708668,1725,Average
S2529,Patricia Anderson,Female,2026-07-10,Medium,10.521404975986684,0.5666666666666667,1.0,11.066666666666668,3,0.7486206896551725,73.79310344827586,29,76.5,4,73.16666666666667,3.8333333333333335,1,5,0,2.3,6.0,1.0,7.0,10.521404975986684,At Risk,True,False,False,False,False,False,0.34469361399681486,1247,Good
S2530,Justin Freeman,Male,2025-06-09,Medium,8.93038863884923,0.5666666666666667,0.6666666666666666,5.3,3,0.7328387096774194,73.64516129032258,31,66.0,2,84.16666666666667,3.8333333333333335,1,5,0,1.6,10.0,0.0,5.0,8.93038863884923,At Risk,True,False,False,True,False,False,0.3579057488329844,1373,Good
S2531,Christina Gilbert,Female,2026-06-24,Low,4.556280259699768,0.6,0.5,9.6,4,0.6327619047619047,61.95238095238095,21,68.0,4,80.83333333333333,4.0,1,5,0,1.0,6.0,1.0,2.0,4.556280259699768,At Risk,True,False,False,True,False,False,0.39153072792217913,1735,Good
S2532,Danielle Jones,Female,2025-07-18,Medium,13.677079843339728,0.7666666666666667,0.3333333333333333,9.766666666666667,3,0.6735862068965517,69.48275862068965,29,76.5,2,81.66666666666667,2.1666666666666665,2,4,0,2.1,7.0,1.0,2.0,13.677079843339728,Average Performer,False,False,False,False,False,False,0.2965647716560185,1029,Good
S2533,Erica Glass,Male,2026-05-20,Medium,8.943287276453601,0.7333333333333333,0.6666666666666666,16.266666666666666,3,0.8199629629629629,79.25925925925925,27,70.0,3,86.0,3.0,0,6,0,2.6,6.0,4.0,4.0,8.943287276453601,Average Performer,True,False,False,True,False,False,0.2793195595866438,576,Good
S2534,Michael Henderson,Male,2025-08-31,High,16.34731726571978,1.0,0.75,17.1,4,0.78065625,78.53125,32,86.33333333333333,3,81.0,3.0,0,6,0,2.2,5.0,3.0,8.0,16.34731726571978,High Performer,False,False,False,False,False,False,0.18076816516903385,186,Excellent
S2535,Frank Wheeler,Male,2026-04-05,High,17.16017634898416,0.9666666666666668,1.0,12.0,2,0.8888888888888888,86.85185185185185,27,84.5,2,81.5,2.5,1,5,0,1.3,9.0,3.0,7.0,17.16017634898416,High Performer,False,False,False,False,False,False,0.15751622579420627,307,Excellent
S2536,Eric Huerta,Male,2026-01-07,Medium,12.753284757791734,0.8,1.0,13.133333333333333,3,0.6908148148148149,68.4074074074074,27,74.33333333333333,3,76.33333333333333,4.333333333333333,1,5,0,1.9,6.0,0.0,4.0,12.753284757791734,Average Performer,False,False,False,False,False,False,0.29770567699440953,1281,Good
S2537,Wanda Ramos,Female,2025-05-03,Medium,9.033070218413595,0.7333333333333333,1.0,11.5,3,0.81024,80.6,25,76.5,2,82.5,3.0,0,6,0,1.4,9.0,4.0,2.0,9.033070218413595,Average Performer,True,False,False,True,False,False,0.27426199112063265,897,Good
S2538,Andrew Meyers,Male,2024-08-19,Medium,19.180956071380624,0.8333333333333334,1.0,13.65,4,0.8454,86.4,30,84.0,3,84.5,1.5,2,4,0,1.8,6.0,2.0,3.0,19.180956071380624,Average Performer,False,False,False,False,False,False,0.19534427648821506,306,Excellent
S2539,James Todd,Female,2025-07-05,High,16.58190779926298,0.9666666666666668,1.0,15.633333333333333,3,0.7307241379310344,71.89655172413794,29,94.0,2,85.0,1.1666666666666667,4,2,0,2.1,9.0,2.0,4.0,16.58190779926298,Average Performer,False,False,False,False,False,False,0.18216132245586555,206,Excellent
S2540,Ashley Brown,Female,2024-11-17,High,12.402825459538386,0.9666666666666668,0.6666666666666666,8.733333333333333,3,0.8494615384615384,84.1923076923077,26,88.0,3,86.16666666666667,4.0,1,5,0,2.6,10.0,1.0,5.0,12.402825459538386,High Performer,False,False,False,False,False,False,0.16723780814602582,7,Excellent
S2541,Tammy Melton,Male,2026-03-17,Low,1.5794868554329504,0.6,0.0,7.225,4,0.7052962962962963,66.25925925925925,27,58.66666666666666,3,76.16666666666667,3.8333333333333335,0,6,0,1.1,5.0,2.0,4.0,1.5794868554329504,At Risk,True,False,False,True,False,False,0.40287906063919543,1779,Average
S2542,Alexis Benson,Female,2024-08-03,High,22.75732184659074,0.8,0.75,11.125,4,0.8078181818181818,82.13636363636364,22,79.5,4,86.5,3.8333333333333335,1,5,0,2.0,8.0,2.0,4.0,22.628166883106164,Average Performer,False,False,False,False,False,False,0.21233412824678,413,Good
S2543,Jerry Johnson,Male,2026-02-04,Medium,9.310536736966649,0.7,0.25,8.775,4,0.7802800000000001,80.0,25,69.66666666666667,3,81.83333333333333,3.333333333333333,1,5,0,1.7,7.0,2.0,4.0,9.310536736966649,Average Performer,True,False,False,True,False,False,0.30555632482425005,1133,Good
S2544,Joshua Harris,Other,2026-04-14,Low,1.0,0.8,0.0,7.95,2,0.7763846153846153,75.76923076923077,26,69.5,4,72.66666666666667,3.8333333333333335,1,5,0,1.1,9.0,0.0,1.0,1.0,Average Performer,False,False,False,True,False,False,0.31658461538461535,1481,Good
S2545,Deanna Webb,Female,2025-09-01,High,13.077329483499089,1.0,0.5,12.5,4,0.8073846153846154,83.11538461538461,26,81.5,4,86.33333333333333,3.1666666666666665,2,4,0,2.0,6.0,3.0,5.0,13.077329483499089,High Performer,False,False,False,False,False,False,0.18259129167586768,103,Excellent
S2546,Brenda Hale,Female,2024-09-19,High,18.74051335396878,0.9,0.5,19.5,4,0.8644999999999999,88.77272727272727,22,94.0,2,89.33333333333333,2.833333333333333,3,3,0,2.3,8.0,0.0,4.0,18.74051335396878,High Performer,False,False,False,False,False,False,0.1467987166150781,21,Excellent
S2547,Kevin Alvarado,Female,2024-09-30,Medium,8.256546461125419,0.7666666666666667,0.6666666666666666,12.966666666666669,3,0.6719583333333333,67.08333333333333,24,76.5,2,83.66666666666667,5.0,0,6,0,2.4,7.0,0.0,5.0,8.256546461125419,Average Performer,False,False,False,True,False,False,0.30760446718051976,890,Good
S2548,Christopher Campbell,Male,2025-04-15,Medium,9.96261255733629,1.0,1.0,15.8,2,0.6548888888888889,71.66666666666667,27,75.33333333333333,3,75.33333333333333,1.3333333333333333,2,4,0,2.3,4.0,1.0,4.0,9.96261255733629,Average Performer,False,False,False,True,False,False,0.26496013527332596,886,Good
S2549,Lisa Brown,Female,2025-03-28,Medium,11.931668593444511,0.9,0.6666666666666666,16.866666666666667,3,0.8440740740740741,85.25925925925925,27,72.0,3,77.5,2.833333333333333,1,5,0,1.0,5.0,2.0,4.0,11.931668593444511,High Performer,False,False,False,False,False,False,0.2316986062941665,1052,Good
S2550,Alejandra Price,Female,2025-06-03,Low,12.48531783573793,0.8333333333333334,1.0,10.6,2,0.7379354838709677,74.70967741935483,31,77.0,4,79.0,5.5,0,6,0,1.6,10.0,2.0,5.0,12.48531783573793,Average Performer,False,False,False,False,False,True,0.2665727269160315,1074,Good
S2551,Samuel Keller,Female,2026-03-18,High,13.380239711288334,0.9,0.25,15.475,4,0.7591818181818181,78.31818181818181,22,78.25,4,85.83333333333333,3.6666666666666665,1,5,0,1.5,10.0,1.0,9.0,13.380239711288334,High Performer,False,False,False,False,False,False,0.22854485526723373,635,Good
S2552,Alicia Dillon,Female,2024-12-01,Medium,14.53020209033203,0.7666666666666667,0.5,14.95,2,0.6983214285714286,68.17857142857143,28,76.5,4,82.66666666666667,2.833333333333333,3,3,0,1.6,6.0,2.0,4.0,14.53020209033203,Average Performer,False,False,False,False,False,False,0.28551139953607463,1148,Good
S2553,Crystal James,Female,2025-06-29,Medium,15.095280270109631,0.8666666666666667,1.0,18.9,3,0.8515238095238096,84.04761904761905,21,86.75,4,85.33333333333333,3.5,1,5,0,2.1,9.0,2.0,4.0,15.095280270109631,High Performer,False,False,False,False,False,False,0.1886379898009164,119,Excellent
S2554,Ariana Stewart,Male,2024-09-12,High,17.967198393472806,0.9333333333333332,0.25,19.275,4,0.8825,90.60857142857144,24,90.5,4,77.0,2.833333333333333,1,5,0,1.8,7.0,1.0,3.0,17.967198393472806,High Performer,False,False,False,False,False,False,0.16049867068298468,288,Excellent
S2555,Kim Lopez,Male,2025-05-28,Medium,11.339890558015885,0.8666666666666667,0.8,16.919999999999998,5,0.7807407407407406,78.70370370370371,27,69.33333333333333,3,78.0,2.0,3,3,0,1.2,10.0,1.0,0.0,11.339890558015885,Average Performer,False,False,False,False,False,False,0.26509471804940477,1230,Good
S2556,Judith House,Female,2026-03-08,Medium,6.343930174528488,0.8,0.6666666666666666,13.533333333333331,3,0.7743448275862069,73.06896551724138,29,77.5,4,77.33333333333333,4.166666666666667,0,6,0,1.7,10.0,0.0,3.0,6.343930174528488,Average Performer,False,False,False,True,False,False,0.2808367262878167,1001,Good
S2557,David Moreno,Male,2024-08-24,Medium,13.74609132569898,0.8666666666666667,0.5,18.2,4,0.7460689655172413,76.3103448275862,29,82.0,2,80.5,3.1666666666666665,2,4,0,1.0,7.0,2.0,1.0,13.74609132569898,Average Performer,False,False,False,False,False,False,0.24039741536391349,1045,Good
S2558,James Moore,Female,2025-12-21,High,20.433820663657023,1.0,1.0,11.933333333333332,3,0.8919259259259259,90.33333333333331,27,79.5,2,76.5,1.3333333333333333,3,3,0,1.9,4.0,2.0,7.0,20.433820663657023,High Performer,False,False,False,False,False,False,0.15758767056307965,357,Excellent
S2559,Harold Garrett,Female,2026-07-13,Medium,11.009216354282676,0.9333333333333332,0.6666666666666666,8.766666666666667,3,0.8336764705882352,85.32352941176471,34,79.0,3,80.0,3.0,2,4,0,2.3,6.0,2.0,4.0,11.009216354282676,High Performer,False,False,False,False,False,False,0.2110406846044894,286,Good
S2560,William Mason,Male,2025-12-07,Medium,18.152691110720543,0.9,1.0,20.625,4,0.8030344827586207,82.62068965517241,29,83.66666666666667,3,80.16666666666667,3.6666666666666665,3,3,0,1.5,10.0,2.0,4.0,18.152691110720543,High Performer,False,False,False,False,False,False,0.20112459406227912,572,Good
S2561,Lori Johns,Male,2024-11-21,Low,6.548403218972433,0.6,0.3333333333333333,10.5,3,0.7946666666666666,81.07407407407408,27,65.0,2,77.83333333333333,3.1666666666666665,1,5,0,1.3,8.0,2.0,7.0,6.548403218972433,At Risk,True,False,False,True,False,False,0.34847899195256893,1478,Good
S2562,Robin Johnson,Female,2026-06-28,High,17.085800359603894,0.9,1.0,10.95,4,0.8499230769230769,87.15384615384616,26,94.0,2,76.33333333333333,3.0,0,6,0,2.900999999999999,7.0,3.0,7.0,17.085800359603894,High Performer,False,False,False,False,False,False,0.1748085760240672,192,Excellent
S2563,Diana Hernandez,Male,2025-10-16,Medium,15.186340963157786,0.8,0.6666666666666666,10.166666666666666,3,0.8340000000000001,83.4074074074074,27,76.75,4,82.66666666666667,3.0,2,4,0,1.1,9.0,2.0,1.0,15.186340963157786,Average Performer,False,False,False,False,False,False,0.23433414759210552,857,Good
S2564,Mary Miller,Female,2024-09-09,Medium,12.721826197176854,0.9666666666666668,0.3333333333333333,14.233333333333333,3,0.7542692307692308,78.3076923076923,26,81.5,4,78.83333333333333,5.333333333333333,0,6,0,1.4,7.0,2.0,2.0,12.721826197176854,High Performer,False,False,False,False,False,True,0.21899799860962194,749,Good
S2565,Tyler Salazar,Male,2025-11-29,Medium,4.640375709843746,0.9,0.6666666666666666,9.8,3,0.7086153846153846,69.11538461538461,26,67.5,2,81.83333333333333,3.1666666666666665,0,6,0,1.8,2.0,2.0,2.0,4.640375709843746,Average Performer,False,False,False,True,False,False,0.29306444534077525,1067,Good
S2566,Crystal Allen,Female,2026-02-01,Medium,8.976343105820964,0.8333333333333334,0.75,18.2,4,0.7795555555555554,81.51851851851852,27,81.25,4,75.83333333333333,1.6666666666666667,2,4,0,1.1,9.0,2.0,4.0,8.976343105820964,Average Performer,False,False,False,True,False,False,0.2591091422354476,1108,Good
S2567,Wesley Browning,Male,2026-04-08,Medium,14.435241293106827,0.6,1.0,7.233333333333333,3,0.753,77.66666666666667,27,71.33333333333333,3,82.33333333333333,3.1666666666666665,1,5,0,1.0,4.0,4.0,2.0,14.435241293106827,At Risk,True,False,False,False,False,False,0.3218452301005663,1466,Good
S2568,Joshua Clark,Female,2025-12-21,Low,10.296564215842857,0.7,0.6666666666666666,3.9996666666666663,3,0.6472962962962963,63.77777777777778,27,69.0,2,75.33333333333333,5.333333333333333,0,6,0,1.3,5.0,3.0,4.0,10.296564215842857,Average Performer,True,False,False,False,False,True,0.354069700571504,1716,Good
S2569,Joshua Mcbride,Male,2026-06-07,Low,7.25489328277245,0.6,0.25,6.75,4,0.797576923076923,77.42307692307692,26,67.0,2,68.0,4.666666666666667,1,5,0,2.0,5.0,1.0,3.0,7.25489328277245,At Risk,True,False,False,True,False,False,0.35658968986999195,1395,Good
S2570,Ellen Thornton,Female,2025-09-03,Medium,8.169367853244495,0.9666666666666668,1.0,11.72,5,0.7831071428571429,77.17857142857143,28,84.25,4,81.5,4.0,0,6,0,1.9,9.0,3.0,6.0,8.169367853244495,High Performer,False,False,False,True,False,False,0.2122277708430792,307,Good
S2571,Brandy Forbes,Male,2025-03-13,Medium,16.7773120867934,0.8666666666666667,0.5,18.075,4,0.7306923076923078,77.76923076923077,26,84.0,2,84.33333333333333,2.833333333333333,1,5,0,2.6,8.0,2.0,3.0,16.7773120867934,Average Performer,False,False,False,False,False,False,0.22768236080865753,411,Good
S2572,Brianna Fitzpatrick,Female,2025-06-17,Low,9.301293489657285,0.6333333333333333,0.25,6.1,4,0.745695652173913,73.47826086956522,23,66.5,4,70.16666666666667,6.333333333333333,1,3,2,1.5,8.0,1.0,6.0,9.301293489657285,At Risk,True,False,False,True,False,True,0.3564547372903496,1652,Good
S2573,Emily Grant,Female,2025-06-04,Low,3.5287265746942653,0.8,0.3333333333333333,12.3,3,0.6988333333333333,68.06666666666666,30,65.66666666666667,3,79.66666666666667,5.833333333333333,0,6,0,1.0,8.0,2.0,5.0,3.5287265746942653,Average Performer,False,False,False,True,False,True,0.33069485022993095,1606,Good
S2574,Bailey Stewart,Male,2026-06-15,Low,6.953902688146076,0.5333333333333333,0.8,8.74,5,0.6181071428571429,62.75,28,67.25,4,67.83333333333333,3.1666666666666665,0,6,0,1.4,10.0,3.0,0.0,6.953902688146076,At Risk,True,False,False,True,False,False,0.42759976708915864,1815,Average
S2575,Monica Cannon,Male,2026-01-06,Medium,4.85739974469967,0.8666666666666667,0.6666666666666666,8.933333333333332,3,0.7708387096774194,77.25806451612904,31,76.33333333333333,3,85.83333333333333,5.666666666666667,0,6,0,1.3,9.0,3.0,3.0,4.85739974469967,High Performer,False,False,False,True,False,True,0.25852155440169167,768,Good
S2576,Jennifer Jenkins,Male,2026-01-22,High,14.706054726344767,0.9333333333333332,0.6666666666666666,20.1,3,0.8194000000000001,85.85,20,85.66666666666667,3,80.0,3.333333333333333,0,6,0,1.6,9.0,0.0,5.0,14.706054726344767,High Performer,False,False,False,False,False,False,0.19274819651747138,404,Excellent
S2577,Timothy Shannon,Female,2025-09-30,Medium,11.510125992470236,0.8666666666666667,1.0,9.6,4,0.8056399999999999,76.24,25,66.33333333333333,3,79.66666666666667,1.0,3,3,0,1.4,9.0,3.0,3.0,11.510125992470236,Average Performer,False,False,False,False,False,False,0.2606993516854911,1069,Good
S2578,Denise Maxwell,Female,2026-06-05,Medium,14.255248374203568,0.9,0.75,7.949999999999999,4,0.716391304347826,74.47826086956522,23,70.66666666666667,3,76.83333333333333,4.666666666666667,1,4,1,1.7,7.0,1.0,5.0,14.255248374203568,Average Performer,False,False,False,False,False,False,0.2678611544268099,1217,Good
S2579,Cody Farmer,Female,2025-03-20,Medium,11.683168272673903,0.9333333333333332,1.0,11.2,2,0.8027916666666667,83.66666666666667,24,82.0,2,74.83333333333333,3.0,1,5,0,1.0,8.0,1.0,4.0,11.683168272673903,High Performer,False,False,False,False,False,False,0.22037124598498195,921,Good
S2580,Debra Bradley,Male,2026-02-07,Medium,22.956242452198968,0.6666666666666666,1.0,20.4,4,0.7646785714285714,79.10714285714286,28,79.33333333333333,3,82.66666666666667,2.5,2,4,0,1.7,5.0,0.0,6.0,22.628166883106164,At Risk,True,False,False,False,False,False,0.26469267803032986,928,Good
S2581,David Mcdaniel,Male,2026-02-23,Low,1.0,0.8666666666666667,1.0,8.5,3,0.8226785714285715,80.25,28,80.75,4,72.83333333333333,4.5,1,5,0,1.0,6.0,0.0,3.0,1.0,High Performer,False,False,False,True,False,False,0.2632797619047619,1060,Good
S2582,Michael Woods,Female,2025-03-27,Medium,3.51019732026546,0.9333333333333332,0.0,9.6,4,0.804875,82.3125,32,57.5,2,75.5,3.0,1,5,0,1.7,3.0,3.0,4.0,3.51019732026546,Average Performer,False,False,False,True,False,False,0.28817867336600306,1062,Good
S2583,Lisa Joseph,Female,2026-07-03,Low,8.057457980228548,0.4666666666666667,0.6666666666666666,12.5,3,0.71348,67.92,25,67.66666666666667,3,77.66666666666667,3.0,1,5,0,1.0,8.0,1.0,1.0,8.057457980228548,At Risk,True,False,False,True,False,False,0.3973123550494286,1762,Good
S2584,Samuel Henry,Other,2025-04-20,Medium,5.774279719889357,0.7666666666666667,1.0,16.375,4,0.7711739130434782,73.30434782608695,23,77.5,2,71.83333333333333,5.0,0,6,0,1.0,8.0,0.0,3.0,5.774279719889357,Average Performer,False,False,False,True,False,False,0.29979546012056646,1442,Good
S2585,Corey Johnson,Male,2024-08-02,Medium,7.546067220581341,0.9666666666666668,1.0,6.966666666666666,3,0.7264814814814814,71.48148148148148,27,69.75,4,81.33333333333333,2.333333333333333,1,5,0,1.3,6.0,1.0,2.0,7.546067220581341,Average Performer,False,False,False,True,False,False,0.2600237208374355,1055,Good
S2586,Alexis Nelson,Female,2026-04-30,Medium,11.597892596846044,0.9333333333333332,0.75,14.775,4,0.8419642857142857,85.32142857142857,28,81.75,4,88.66666666666667,0.6666666666666666,5,1,0,2.4,9.0,1.0,5.0,11.597892596846044,High Performer,False,False,False,False,False,False,0.18858264946026587,37,Excellent
S2587,Patrick Mcneil,Male,2025-03-01,Low,2.306918900617286,0.5666666666666667,1.0,9.5,2,0.6571538461538461,64.76923076923077,26,67.0,2,78.33333333333333,4.0,0,6,0,1.0,6.0,0.0,6.0,2.306918900617286,At Risk,True,False,False,True,False,False,0.4039198822356363,1784,Average
S2588,Andrea Ho,Male,2026-06-26,High,12.937517018565757,0.8666666666666667,1.0,10.0,4,0.8337241379310345,85.41379310344827,29,77.25,4,84.33333333333333,2.1666666666666665,3,3,0,1.7,10.0,2.0,4.0,12.937517018565757,High Performer,False,False,False,False,False,False,0.2198722994076086,473,Good
S2589,Dr. Katherine Nguyen,Female,2025-09-09,High,17.00980304947449,0.8666666666666667,0.5,14.85,2,0.8135185185185185,81.88888888888889,27,85.5,2,87.0,2.1666666666666665,3,3,0,1.0,8.0,2.0,4.0,17.00980304947449,High Performer,False,False,False,False,False,False,0.19525327015409152,523,Excellent
S2590,David Sullivan,Female,2025-11-13,Low,1.0,0.6333333333333333,0.5,7.75,2,0.6531600000000001,64.32,25,54.74916666666667,3,78.83333333333333,7.0,0,5,1,1.0,7.0,2.0,2.0,1.0,At Risk,True,False,False,True,False,True,0.4154703333333333,1807,Average
S2591,Nicolas James,Other,2026-07-11,High,14.84066266787062,0.9,1.0,16.45,4,0.892265925925926,88.55172413793103,29,86.0,3,83.5,0.8333333333333334,3,3,0,1.7,7.0,0.0,4.0,14.84066266787062,High Performer,False,False,False,False,False,False,0.17296856555254564,204,Excellent
S2592,Logan Newton,Male,2024-11-18,Medium,15.891939085514604,0.9,0.75,12.95,4,0.6826923076923077,69.8076923076923,26,86.0,3,87.5,2.333333333333333,2,4,0,2.4,6.0,1.0,3.0,15.891939085514604,Average Performer,False,False,False,False,False,False,0.22721245997852116,354,Good
S2593,Kelly Liu,Male,2026-01-21,Medium,9.39905024688949,0.8,1.0,23.027249999999995,3,0.7474333333333334,73.36666666666666,30,85.75,4,87.0,2.333333333333333,2,4,0,1.4,10.0,2.0,6.0,9.39905024688949,Average Performer,False,False,False,True,False,False,0.2502723743827762,674,Good
S2594,Kelly Hayes,Female,2025-06-05,Medium,11.312255693309492,0.6666666666666666,0.6666666666666666,11.766666666666666,3,0.7299285714285714,69.46428571428571,28,82.5,2,83.66666666666667,2.6666666666666665,2,4,0,1.0,4.0,2.0,3.0,11.312255693309492,At Risk,True,False,False,False,False,False,0.2955741226714882,1215,Good
S2595,Amanda Forbes,Female,2025-07-08,Medium,11.529141990046206,0.8333333333333334,0.5,15.0,4,0.7981428571428572,77.60714285714286,28,71.75,4,80.33333333333333,3.8333333333333335,2,4,0,1.4,8.0,1.0,4.0,11.529141990046206,Average Performer,False,False,False,False,False,False,0.259400954548694,1012,Good
S2596,Jennifer Moss,Male,2025-12-09,High,8.863102126128053,0.8666666666666667,1.0,16.3,3,0.7437999999999999,70.96,25,85.33333333333333,3,86.5,2.6666666666666665,1,5,0,2.2,7.0,1.0,3.0,8.863102126128053,Average Performer,False,False,False,True,False,False,0.23761891135134655,344,Good
S2597,Kelli Mccoy,Male,2025-01-02,Medium,6.538511343797241,0.8,0.6666666666666666,6.7,3,0.7963636363636364,80.4090909090909,22,70.33333333333333,3,80.33333333333333,2.5,1,5,0,1.0,4.0,1.0,3.0,6.538511343797241,Average Performer,False,False,False,True,False,False,0.28357796406474933,1267,Good
S2598,Eddie Sanders,Male,2026-06-16,Medium,11.21677635807669,0.6666666666666666,0.6666666666666666,13.966666666666669,3,0.6866666666666666,72.33333333333333,27,69.5,2,80.16666666666667,5.833333333333333,1,5,0,1.5,6.0,2.0,5.0,11.21677635807669,At Risk,True,False,False,False,False,True,0.34004139243814163,1509,Good
S2599,Ronald Murray,Female,2025-09-22,Medium,13.310214059570574,0.9,0.4,12.42,5,0.8064285714285715,77.85714285714286,28,81.75,4,81.83333333333333,3.1666666666666665,1,5,0,2.2,5.0,1.0,3.0,13.310214059570574,High Performer,False,False,False,False,False,False,0.21354589342250213,298,Good
S2600,Louis Brown,Male,2025-11-23,High,22.519329765912307,0.8666666666666667,0.5,21.4,2,0.8641538461538462,86.34615384615384,26,75.5,4,89.0,2.1666666666666665,2,4,0,2.0,9.0,4.0,8.0,22.519329765912307,High Performer,False,False,False,False,False,False,0.1832888550723987,254,Excellent
S2601,Brenda Gallegos,Male,2026-03-31,Medium,14.476766098048072,1.0,1.0,9.8,3,0.8025384615384615,78.34615384615384,26,86.0,4,92.0,3.6666666666666665,0,6,0,2.1,6.0,0.0,4.0,14.476766098048072,High Performer,False,False,False,False,False,False,0.16304654629334137,27,Excellent
S2602,Nathan Wilson,Male,2025-11-19,High,20.402043867119005,0.9333333333333332,0.6666666666666666,8.766666666666667,3,0.8034444444444445,82.0,27,91.0,3,87.33333333333333,3.1666666666666665,0,6,0,2.6,10.0,2.0,5.0,20.402043867119005,High Performer,False,False,False,False,False,False,0.1616282236655358,28,Excellent
S2603,Teresa Horton,Male,2025-12-15,Medium,7.725328506114851,0.8666666666666667,0.3333333333333333,14.233333333333333,3,0.807962962962963,80.77777777777777,27,71.33333333333333,3,81.66666666666667,3.8333333333333335,1,5,0,2.1,8.0,0.0,3.0,7.725328506114851,High Performer,False,False,False,True,False,False,0.25646445651249067,639,Good
S2604,Jason Hayes,Male,2025-07-05,High,14.51657533120518,0.8666666666666667,0.3333333333333333,9.7,3,0.813625,82.04166666666667,24,92.5,2,86.0,2.6666666666666665,2,4,0,1.8,8.0,3.0,4.0,14.51657533120518,High Performer,False,False,False,False,False,False,0.18895439500532035,199,Excellent
S2605,Kevin Marquez,Female,2026-01-19,High,22.15959016138687,0.9,0.75,12.15,4,0.8564642857142858,88.64285714285714,28,87.5,2,89.5,3.333333333333333,1,5,0,1.9,8.0,4.0,5.0,22.15959016138687,High Performer,False,False,False,False,False,False,0.15341173888224707,65,Excellent
S2606,Jesse Wright,Male,2025-04-21,Low,1.0,0.5333333333333333,0.6666666666666666,10.533333333333331,3,0.5914919565217391,59.51834838709678,23,61.0,4,73.33333333333333,5.333333333333333,1,4,1,1.0,4.0,1.0,7.0,1.0,At Risk,True,False,False,True,False,True,0.454719079710145,1873,Average
S2607,Susan Hogan,Female,2026-06-16,Medium,11.537313333593351,0.8333333333333334,0.3333333333333333,11.233333333333334,3,0.8594642857142858,90.42857142857144,28,64.5,2,75.66666666666667,1.5,2,4,0,2.3,10.0,2.0,5.0,11.537313333593351,Average Performer,False,False,False,False,False,False,0.2624840976183975,879,Good
S2608,Becky Wilson,Male,2026-04-18,Low,13.370222593182357,0.5,0.6666666666666666,8.9,3,0.69875,67.84375,32,64.75,4,84.66666666666667,3.1666666666666665,1,5,0,1.0,4.0,0.0,2.0,13.370222593182357,At Risk,True,False,False,False,False,False,0.3754494435170441,1635,Good
S2609,Jack Mills,Female,2026-03-26,Low,7.0800043122011775,0.7,0.0,7.825,4,0.5914919565217391,59.51834838709678,27,73.0,3,79.83333333333333,3.1666666666666665,1,5,0,2.5,9.0,0.0,3.0,7.0800043122011775,Average Performer,True,False,False,True,False,False,0.3641024022629753,1258,Good
S2610,Richard Hunt,Female,2025-12-12,Medium,16.881920145093854,0.9,0.25,18.95,4,0.7998461538461539,78.03846153846153,26,78.5,2,79.83333333333333,0.6666666666666666,5,1,0,2.8,7.0,3.0,2.0,16.881920145093854,High Performer,False,False,False,False,False,False,0.21609135348341918,399,Good
S2611,Jamie James,Female,2025-06-06,High,15.67202083292177,0.9333333333333332,1.0,16.666666666666668,3,0.8282758620689655,83.44827586206897,29,80.75,4,86.66666666666667,0.6666666666666666,4,2,0,2.1,9.0,1.0,5.0,15.67202083292177,High Performer,False,False,False,False,False,False,0.1875038559636726,113,Excellent
S2612,Susan Cunningham,Female,2026-03-21,Medium,10.137615780539871,0.9333333333333332,1.0,9.96,5,0.75048,74.32,25,73.25,4,86.33333333333333,3.1666666666666665,1,5,0,1.0,9.0,1.0,4.0,10.137615780539871,High Performer,False,False,False,False,False,False,0.24017862721531702,894,Good
S2613,Brittany Melton,Male,2024-12-27,Low,9.220849726916576,0.6333333333333333,0.5,9.425,4,0.6412258064516129,63.193548387096776,31,58.0,3,87.33333333333333,4.0,1,5,0,1.3,7.0,1.0,3.0,9.220849726916576,At Risk,True,False,False,True,False,False,0.3792468004138914,1528,Good
S2614,Michael Barnes,Male,2026-06-11,Medium,2.423904753533984,0.8666666666666667,0.75,12.5,4,0.7244285714285714,72.28571428571429,28,71.0,2,76.0,4.0,0,6,0,1.0,7.0,2.0,3.0,2.423904753533984,Average Performer,False,False,False,True,False,False,0.30394500002092695,1496,Good
S2615,Randy Griffin,Female,2025-03-18,High,13.809324649133575,0.8666666666666667,1.0,12.725,4,0.8437857142857144,88.78571428571429,28,82.33333333333333,3,78.83333333333333,3.6666666666666665,0,6,0,1.9,8.0,1.0,4.0,13.809324649133575,High Performer,False,False,False,False,False,False,0.21275764075811843,484,Good
S2616,Autumn Anderson,Other,2024-09-30,Medium,10.028602899475738,0.7666666666666667,0.6666666666666666,8.833333333333334,3,0.7116785714285714,75.32142857142857,28,71.33333333333333,3,77.0,3.333333333333333,0,6,0,1.4,7.0,1.0,2.0,10.028602899475738,Average Performer,False,False,False,False,False,False,0.3115915879894059,1483,Good
S2617,Marcus King,Female,2024-08-24,Low,5.300574216537119,0.7,0.75,11.45,4,0.6598928571428572,67.89285714285714,28,72.33333333333333,3,67.16666666666667,2.333333333333333,1,5,0,1.0,8.0,1.0,5.0,5.300574216537119,Average Performer,True,False,False,True,False,False,0.3683640406491334,1785,Good
S2618,Scott Stephens,Female,2025-09-17,Low,7.493712412505238,0.6666666666666666,0.3333333333333333,13.333333333333334,3,0.6781666666666667,65.54166666666667,24,62.5,2,78.33333333333333,4.5,0,6,0,1.9,8.0,2.0,5.0,7.493712412505238,At Risk,True,False,False,True,False,False,0.36864905230207023,1548,Good
S2619,Stephen Young,Female,2025-04-12,High,19.25652411389072,0.9,1.0,23.027249999999995,4,0.81375,81.21428571428571,28,92.5,2,78.0,5.333333333333333,0,6,0,1.8,10.0,1.0,4.0,19.25652411389072,High Performer,False,False,False,False,False,True,0.1807336897152732,425,Excellent
S2620,Karen Ortiz,Male,2025-05-25,Medium,16.198849234457022,0.7,0.75,6.6,4,0.705,69.16,25,80.0,4,82.0,3.8333333333333335,1,5,0,2.2,7.0,0.0,2.0,16.198849234457022,Average Performer,True,False,False,False,False,False,0.29000287691385745,921,Good
S2621,Kyle Sanchez,Male,2026-02-10,High,15.1645605610582,0.8333333333333334,0.0,13.1,1,0.7715384615384615,78.84615384615384,26,71.0,4,86.33333333333333,2.833333333333333,3,3,0,1.4,8.0,3.0,2.0,15.1645605610582,Average Performer,False,False,False,False,False,False,0.25079372680248274,884,Good
S2622,Lisa Grant,Female,2026-02-05,High,18.13645282126491,0.9666666666666668,0.75,16.525,4,0.8473461538461537,88.42307692307692,26,75.5,2,87.33333333333333,1.8333333333333333,2,4,0,2.3,3.0,3.0,6.0,18.13645282126491,High Performer,False,False,False,False,False,False,0.1767883551263249,91,Excellent
S2623,Amber Hernandez,Female,2026-02-21,Low,7.933842751241705,0.6333333333333333,0.25,6.925,4,0.81,76.93333333333334,30,78.33333333333333,3,76.83333333333333,2.333333333333333,3,3,0,1.2,8.0,1.0,5.0,7.933842751241705,At Risk,True,False,False,True,False,False,0.30691539312189575,1228,Good
S2624,Amanda Nash,Male,2026-06-10,High,18.54069034744348,0.9,0.75,11.625,4,0.833,88.20689655172414,29,73.0,4,91.66666666666669,2.5,2,4,0,2.2,4.0,1.0,4.0,18.54069034744348,High Performer,False,False,False,False,False,False,0.1952482741313913,221,Excellent
S2625,Sara Evans,Female,2024-11-01,Medium,7.741099086556771,0.6333333333333333,1.0,9.233333333333334,3,0.7307142857142858,74.0,28,66.5,2,78.5,4.0,0,6,0,1.0,6.0,3.0,3.0,7.741099086556771,At Risk,True,False,False,True,False,False,0.352349633235989,1691,Good
S2626,Amber Butler,Male,2025-09-04,High,15.645524134976524,1.0,1.0,22.46666666666667,3,0.7530344827586207,74.13793103448276,29,91.0,3,88.83333333333333,3.5,2,4,0,2.4,7.0,3.0,3.0,15.645524134976524,High Performer,False,False,False,False,False,False,0.16972584483497247,53,Excellent
S2627,Michael Carr,Female,2025-09-20,Low,5.3975163224349165,0.5666666666666667,0.75,8.325,4,0.6951379310344827,70.03448275862068,29,61.66666666666666,3,79.66666666666667,4.0,1,5,0,1.0,5.0,0.0,4.0,5.3975163224349165,At Risk,True,False,False,True,False,False,0.3934648298835679,1765,Good
S2628,Linda Cobb,Male,2025-03-04,Low,9.699799709852954,0.8,0.3333333333333333,13.433333333333332,3,0.6537714285714286,64.77142857142857,35,76.25,4,75.0,4.0,1,5,0,1.2,8.0,1.0,3.0,9.699799709852954,Average Performer,False,False,False,True,False,False,0.31461907215393903,1538,Good
S2629,Jesse Riley,Male,2025-01-09,Medium,6.439339837033868,0.7333333333333333,0.25,7.325,4,0.62312,62.08,25,65.5,2,74.0,3.0,2,4,0,2.6,7.0,1.0,3.0,6.439339837033868,Average Performer,True,False,False,True,False,False,0.37163231707408195,1495,Good
S2630,Anna Evans,Female,2024-10-07,Low,4.611297003144214,0.4666666666666667,0.3333333333333333,3.9996666666666663,3,0.6738461538461539,67.57692307692308,26,54.74916666666667,3,81.5,7.0,0,5,1,1.0,7.0,0.0,4.0,4.611297003144214,At Risk,True,False,False,True,False,True,0.4379029113382933,1771,Average
S2631,James Jones,Male,2025-08-28,High,16.64200705170475,0.9,0.3333333333333333,12.433333333333332,3,0.8753870967741936,86.54838709677419,31,77.33333333333333,3,84.83333333333333,1.0,2,4,0,1.7,7.0,3.0,2.0,16.64200705170475,High Performer,False,False,False,False,False,False,0.1888621866718134,346,Excellent
S2632,Joshua Carter,Female,2025-09-28,Medium,6.460708050811984,0.9,1.0,10.633333333333333,3,0.7403636363636363,73.63636363636364,22,69.5,4,82.83333333333333,3.6666666666666665,1,5,0,1.0,5.0,2.0,2.0,6.460708050811984,Average Performer,False,False,False,True,False,False,0.27348913896387916,1212,Good
S2633,Michael Hill,Female,2025-03-26,Medium,8.56357789879886,0.8,1.0,12.525,4,0.8170000000000001,86.24,25,79.25,4,79.33333333333333,2.6666666666666665,1,5,0,2.2,4.0,2.0,4.0,8.56357789879886,Average Performer,False,False,False,True,False,False,0.2559910552530028,589,Good
S2634,Kelly Dominguez,Female,2025-09-04,High,18.796637490452586,0.8333333333333334,1.0,14.666666666666666,3,0.75424,74.8,25,84.0,2,82.66666666666667,3.5,0,6,0,2.4,9.0,2.0,5.0,18.796637490452586,Average Performer,False,False,False,False,False,False,0.2264030729405352,476,Good
S2635,Ashley Blair,Male,2025-04-17,Medium,8.322905130905792,0.9,0.3333333333333333,11.266666666666666,3,0.7304814814814814,72.70370370370371,27,78.75,4,83.33333333333333,2.833333333333333,2,4,0,1.9,6.0,0.0,6.0,8.322905130905792,Average Performer,False,False,False,True,False,False,0.2525482927282911,655,Good
S2636,Victoria Webb,Male,2026-03-07,Low,3.182290336930105,0.6,0.6666666666666666,11.800000000000002,3,0.7090526315789475,73.10526315789474,19,63.66666666666666,3,79.5,5.166666666666667,0,6,0,1.4,10.0,3.0,4.0,3.182290336930105,At Risk,True,False,False,True,False,True,0.38274515135065723,1627,Good
S2637,Taylor Andersen,Male,2025-12-02,High,16.566385898455845,0.8666666666666667,1.0,11.7,4,0.7618461538461538,76.84615384615384,26,84.75,4,83.0,3.333333333333333,1,5,0,2.7,6.0,0.0,4.0,16.566385898455845,High Performer,False,False,False,False,False,False,0.21936352243334753,339,Good
S2638,Lee Stewart,Other,2024-11-28,Medium,15.35882060160148,0.9333333333333332,0.5,15.1,2,0.8027931034482758,83.34482758620689,29,83.66666666666667,3,81.33333333333333,3.333333333333333,0,6,0,1.0,9.0,1.0,5.0,15.35882060160148,High Performer,False,False,False,False,False,False,0.19809835079484694,657,Excellent
S2639,Whitney Gomez,Female,2024-08-14,High,22.512506174110467,0.8666666666666667,0.25,8.35,4,0.8196785714285715,82.60714285714286,28,83.66666666666667,3,79.83333333333333,3.5,2,4,0,2.7,5.0,2.0,2.0,22.512506174110467,High Performer,False,False,False,False,False,False,0.19406516313615238,289,Excellent
S2640,Justin Stone,Female,2024-08-17,High,17.666017548025632,0.7333333333333333,1.0,8.266666666666667,3,0.8122608695652174,83.82608695652173,23,92.0,2,84.5,3.5,1,5,0,2.1,6.0,3.0,3.0,17.666017548025632,Average Performer,True,False,False,False,False,False,0.21807336192703736,338,Good
S2641,Katherine White,Female,2026-06-18,Low,11.452184030738085,0.8333333333333334,1.0,13.566666666666668,3,0.6606896551724138,65.17241379310344,29,72.75,4,84.33333333333333,3.6666666666666665,2,4,0,2.2,8.0,2.0,6.0,11.452184030738085,Average Performer,False,False,False,False,False,False,0.2928293100380973,917,Good
S2642,Michelle Krause,Female,2026-04-06,Medium,6.04684603251252,0.8333333333333334,1.0,17.366666666666667,3,0.7839677419354839,78.03225806451613,31,89.25,4,80.16666666666667,2.6666666666666665,1,5,0,1.7,8.0,2.0,5.0,6.04684603251252,Average Performer,False,False,False,True,False,False,0.2426092290047402,593,Good
S2643,Alexander Garrett,Female,2025-09-19,Medium,5.518427291212058,0.6666666666666666,0.6666666666666666,5.433333333333334,3,0.6814666666666667,67.76666666666667,30,67.5,4,84.66666666666667,3.333333333333333,2,4,0,1.0,4.0,3.0,4.0,5.518427291212058,At Risk,True,False,False,True,False,False,0.35309726510530326,1570,Good
S2644,Ryan Marsh,Male,2025-10-30,Low,1.9932692299597907,0.6,0.3333333333333333,10.333333333333334,3,0.5914919565217391,59.92307692307692,26,56.25,4,81.16666666666667,7.0,0,5,1,1.0,7.0,2.0,4.0,1.9932692299597907,At Risk,True,False,False,True,False,True,0.4333192399685788,1788,Average
S2645,Mrs. Felicia Castro DDS,Female,2025-02-12,High,22.28880462889144,0.9333333333333332,1.0,8.899999999999999,4,0.7536333333333334,77.46666666666667,30,80.5,4,81.33333333333333,2.833333333333333,0,6,0,2.5,8.0,2.0,5.0,22.28880462889144,High Performer,False,False,False,False,False,False,0.2018546550944381,410,Good
S2646,Curtis Campbell,Male,2025-01-30,Medium,8.77640973863472,0.8333333333333334,0.6666666666666666,9.9,3,0.6602307692307693,69.88461538461539,26,73.0,4,74.83333333333333,2.6666666666666665,3,3,0,1.2,5.0,4.0,5.0,8.77640973863472,Average Performer,False,False,False,True,False,False,0.3134064115508491,1554,Good
S2647,Elizabeth Hunter,Female,2026-05-04,Medium,6.529009422409764,0.7333333333333333,0.0,3.9996666666666663,3,0.6675555555555556,68.29629629629629,27,72.75,4,78.16666666666667,6.0,0,6,0,1.8,4.0,0.0,2.0,6.529009422409764,Average Performer,True,False,False,True,False,True,0.3373274764439756,1403,Good
S2648,Aaron Jennings,Female,2026-03-20,Medium,6.080095633484072,0.8,1.0,8.566666666666666,3,0.6641724137931034,67.34482758620689,29,71.0,3,75.5,4.666666666666667,0,6,0,1.1,5.0,0.0,1.0,6.080095633484072,Average Performer,False,False,False,True,False,False,0.3302980367783588,1630,Good
S2649,Nathaniel Gilbert,Female,2025-03-20,Low,7.678535540253394,0.6333333333333333,0.5,9.325,4,0.7117096774193548,70.90322580645162,31,69.5,2,82.83333333333333,4.333333333333333,0,6,0,1.1,7.0,4.0,4.0,7.678535540253394,At Risk,True,False,False,True,False,False,0.34570742459022674,1510,Good
S2650,Christopher Rivera,Male,2026-02-11,Low,6.035352237467504,0.8666666666666667,0.3333333333333333,13.466666666666669,3,0.82844,79.52,25,70.0,2,82.5,3.5,1,5,0,1.0,6.0,2.0,6.0,6.035352237467504,High Performer,False,False,False,True,False,False,0.2559629527396646,994,Good
S2651,Michael Hendricks,Male,2025-06-20,Medium,7.967755608689651,0.6666666666666666,0.5,8.65,4,0.7178846153846153,71.46153846153847,26,62.66666666666666,3,81.0,2.333333333333333,2,4,0,2.4,9.0,2.0,7.0,7.967755608689651,At Risk,True,False,False,True,False,False,0.3512152263628913,1286,Good
S2652,Maria Olson,Male,2025-08-23,Low,7.392663455029231,0.8,0.6666666666666666,7.866666666666667,3,0.7033846153846154,69.65384615384616,26,81.66666666666667,3,72.66666666666667,2.1666666666666665,3,3,0,1.4,7.0,1.0,5.0,7.392663455029231,Average Performer,False,False,False,True,False,False,0.29816962341370895,1344,Good
S2653,Stephanie Herrera,Male,2024-10-20,High,12.360377538645784,0.8666666666666667,0.5,14.625,4,0.7306956521739131,71.91304347826087,23,72.75,4,85.0,2.333333333333333,1,5,0,1.6,7.0,3.0,4.0,12.360377538645784,Average Performer,False,False,False,False,False,False,0.2602236938345449,906,Good
S2654,Richard Gutierrez,Male,2026-02-15,High,13.657513740775734,0.9666666666666668,0.6666666666666666,22.33333333333333,3,0.7949230769230768,81.92307692307692,26,80.0,2,80.16666666666667,1.0,3,3,0,1.6,7.0,2.0,4.0,13.657513740775734,High Performer,False,False,False,False,False,False,0.2054626259044709,527,Good
S2655,Sandy Evans,Female,2024-09-11,High,11.050571404558724,0.9,0.3333333333333333,17.3,3,0.8084814814814815,82.4074074074074,27,92.25,4,78.5,1.1666666666666667,3,3,0,1.4,6.0,3.0,3.0,11.050571404558724,High Performer,False,False,False,False,False,False,0.20257912704415876,558,Good
S2656,Emily Herrera,Female,2026-05-11,Medium,6.641877910290198,0.8333333333333334,1.0,5.8,2,0.7308666666666667,74.13333333333334,30,79.66666666666667,3,85.0,2.5,1,5,0,1.1,6.0,1.0,4.0,6.641877910290198,Average Performer,False,False,False,True,False,False,0.2689686385576078,959,Good
S2657,Michael Marsh,Male,2025-05-12,Medium,11.756327414116248,0.7666666666666667,0.3333333333333333,15.933333333333332,3,0.779,73.65217391304348,23,73.75,4,86.0,2.833333333333333,0,6,0,1.1,7.0,1.0,3.0,11.756327414116248,Average Performer,False,False,False,False,False,False,0.2687425147980427,1005,Good
S2658,Heather Montes,Male,2025-02-13,Medium,3.5873862683650017,0.9,0.6666666666666666,11.566666666666668,3,0.78852,80.12,25,71.25,4,84.0,2.833333333333333,1,5,0,2.5,10.0,1.0,3.0,3.5873862683650017,High Performer,False,False,False,True,False,False,0.2609755343290875,481,Good
S2659,Andre Terrell,Male,2025-11-25,Low,2.459718538530673,0.5,0.6666666666666666,6.8,3,0.6392692307692307,64.92307692307692,26,74.5,2,70.66666666666667,3.6666666666666665,0,6,0,1.0,7.0,3.0,4.0,2.459718538530673,At Risk,True,False,False,True,False,False,0.4220699344229041,1809,Average
S2660,Sarah Duncan,Female,2025-08-25,Medium,11.96089155121372,0.9,1.0,9.85,2,0.8272413793103448,84.13793103448276,29,88.75,4,84.33333333333333,2.0,2,4,0,1.5,8.0,1.0,4.0,11.96089155121372,High Performer,False,False,False,False,False,False,0.1929253573288623,278,Excellent
S2661,Kurt Hancock,Female,2025-04-28,Medium,9.632326641470438,0.8,1.0,9.366666666666667,3,0.8310740740740741,80.74074074074075,27,80.5,2,80.16666666666667,3.1666666666666665,1,5,0,2.5,6.0,1.0,4.0,9.632326641470438,Average Performer,False,False,False,True,False,False,0.24534696117410165,452,Good
S2662,Michele Edwards,Female,2024-10-31,High,22.737762744568435,0.9666666666666668,1.0,12.533333333333331,3,0.8712916666666667,85.58333333333333,24,90.5,2,82.5,2.333333333333333,2,4,0,1.6,10.0,3.0,5.0,22.628166883106164,High Performer,False,False,False,False,False,False,0.1356254161255679,146,Excellent
S2663,Jason Crawford,Female,2024-09-02,High,24.187133360775498,0.8666666666666667,0.75,15.85,4,0.8020714285714285,82.28571428571429,28,80.5,2,82.16666666666667,1.6666666666666667,2,4,0,1.8,9.0,2.0,7.0,22.628166883106164,High Performer,False,False,False,False,False,False,0.20189148755413933,517,Good
S2664,Jesse Sampson,Other,2026-03-06,Medium,8.492599225864137,0.6666666666666666,0.3333333333333333,5.466666666666666,3,0.6749583333333334,66.91666666666667,24,68.5,2,72.0,3.5,1,5,0,1.3,6.0,1.0,1.0,8.492599225864137,At Risk,True,False,False,True,False,False,0.364614335268673,1751,Good
S2665,Eric Rodriguez,Female,2025-12-14,Medium,11.651984623465871,0.8,1.0,12.800000000000002,3,0.8018076923076923,77.57692307692308,26,75.5,2,85.0,4.333333333333333,1,5,0,1.2,8.0,2.0,5.0,11.651984623465871,Average Performer,False,False,False,False,False,False,0.25182773074902765,856,Good
S2666,Paula Gentry,Male,2024-10-31,Low,9.640419964186966,0.6333333333333333,0.5,7.9,4,0.7715,77.10714285714286,28,75.5,2,78.5,4.333333333333333,0,6,0,1.9,6.0,2.0,2.0,9.640419964186966,At Risk,True,False,False,True,False,False,0.31736561675619923,1134,Good
S2667,Alexander Webb,Female,2025-07-10,High,11.475166750588954,0.9666666666666668,0.75,15.45,4,0.8159130434782608,80.6086956521739,23,73.0,2,73.0,3.1666666666666665,2,4,0,2.3,10.0,3.0,8.0,11.475166750588954,High Performer,False,False,False,False,False,False,0.2293715034133827,629,Good
S2668,Cheryl Mclean,Male,2025-03-15,High,9.350548629026814,0.9666666666666668,0.3333333333333333,13.2,3,0.8256923076923077,82.0,26,84.5,2,86.33333333333333,2.6666666666666665,2,4,0,2.0,8.0,2.0,5.0,9.350548629026814,High Performer,False,False,False,True,False,False,0.18874926945307396,68,Excellent
S2669,Kelly Rowe,Female,2025-10-14,Medium,11.628649956861937,1.0,0.6666666666666666,13.133333333333333,3,0.699375,68.33333333333333,24,70.0,3,80.66666666666667,3.1666666666666665,3,3,0,2.2,8.0,0.0,4.0,11.628649956861937,Average Performer,False,False,False,False,False,False,0.25011587510784516,799,Good
S2670,Shane Short,Male,2026-02-19,High,16.514256311130826,1.0,1.0,12.5,3,0.8252,82.86666666666666,30,85.0,2,82.0,2.5,2,4,0,1.5,6.0,0.0,4.0,16.514256311130826,High Performer,False,False,False,False,False,False,0.16815435922217292,265,Excellent
S2671,Megan Anderson,Female,2024-07-31,High,12.202604062080152,0.9,0.3333333333333333,11.533333333333331,3,0.757090909090909,72.72727272727273,22,77.25,4,74.83333333333333,1.3333333333333333,2,4,0,1.7,8.0,4.0,7.0,12.202604062080152,High Performer,False,False,False,False,False,False,0.2506162171175269,989,Good
S2672,Julia Reeves,Female,2025-07-13,Medium,11.7824740766022,0.9,1.0,14.15,4,0.8142333333333334,80.4,30,78.5,4,85.16666666666667,2.333333333333333,1,5,0,1.2,9.0,3.0,6.0,11.7824740766022,High Performer,False,False,False,False,False,False,0.21652381480849447,563,Good
S2673,April Randolph,Female,2025-04-16,High,12.535643514543889,0.9333333333333332,0.6666666666666666,15.4,3,0.6971034482758621,67.75862068965517,29,78.25,4,81.33333333333333,2.1666666666666665,3,3,0,1.6,6.0,5.0,5.0,12.535643514543889,Average Performer,False,False,False,False,False,False,0.24769652339754836,868,Good
S2674,Linda Miller,Female,2025-01-26,Medium,5.994655937709806,0.7666666666666667,0.3333333333333333,14.833333333333334,3,0.7506428571428572,75.60714285714286,28,82.66666666666667,3,74.33333333333333,2.6666666666666665,2,4,0,1.0,10.0,2.0,4.0,5.994655937709806,Average Performer,False,False,False,True,False,False,0.2913205030128684,1368,Good
S2675,Angel Meyer,Male,2026-04-13,Medium,13.268985948770304,0.9,0.5,14.15,2,0.6837619047619048,69.80952380952381,21,71.5,4,83.66666666666667,4.666666666666667,0,6,0,2.1,8.0,3.0,1.0,13.268985948770304,Average Performer,False,False,False,False,False,False,0.2681989636995028,862,Good
S2676,Emily Lane,Male,2026-02-26,High,18.57092120480113,0.7333333333333333,0.6666666666666666,12.766666666666666,3,0.7259545454545454,74.22727272727273,22,94.0,4,78.33333333333333,4.333333333333333,0,6,0,2.2,7.0,2.0,4.0,18.57092120480113,Average Performer,True,False,False,False,False,False,0.24695300001830023,814,Good
S2677,Steven Flores,Male,2025-10-21,Medium,6.8434983366424,0.8,0.0,8.1,2,0.64408,65.4,25,69.25,4,79.5,3.6666666666666665,1,4,1,1.3,9.0,1.0,2.0,6.8434983366424,Average Performer,False,False,False,True,False,False,0.33191725415839396,1517,Good
S2678,Donald Flores,Male,2025-10-09,Low,7.228302673247846,0.8,0.6666666666666666,6.366666666666667,3,0.7433793103448276,76.03448275862068,29,61.25,4,85.66666666666667,3.6666666666666665,0,6,0,1.2,5.0,2.0,3.0,7.228302673247846,Average Performer,False,False,False,True,False,False,0.30791545021343214,1277,Good
S2679,Bruce Hernandez,Female,2026-02-02,Medium,2.104016677343446,0.8333333333333334,0.5,5.3,2,0.733,73.66666666666667,24,66.0,3,85.5,7.0,0,6,0,1.0,6.0,1.0,4.0,2.104016677343446,Average Performer,False,False,False,True,False,True,0.306256624973308,1304,Good
S2680,Adrian Dean,Male,2026-06-21,Low,7.395086230774789,0.8,0.75,10.925,4,0.6830967741935483,67.25806451612904,31,68.75,4,84.16666666666667,3.6666666666666665,1,5,0,2.6,6.0,0.0,2.0,7.395086230774789,Average Performer,False,False,False,True,False,False,0.3128332521649985,971,Good
S2681,Christine Bell,Other,2026-07-25,High,16.41020219197701,0.9333333333333332,1.0,19.466666666666665,3,0.80348,82.8,25,86.25,4,82.0,2.6666666666666665,2,4,0,2.6,10.0,1.0,7.0,16.41020219197701,High Performer,False,False,False,False,False,False,0.18909716118672418,127,Excellent
S2682,Charles Bush,Female,2025-11-26,Low,2.9961025102238947,0.6,0.0,7.066666666666666,3,0.6223103448275862,62.51724137931034,29,71.5,2,76.16666666666667,4.666666666666667,0,6,0,1.0,5.0,1.0,4.0,2.9961025102238947,At Risk,True,False,False,True,False,False,0.3985666402761644,1782,Good
S2683,David Jones,Female,2025-12-25,High,15.744017574596205,0.9333333333333332,1.0,10.433333333333334,3,0.86776,85.04,25,80.0,3,83.5,3.1666666666666665,2,4,0,1.8,10.0,2.0,6.0,15.744017574596205,High Performer,False,False,False,False,False,False,0.1817286227301762,232,Excellent
S2684,Gina Wallace,Male,2025-09-14,Medium,17.40831344692915,0.9666666666666668,1.0,10.733333333333334,3,0.8538461538461538,87.38461538461539,26,72.5,2,83.0,2.0,2,4,0,1.8,7.0,1.0,2.0,17.40831344692915,High Performer,False,False,False,False,False,False,0.1891587035621643,397,Excellent
S2685,John Lowe,Female,2026-05-13,Medium,7.447686678639169,0.8333333333333334,0.6666666666666666,13.133333333333333,3,0.7133571428571429,74.32142857142857,28,77.5,4,76.33333333333333,3.6666666666666665,1,5,0,1.3,5.0,2.0,6.0,7.447686678639169,Average Performer,False,False,False,True,False,False,0.2895403071129259,1312,Good
S2686,Anthony Simmons,Female,2025-11-01,Low,12.97347736275899,0.8333333333333334,0.6666666666666666,7.766666666666667,3,0.7161428571428571,73.75,28,78.66666666666667,3,78.16666666666667,3.5,0,6,0,2.0,7.0,1.0,5.0,12.97347736275899,Average Performer,False,False,False,False,False,False,0.2698067827835787,980,Good
S2687,Kyle Watkins,Female,2025-01-24,Medium,11.046947229233233,0.9333333333333332,1.0,16.55,2,0.7478928571428571,74.96428571428571,28,71.5,2,83.0,3.6666666666666665,0,6,0,1.0,9.0,1.0,4.0,11.046947229233233,Average Performer,False,False,False,False,False,False,0.24718144145072646,1076,Good
S2688,Melissa Jensen,Female,2025-04-25,High,15.588652372915757,0.8,1.0,17.275,4,0.6939642857142857,73.0,28,75.0,3,82.0,4.166666666666667,1,5,0,2.6,9.0,4.0,6.0,15.588652372915757,Average Performer,False,False,False,False,False,False,0.2798390833534249,880,Good
S2689,Robert Marquez,Female,2025-03-16,High,17.67164318856209,0.8666666666666667,1.0,10.1,3,0.77524,76.92,25,84.25,4,83.66666666666667,1.8333333333333333,3,3,0,1.3,6.0,0.0,5.0,17.67164318856209,High Performer,False,False,False,False,False,False,0.21258222536192808,645,Good
S2690,Kim Beltran,Male,2025-03-05,Low,11.325916987359454,0.6666666666666666,0.75,7.8,4,0.7848076923076923,77.92307692307692,26,70.0,2,80.66666666666667,3.8333333333333335,1,5,0,2.0,7.0,1.0,4.0,11.325916987359454,At Risk,True,False,False,False,False,False,0.30857623317262695,1075,Good
S2691,Julie Anderson,Female,2025-12-27,Medium,8.86059490677498,0.8666666666666667,0.6,13.88,5,0.7251875,71.90625,32,76.0,3,83.0,2.833333333333333,1,5,0,2.4,10.0,5.0,3.0,8.86059490677498,Average Performer,False,False,False,True,False,False,0.26712559606639585,685,Good
S2692,Tamara Mcdonald,Male,2026-03-28,Low,6.937088210015549,0.3,0.0,6.933333333333333,3,0.6722142857142857,64.85714285714286,28,54.74916666666667,4,76.33333333333333,7.0,0,6,0,1.0,4.0,1.0,1.0,6.937088210015549,At Risk,True,False,False,True,False,True,0.48199466042734207,1851,Average
S2693,Michael Mckinney,Male,2026-04-21,High,12.226805145069951,1.0,1.0,18.82,5,0.8149285714285714,80.57142857142857,28,85.5,4,90.66666666666669,4.333333333333333,0,6,0,2.4,10.0,3.0,4.0,12.226805145069951,High Performer,False,False,False,False,False,False,0.16795441570875366,10,Excellent
S2694,David Walker,Male,2026-02-02,Medium,7.782250421767875,0.8333333333333334,0.5,15.05,4,0.7974615384615384,77.65384615384616,26,77.0,2,84.83333333333333,4.833333333333333,0,6,0,2.2,7.0,2.0,4.0,7.782250421767875,Average Performer,False,False,False,True,False,False,0.2517225790737855,448,Good
S2695,Lisa Durham,Male,2025-10-14,High,6.819206290609757,0.8666666666666667,0.3333333333333333,8.833333333333334,3,0.7601071428571429,77.35714285714286,28,77.75,4,82.83333333333333,2.0,1,5,0,1.2,10.0,1.0,5.0,6.819206290609757,High Performer,False,False,False,True,False,False,0.2585031747496661,895,Good
S2696,Michael Ortega,Male,2025-12-31,Low,5.754911815306556,0.8666666666666667,0.25,8.424999999999999,4,0.6268148148148148,60.51851851851852,27,67.0,3,77.0,3.8333333333333335,1,5,0,1.0,6.0,3.0,4.0,5.754911815306556,Average Performer,False,False,False,True,False,False,0.33140160935062246,1650,Good
S2697,Sonya Chavez,Male,2024-11-12,Medium,15.601085786695483,1.0,0.6666666666666666,9.366666666666667,3,0.8836666666666666,87.62962962962963,27,79.75,4,82.66666666666667,1.1666666666666667,4,2,0,2.1,7.0,1.0,5.0,15.601085786695483,High Performer,False,False,False,False,False,False,0.16239728553326133,110,Excellent
S2698,John Bell,Other,2026-02-01,Low,6.794239478696105,0.7666666666666667,0.6666666666666666,9.733333333333333,3,0.7701071428571428,77.39285714285714,28,78.0,3,72.0,3.1666666666666665,2,4,0,1.4,8.0,3.0,3.0,6.794239478696105,Average Performer,False,False,False,True,False,False,0.2963155917794502,1283,Good
S2699,Christopher Tate,Female,2025-05-16,Medium,10.240796237638731,0.9,0.6666666666666666,14.033333333333331,3,0.8031428571428572,80.28571428571429,28,71.75,4,89.33333333333333,1.3333333333333333,3,3,0,1.4,9.0,1.0,3.0,10.240796237638731,High Performer,False,False,False,False,False,False,0.23095515226304603,603,Good
S2700,Bethany Garcia,Other,2025-09-03,Medium,5.630004736379112,0.8666666666666667,1.0,9.425,4,0.661,70.0,21,69.75,4,92.16833333333334,2.333333333333333,1,5,0,1.5,5.0,2.0,4.0,5.630004736379112,Average Performer,False,False,False,True,False,False,0.2932058214923855,1025,Good
S2701,Rebecca Nguyen,Male,2026-02-19,Medium,10.515023306967665,0.8,0.3333333333333333,4.633333333333333,3,0.7790769230769231,80.73076923076923,26,73.25,4,72.83333333333333,4.333333333333333,1,5,0,1.8,7.0,2.0,2.0,10.515023306967665,Average Performer,False,False,False,False,False,False,0.2842393648095039,1186,Good
S2702,Rebecca Patel,Male,2025-02-04,Medium,8.701451774359025,0.9,1.0,15.233333333333334,3,0.8717999999999999,89.16,25,76.5,2,80.0,2.5,2,4,0,1.7,7.0,0.0,2.0,8.701451774359025,High Performer,False,False,False,True,False,False,0.21870637056410244,545,Good
S2703,Jason Oliver,Female,2024-10-16,Low,10.886847470938037,0.8,0.3333333333333333,11.833333333333334,3,0.6336363636363637,60.81818181818182,22,54.74916666666667,3,75.66666666666667,6.0,0,6,0,1.3,4.0,0.0,4.0,10.886847470938037,At Risk,False,False,False,False,False,True,0.35969363889841244,1724,Good
S2704,Valerie Reyes,Male,2025-04-07,Low,9.98176337255279,0.6333333333333333,0.5,10.225,4,0.7567241379310345,76.10344827586206,29,66.0,3,74.5,4.166666666666667,1,5,0,1.3,9.0,1.0,1.0,9.98176337255279,At Risk,True,False,False,True,False,False,0.34594501685597434,1638,Good
S2705,Robert Garza,Male,2025-09-01,Low,3.32758982638986,0.4666666666666667,0.0,4.125,4,0.6188148148148147,59.51834838709678,27,60.333333333333336,3,67.16666666666667,3.333333333333333,1,5,0,1.2,7.0,5.0,3.0,3.32758982638986,At Risk,True,False,False,True,False,False,0.4679532476562476,1867,Average
S2706,Jessica Cobb,Female,2025-10-22,Medium,11.902479717261723,0.6333333333333333,0.75,16.3,4,0.718,72.10344827586206,29,69.5,4,75.66666666666667,3.0,2,4,0,1.7,6.0,3.0,4.0,11.902479717261723,At Risk,True,False,False,False,False,False,0.3440104673735124,1555,Good
S2707,Cynthia Bates,Male,2024-12-23,Medium,17.151108419693344,0.7333333333333333,0.4,9.22,5,0.6843478260869565,66.17391304347827,23,86.5,2,87.33333333333333,3.0,1,5,0,1.7,7.0,4.0,6.0,17.151108419693344,Average Performer,True,False,False,False,False,False,0.2644845477913464,791,Good
S2708,Timothy Andrews,Female,2026-04-27,Medium,15.387759638233485,0.7666666666666667,0.6666666666666666,8.5,3,0.8351851851851853,82.62962962962963,27,85.0,3,81.0,2.5,1,5,0,2.8,8.0,2.0,5.0,15.387759638233485,Average Performer,False,False,False,False,False,False,0.22780837868219403,333,Good
S2709,Mr. Joel Peters,Female,2026-03-23,Low,2.290072891221332,0.5666666666666667,0.6666666666666666,10.9,3,0.6621538461538462,63.84615384615385,26,66.5,4,74.16666666666667,3.333333333333333,1,5,0,1.2,5.0,1.0,3.0,2.290072891221332,At Risk,True,False,False,True,False,False,0.40971199725912616,1799,Average
S2710,Casey Blanchard,Male,2025-05-03,High,14.509438931732197,0.9666666666666668,1.0,23.027249999999995,4,0.7827857142857143,76.42857142857143,28,79.66666666666667,3,83.5,2.833333333333333,2,4,0,1.4,5.0,3.0,3.0,14.509438931732197,High Performer,False,False,False,False,False,False,0.2026406883849552,513,Good
S2711,Brian Cervantes,Male,2025-07-14,Medium,3.639555816741096,0.7,0.75,12.4,4,0.7228888888888889,75.70370370370371,27,73.0,4,69.83333333333333,4.5,0,6,0,1.0,6.0,1.0,5.0,3.639555816741096,Average Performer,True,False,False,True,False,False,0.3482844437914806,1714,Good
S2712,Jamie Snyder,Female,2024-10-11,Medium,14.547648711846788,0.9666666666666668,1.0,18.55,4,0.7593928571428572,80.10714285714286,28,86.0,3,85.66666666666667,3.333333333333333,1,5,0,1.9,6.0,2.0,7.0,14.547648711846788,High Performer,False,False,False,False,False,False,0.19364635441085915,225,Excellent
S2713,Ann Montoya,Male,2024-11-17,Medium,13.496886261158195,0.9333333333333332,1.0,20.825,4,0.7799999999999999,77.22222222222223,27,76.0,2,78.83333333333333,2.333333333333333,2,4,0,1.9,7.0,3.0,7.0,13.496886261158195,High Performer,False,False,False,False,False,False,0.2286744510137712,674,Good
S2714,Stephanie Fields,Male,2026-01-30,Low,1.0,0.4,0.25,10.45,4,0.6905,66.36666666666666,30,78.66666666666667,3,80.5,6.666666666666667,0,5,1,1.0,6.0,1.0,2.0,1.0,At Risk,True,False,False,True,False,True,0.41226666666666667,1550,Average
S2715,Charles Hernandez,Other,2025-06-22,Medium,8.805455112256077,0.8333333333333334,0.75,16.0,4,0.8130344827586207,82.06896551724138,29,75.75,4,90.83333333333331,3.6666666666666665,0,6,0,1.3,10.0,1.0,7.0,8.805455112256077,Average Performer,False,False,False,True,False,False,0.23799268405844032,607,Good
S2716,Jean Lane,Male,2026-05-01,Medium,7.21121430893374,0.8,0.5,9.875,4,0.8017037037037037,79.29629629629629,27,70.75,4,86.5,3.5,1,5,0,1.1,7.0,3.0,5.0,7.21121430893374,Average Performer,False,False,False,True,False,False,0.2702108531165545,945,Good
S2717,Michael Stewart,Female,2025-06-12,High,12.637505327317443,0.9,1.0,11.175,4,0.7497037037037038,77.0,27,83.5,4,74.66666666666667,3.333333333333333,0,6,0,1.5,8.0,2.0,4.0,12.637505327317443,Average Performer,False,False,False,False,False,False,0.23949512557059524,949,Good
S2718,Susan Torres,Other,2024-09-28,Medium,12.3767682679117,0.6666666666666666,0.5,8.55,4,0.761962962962963,73.62962962962963,27,70.5,2,81.16666666666667,3.8333333333333335,0,6,0,2.2,7.0,2.0,5.0,12.3767682679117,At Risk,True,False,False,False,False,False,0.3110525237746652,1053,Good
S2719,Jessica Haas,Male,2024-10-06,Medium,5.984008352531478,0.9666666666666668,0.75,18.525,4,0.7339565217391304,74.0,23,70.66666666666667,3,83.16666666666667,3.6666666666666665,0,6,0,1.0,8.0,1.0,3.0,5.984008352531478,Average Performer,False,False,False,True,False,False,0.2571030225969322,1071,Good
S2720,Brandon Smith,Male,2024-09-13,Medium,11.080191128050268,0.6666666666666666,1.0,10.7,3,0.6492903225806451,64.80645161290323,31,68.5,2,85.83333333333333,3.333333333333333,0,6,0,1.0,6.0,3.0,2.0,11.080191128050268,At Risk,True,False,False,False,False,False,0.34509575873901416,1560,Good
S2721,Mrs. Bethany Phillips,Male,2025-06-22,Low,1.0,0.7666666666666667,0.6666666666666666,10.466666666666669,3,0.7006666666666667,70.20833333333333,24,72.5,4,75.5,2.833333333333333,2,4,0,1.4,6.0,0.0,3.0,1.0,Average Performer,False,False,False,True,False,False,0.33738333333333337,1512,Good
S2722,Joshua Brown,Male,2026-06-17,Low,2.154584770301596,0.7333333333333333,1.0,14.866666666666667,3,0.77971875,74.8125,32,73.5,2,79.33333333333333,3.333333333333333,1,5,0,1.2,4.0,5.0,4.0,2.154584770301596,Average Performer,True,False,False,True,False,False,0.3113645797409127,1271,Good
S2723,Samantha Howard,Male,2024-11-05,High,15.124665299125263,0.9666666666666668,0.3333333333333333,9.7,3,0.6924230769230769,72.03846153846153,26,81.25,4,86.83333333333333,1.8333333333333333,3,3,0,2.4,7.0,3.0,3.0,15.124665299125263,Average Performer,False,False,False,False,False,False,0.2200447470085971,308,Good
S2724,Sharon Young,Female,2025-07-31,Medium,10.410942056024638,0.7333333333333333,0.0,11.166666666666666,3,0.6428064516129032,64.16129032258064,31,69.0,2,72.0,3.333333333333333,0,6,0,1.2,7.0,2.0,3.0,10.410942056024638,Average Performer,True,False,False,False,False,False,0.35179737604273414,1754,Good
S2725,Jennifer Flores,Male,2025-01-09,Low,4.75360536259392,0.7666666666666667,0.75,8.375,4,0.7666296296296297,76.92592592592592,27,66.0,4,83.5,4.833333333333333,1,5,0,1.8,6.0,3.0,5.0,4.75360536259392,Average Performer,False,False,False,True,False,False,0.30921043103795964,1064,Good
S2726,James Gardner,Female,2025-07-08,High,20.01685461175737,0.9333333333333332,0.6666666666666666,6.1000000000000005,3,0.8233333333333334,81.26666666666667,30,77.66666666666667,3,87.66666666666667,2.6666666666666665,1,5,0,2.9,9.0,3.0,3.0,20.01685461175737,High Performer,False,False,False,False,False,False,0.1827911968039399,81,Excellent
S2727,Karen Lopez,Other,2024-09-25,High,14.413331450369002,0.8666666666666667,0.3333333333333333,10.666666666666666,3,0.7463846153846153,74.0,26,72.5,2,81.33333333333333,3.0,1,5,0,2.4,8.0,2.0,5.0,14.413331450369002,Average Performer,False,False,False,False,False,False,0.2563846200920263,771,Good
S2728,Tim Larsen,Female,2025-05-09,High,12.248728692555394,0.9333333333333332,1.0,10.6,3,0.7564074074074073,73.70370370370371,27,73.5,2,73.83333333333333,1.3333333333333333,2,4,0,2.7,6.0,3.0,4.0,12.248728692555394,High Performer,False,False,False,False,False,False,0.25137262271305605,808,Good
S2729,Zachary Santiago,Female,2026-01-03,Medium,17.062713982568635,0.9666666666666668,0.6666666666666666,10.466666666666669,3,0.7817241379310346,75.24137931034483,29,81.5,2,89.0,2.0,3,3,0,1.5,10.0,1.0,5.0,17.062713982568635,High Performer,False,False,False,False,False,False,0.18465930699760136,285,Excellent
S2730,Benjamin Smith,Male,2025-09-08,High,13.9636094703406,0.9333333333333332,1.0,15.4,3,0.8551923076923077,84.73076923076923,26,86.0,2,85.5,3.5,1,5,0,2.0,10.0,2.0,5.0,13.9636094703406,High Performer,False,False,False,False,False,False,0.17494995068312288,71,Excellent
S2731,Katelyn Kim,Female,2025-06-04,Low,5.231252471793769,0.7333333333333333,0.25,16.1,4,0.7137619047619048,68.04761904761905,21,73.75,4,74.83333333333333,2.0,1,5,0,1.7,8.0,3.0,1.0,5.231252471793769,Average Performer,True,False,False,True,False,False,0.32970996405861086,1435,Good
S2732,Angela May MD,Female,2025-10-26,Medium,13.933400288406045,0.7666666666666667,0.5,10.25,2,0.892265925925926,90.60857142857144,25,75.33333333333333,3,85.0,3.0,1,5,0,1.2,9.0,3.0,4.0,13.933400288406045,Average Performer,False,False,False,False,False,False,0.22765338816787373,744,Good
S2733,Richard Munoz,Male,2025-10-04,Medium,21.0617343241343,0.6333333333333333,0.3333333333333333,14.1,3,0.7643125,79.4375,32,76.0,2,81.5,5.5,0,6,0,2.0,8.0,3.0,4.0,21.0617343241343,At Risk,True,False,False,False,False,True,0.2854685808563309,979,Good
S2734,Christopher Hicks,Male,2025-09-03,High,10.394878190752271,0.8333333333333334,0.25,13.95,4,0.8573103448275863,86.72413793103448,29,77.0,3,85.33333333333333,1.1666666666666667,3,3,0,1.0,7.0,1.0,2.0,10.394878190752271,Average Performer,False,False,False,False,False,False,0.2264863677415101,727,Good
S2735,Joanna Kelly,Female,2026-03-23,Medium,10.422607590594266,0.8,1.0,12.566666666666668,3,0.7678695652173914,79.17391304347827,23,68.5,2,72.5,4.0,1,5,0,1.1,8.0,0.0,4.0,10.422607590594266,Average Performer,False,False,False,False,False,False,0.2978326114582969,1514,Good
S2736,Larry Lane,Male,2025-05-29,Medium,6.277176899719873,0.7666666666666667,0.75,11.925,4,0.7051538461538461,73.84615384615384,26,76.33333333333333,3,71.5,4.666666666666667,1,5,0,1.7,7.0,1.0,3.0,6.277176899719873,Average Performer,False,False,False,True,False,False,0.32117757057121316,1412,Good
S2737,Cynthia Shaw,Male,2026-06-04,Low,8.74433333391253,0.5,1.0,14.4,4,0.7349230769230769,74.34615384615384,26,68.0,2,77.0,3.5,2,4,0,1.6,7.0,2.0,6.0,8.74433333391253,At Risk,True,False,False,True,False,False,0.3811622435882956,1577,Good
S2738,Joshua Richardson,Male,2025-02-16,Low,5.260155750824185,0.3666666666666666,0.3333333333333333,10.866666666666667,3,0.5923043478260869,59.51834838709678,23,70.0,4,76.0,5.0,0,6,0,1.1,5.0,2.0,5.0,5.260155750824185,At Risk,True,False,False,True,False,False,0.4634916396084468,1802,Average
S2739,Laura Bush,Male,2025-10-23,Medium,7.669192016058242,0.8,0.6,13.56,5,0.8285862068965517,80.24137931034483,29,75.33333333333333,3,82.5,3.8333333333333335,1,5,0,1.7,8.0,1.0,3.0,7.669192016058242,Average Performer,False,False,False,True,False,False,0.2578344912242222,700,Good
S2740,John Vaughn,Female,2025-08-18,Low,3.781742254951484,0.6333333333333333,0.75,13.725,4,0.7596551724137931,73.0,29,65.5,2,74.16666666666667,3.333333333333333,0,6,0,1.0,7.0,1.0,2.0,3.781742254951484,At Risk,True,False,False,True,False,False,0.36206575930515006,1731,Good
S2741,Nicholas Terrell,Female,2025-12-03,Low,3.5604278837290684,0.7666666666666667,0.6666666666666666,9.766666666666667,3,0.66472,68.72,25,66.66666666666667,3,72.16666666666667,3.8333333333333335,1,5,0,1.1,8.0,1.0,5.0,3.5604278837290684,Average Performer,False,False,False,True,False,False,0.3584329302906773,1755,Good
S2742,Dr. Julie Miller,Female,2025-06-20,Low,8.133876223373019,0.6666666666666666,0.5,5.6,4,0.7281785714285715,73.57142857142857,28,64.66666666666667,3,71.5,5.166666666666667,0,6,0,1.0,3.0,0.0,2.0,8.133876223373019,At Risk,True,False,False,True,False,True,0.357961738012996,1790,Good
S2743,Ann Kennedy,Male,2025-07-03,High,16.59334669036362,0.9333333333333332,1.0,15.3,3,0.7812142857142856,77.75,28,89.5,4,83.0,3.6666666666666665,0,6,0,2.7,8.0,3.0,5.0,16.59334669036362,High Performer,False,False,False,False,False,False,0.18731901422647196,120,Excellent
S2744,Toni Miller,Male,2026-01-13,High,15.314064286977208,0.9,0.75,15.025,4,0.7789705882352941,78.88235294117646,34,72.0,2,75.16666666666667,3.333333333333333,2,4,0,1.8,10.0,1.0,4.0,15.314064286977208,High Performer,False,False,False,False,False,False,0.24627366281196875,993,Good
S2745,Rebecca Edwards,Female,2026-07-20,High,14.921971878996484,0.9,0.75,7.75,4,0.8799230769230769,89.03846153846153,26,77.5,2,80.66666666666667,4.333333333333333,2,4,0,1.5,9.0,2.0,4.0,14.921971878996484,High Performer,False,False,False,False,False,False,0.19771814722558573,555,Excellent
S2746,Greg Osborne,Male,2025-08-11,Medium,8.867119153845914,0.9333333333333332,0.6666666666666666,7.433333333333333,3,0.6913571428571429,69.64285714285714,28,73.33333333333333,3,79.5,2.833333333333333,1,5,0,1.5,8.0,1.0,2.0,8.867119153845914,Average Performer,False,False,False,True,False,False,0.27117505925824237,1129,Good
S2747,Jose Harrison,Male,2026-02-15,Medium,10.475251354025271,0.8333333333333334,0.5,12.75,2,0.7292758620689656,74.34482758620689,29,89.66666666666667,3,73.83333333333333,1.6666666666666667,4,2,0,1.0,7.0,1.0,4.0,10.475251354025271,Average Performer,False,False,False,False,False,False,0.2566124463275805,1252,Good
S2748,Jennifer Yu,Female,2025-06-15,Medium,8.394035458194107,0.8666666666666667,1.0,7.3,3,0.7364333333333334,71.43333333333334,30,65.5,4,78.33333333333333,3.1666666666666665,2,4,0,1.0,8.0,1.0,4.0,8.394035458194107,Average Performer,False,False,False,True,False,False,0.29291824468784805,1484,Good
S2749,Donna Johnson,Male,2026-04-27,Low,2.029608296906656,0.6333333333333333,0.3333333333333333,6.0,3,0.6219642857142856,63.892857142857146,28,58.0,2,70.5,7.0,0,4,2,1.0,6.0,0.0,5.0,2.029608296906656,At Risk,True,False,False,True,False,True,0.4282533602101144,1871,Average
S2750,Nicole Acosta,Female,2024-11-30,Low,4.980518743932166,0.7666666666666667,0.0,6.65,2,0.6077142857142857,63.285714285714285,35,78.0,2,83.0,4.5,0,6,0,1.7,7.0,3.0,7.0,4.980518743932166,Average Performer,False,False,False,True,False,False,0.3330677507592172,1156,Good
S2751,Amy Kennedy,Male,2024-11-16,Low,5.142550240628456,0.6333333333333333,0.5,11.075,4,0.7167857142857142,71.21428571428571,28,67.66666666666667,3,77.66666666666667,3.1666666666666665,0,6,0,1.5,5.0,2.0,2.0,5.142550240628456,At Risk,True,False,False,True,False,False,0.3619412434460479,1592,Good
S2752,Anthony Mooney,Male,2025-08-23,Medium,2.240712648897518,0.8333333333333334,0.3333333333333333,10.333333333333334,3,0.7943214285714285,80.5,28,68.0,3,83.5,2.333333333333333,2,4,0,1.1,8.0,1.0,2.0,2.240712648897518,Average Performer,False,False,False,True,False,False,0.2865184564729943,1090,Good
S2753,Lori Mitchell,Male,2024-11-02,Medium,14.046986140915063,0.9333333333333332,1.0,22.4,2,0.7756363636363637,81.5909090909091,22,85.0,3,86.0,3.1666666666666665,0,6,0,2.2,5.0,0.0,7.0,14.046986140915063,High Performer,False,False,False,False,False,False,0.19985829222346993,158,Excellent
S2754,Jonathan York,Other,2025-08-07,Medium,8.151063001429005,0.8333333333333334,1.0,11.7,3,0.73316,74.28,25,83.0,2,87.16666666666667,2.833333333333333,1,5,0,1.0,10.0,1.0,6.0,8.151063001429005,Average Performer,False,False,False,True,False,False,0.25459100916309413,874,Good
S2755,Casey Campbell,Female,2026-01-30,High,20.05420058641509,0.9,1.0,20.375,4,0.8639629629629629,84.55555555555556,27,92.0,3,84.16666666666667,3.0,2,4,0,2.6,9.0,1.0,7.0,20.05420058641509,High Performer,False,False,False,False,False,False,0.15542560964507338,38,Excellent
S2756,Alexis Rodriguez,Female,2025-07-17,High,18.900666980554423,0.8333333333333334,0.0,15.133333333333333,3,0.7675172413793103,80.27586206896552,29,70.66666666666667,3,85.0,2.5,2,4,0,1.6,7.0,3.0,7.0,18.900666980554423,Average Performer,False,False,False,False,False,False,0.24532649346815416,882,Good
S2757,Kevin Hernandez,Female,2024-11-04,Medium,7.36612594757603,0.7,0.75,8.2,4,0.6603636363636364,65.54545454545455,22,68.75,4,72.0,3.6666666666666665,2,4,0,1.7,4.0,0.0,3.0,7.36612594757603,Average Performer,True,False,False,True,False,False,0.362975594221969,1660,Good
S2758,Robert Green,Male,2026-01-25,Medium,10.716519980219838,0.9333333333333332,0.6666666666666666,11.033333333333331,3,0.7474615384615385,74.65384615384616,26,79.25,4,81.0,2.833333333333333,1,5,0,1.7,9.0,1.0,4.0,10.716519980219838,Average Performer,False,False,False,False,False,False,0.23563690517765554,689,Good
S2759,Kari Lloyd,Female,2025-08-29,Low,11.38582386008978,0.6666666666666666,0.3333333333333333,8.566666666666666,3,0.7018800000000001,72.24,25,72.5,2,89.16666666666667,5.5,0,5,1,2.1,8.0,0.0,2.0,11.38582386008978,At Risk,True,False,False,False,False,True,0.31555477368310886,961,Good
S2760,Grace Miller,Male,2026-05-28,High,17.822417884374588,0.9333333333333332,0.6666666666666666,10.066666666666668,3,0.8340833333333334,83.41666666666667,24,91.0,3,83.83333333333333,1.3333333333333333,3,3,0,2.3,10.0,3.0,1.0,17.822417884374588,High Performer,False,False,False,False,False,False,0.1641356219557302,54,Excellent
S2761,Timothy Moore,Female,2025-09-10,Medium,12.541532369412945,0.9666666666666668,0.5,8.025,4,0.77556,75.92,25,76.0,4,88.66666666666667,1.6666666666666667,3,3,0,2.2,7.0,2.0,3.0,12.541532369412945,High Performer,False,False,False,False,False,False,0.2093115024098009,216,Good
S2762,Wyatt Townsend II,Male,2024-10-26,Medium,15.267435024315782,1.0,0.3333333333333333,13.866666666666667,3,0.8030357142857143,79.92857142857143,28,83.66666666666667,3,86.0,1.8333333333333333,3,3,0,2.2,8.0,3.0,8.0,15.267435024315782,High Performer,False,False,False,False,False,False,0.17458736482016293,62,Excellent
S2763,Mark Clark,Female,2026-01-17,Medium,9.577574315787087,0.7333333333333333,1.0,12.7,3,0.8130689655172414,83.82758620689656,29,71.5,2,86.0,3.0,1,5,0,2.1,9.0,0.0,4.0,9.577574315787087,Average Performer,True,False,False,True,False,False,0.27680204122202656,653,Good
S2764,Haley May,Male,2025-01-08,Medium,10.337737148993853,0.9,0.3333333333333333,15.666666666666666,3,0.7456999999999999,73.56666666666666,30,82.0,2,79.16666666666667,3.5,0,6,0,2.0,7.0,3.0,2.0,10.337737148993853,Average Performer,False,False,False,False,False,False,0.2426956571275154,670,Good
S2765,Audrey Jackson,Male,2025-07-15,Medium,8.242078621000948,1.0,0.3333333333333333,6.833333333333333,3,0.6927241379310345,73.82758620689656,29,86.5,2,80.83333333333333,3.0,1,5,0,1.0,8.0,1.0,2.0,8.242078621000948,Average Performer,False,False,False,True,False,False,0.2273275620681873,864,Good
S2766,Eric Reese,Female,2025-07-29,Medium,1.7629530315767354,0.8333333333333334,1.0,16.166666666666668,3,0.7853333333333333,77.53333333333333,30,80.5,4,77.0,3.1666666666666665,0,6,0,1.0,9.0,1.0,3.0,1.7629530315767354,Average Performer,False,False,False,True,False,False,0.27515928408772483,1134,Good
S2767,Kim James,Male,2024-08-21,Medium,7.660265735137218,0.7666666666666667,0.25,7.825,4,0.7130333333333334,71.33333333333333,30,72.75,4,73.16666666666667,3.333333333333333,0,6,0,1.0,8.0,1.0,4.0,7.660265735137218,Average Performer,False,False,False,True,False,False,0.32002266899549026,1663,Good
S2768,Karen Thomas,Male,2026-02-26,High,13.360697438154892,0.9666666666666668,1.0,20.8,3,0.8337826086956521,80.47826086956522,23,85.5,2,76.16666666666667,4.5,1,5,0,2.0,7.0,2.0,4.0,13.360697438154892,High Performer,False,False,False,False,False,False,0.18954680712925043,308,Excellent
S2769,Alexandra Ho,Male,2024-11-25,High,12.006540719835836,0.9333333333333332,0.5,14.975,4,0.79572,84.28,25,83.0,3,84.16666666666667,2.1666666666666665,3,3,0,2.1,7.0,1.0,1.0,12.006540719835836,High Performer,False,False,False,False,False,False,0.2056843148670771,198,Good
S2770,Michael Nixon,Male,2025-10-04,Medium,8.755853220214815,0.6333333333333333,0.0,3.9996666666666663,2,0.7082999999999999,69.86666666666666,30,72.5,2,78.33333333333333,5.333333333333333,1,5,0,1.6,6.0,2.0,4.0,8.755853220214815,At Risk,True,False,False,True,False,True,0.3447870336161296,1476,Good
S2771,Amanda Hardin,Female,2025-05-09,Low,3.566996771687766,0.5333333333333333,0.6666666666666666,3.9996666666666663,3,0.7687857142857143,75.89285714285714,28,71.0,2,69.16666666666667,5.833333333333333,0,6,0,1.0,5.0,3.0,4.0,3.566996771687766,At Risk,True,False,False,True,False,True,0.381363460451733,1710,Good
S2772,Tina Reynolds,Female,2026-07-12,Medium,7.529077916967507,0.9,0.5,13.525,4,0.8910333333333332,90.56666666666666,30,81.25,4,84.33333333333333,3.0,1,5,0,1.1,8.0,1.0,6.0,7.529077916967507,High Performer,False,False,False,True,False,False,0.19986730520758128,457,Excellent
S2773,Shannon Rogers,Female,2024-10-27,Medium,14.339602778946698,0.7,0.3333333333333333,12.0,3,0.7778275862068965,73.51724137931035,29,54.74916666666667,2,74.66666666666667,2.1666666666666665,1,5,0,1.0,5.0,0.0,6.0,14.339602778946698,At Risk,True,False,False,False,False,False,0.33430438385723094,1690,Good
S2774,Brett Pena,Female,2025-11-06,Medium,11.910883026673098,0.9666666666666668,1.0,18.366666666666667,3,0.82952,83.2,25,75.0,2,92.16833333333334,2.333333333333333,2,4,0,1.8,6.0,3.0,4.0,11.910883026673098,High Performer,False,False,False,False,False,False,0.19144762576665053,183,Excellent
S2775,Raymond Curry,Male,2026-05-20,Low,4.002520891268411,0.8,0.75,7.475,4,0.6387083333333333,64.33333333333333,24,70.25,4,79.16666666666667,4.333333333333333,0,6,0,1.0,8.0,0.0,4.0,4.002520891268411,Average Performer,False,False,False,True,False,False,0.33913119777182893,1621,Good
S2776,Leah Lee,Female,2025-06-09,Low,9.45116405973467,0.5333333333333333,0.3333333333333333,8.366666666666667,3,0.8124137931034482,80.13793103448276,29,57.5,2,67.16666666666667,3.1666666666666665,0,6,0,1.3,8.0,1.0,5.0,9.45116405973467,At Risk,True,False,False,True,False,False,0.38356461858629554,1646,Good
S2777,Michael White,Male,2024-10-20,Medium,12.584598773029484,0.9,0.75,14.075,4,0.6893448275862069,68.86206896551724,29,80.0,3,76.0,1.6666666666666667,3,3,0,2.8,7.0,1.0,4.0,12.584598773029484,Average Performer,False,False,False,False,False,False,0.2627350547915642,822,Good
S2778,Megan Decker,Male,2024-10-28,Medium,14.085913503647983,0.8666666666666667,1.0,12.966666666666669,3,0.7296071428571428,72.42857142857143,28,78.5,2,81.5,2.5,1,5,0,1.8,8.0,3.0,7.0,14.085913503647983,Average Performer,False,False,False,False,False,False,0.24998640671707054,834,Good
S2779,Brent Garcia,Female,2025-05-10,Low,9.332204956623734,0.7333333333333333,0.0,12.825,4,0.7755483870967742,79.83870967741936,31,79.66666666666667,3,76.0,4.833333333333333,1,5,0,2.1,8.0,0.0,4.0,9.332204956623734,Average Performer,True,False,False,True,False,False,0.28733830481274175,934,Good
S2780,Daniel Campbell,Male,2025-10-14,Medium,10.44913790858797,0.9,0.3333333333333333,10.533333333333331,3,0.7506538461538461,74.76923076923077,26,74.66666666666667,3,73.83333333333333,5.5,1,4,1,1.9,7.0,0.0,5.0,10.44913790858797,High Performer,False,False,False,False,False,True,0.26359766804904294,1021,Good
S2781,Alexander Davis,Female,2025-03-08,Medium,6.13959646083168,0.8666666666666667,0.75,8.85,4,0.7258214285714286,75.14285714285714,28,66.0,3,79.33333333333333,5.333333333333333,0,6,0,1.9,10.0,3.0,4.0,6.13959646083168,Average Performer,False,False,False,True,False,True,0.29923791360982555,1181,Good
S2782,Mary Houston,Male,2024-08-27,High,17.543466901286386,0.9333333333333332,1.0,23.027249999999995,3,0.892265925925926,89.16,25,79.0,3,79.33333333333333,2.333333333333333,2,4,0,2.0,7.0,2.0,5.0,17.543466901286386,High Performer,False,False,False,False,False,False,0.17812822163567293,330,Excellent
S2783,Margaret Erickson,Female,2025-09-06,Low,12.09555595452933,0.6,1.0,15.6,2,0.7489166666666667,72.79166666666667,24,78.66666666666667,3,71.5,4.166666666666667,0,6,0,1.5,6.0,3.0,3.0,12.09555595452933,At Risk,True,False,False,False,False,False,0.33050277678034334,1436,Good
S2784,Scott Anderson,Female,2024-11-23,Low,8.959269586027563,0.7333333333333333,0.0,6.949999999999999,2,0.7522692307692308,76.0,26,75.0,2,79.33333333333333,4.833333333333333,0,6,0,1.0,5.0,3.0,5.0,8.959269586027563,Average Performer,True,False,False,True,False,False,0.2995877234708285,1414,Good
S2785,Stephanie Knight,Female,2024-10-26,High,19.57571047712953,0.9666666666666668,0.75,14.05,4,0.848625,84.46875,32,94.0,2,82.16666666666667,3.6666666666666665,0,6,0,1.5,6.0,3.0,4.0,19.57571047712953,High Performer,False,False,False,False,False,False,0.1435565571405095,182,Excellent
S2786,Stephanie Dominguez,Female,2025-05-11,Medium,2.7443228310710914,0.9666666666666668,1.0,9.066666666666666,3,0.7446521739130434,74.65217391304348,23,71.0,3,75.33333333333333,0.6666666666666666,3,3,0,1.8,9.0,1.0,3.0,2.7443228310710914,Average Performer,False,False,False,True,False,False,0.2730768740817426,1002,Good
S2787,John Mayer,Female,2025-03-20,Medium,14.496622742776546,0.9,1.0,13.25,4,0.7741481481481481,75.22222222222223,27,85.75,4,86.16666666666667,1.8333333333333333,3,3,0,2.0,6.0,3.0,5.0,14.496622742776546,High Performer,False,False,False,False,False,False,0.20576399869861417,244,Good
S2788,Tammy Hill,Male,2025-05-13,High,10.08631902266405,0.9,0.5,16.075,4,0.7688076923076923,76.73076923076923,26,75.75,4,75.16666666666667,4.5,1,5,0,1.3,8.0,3.0,1.0,10.08631902266405,High Performer,False,False,False,False,False,False,0.2548918947510322,1127,Good
S2789,Steven Carrillo,Female,2025-03-19,Low,8.614947377549177,0.6666666666666666,0.0,5.65,4,0.71776,69.6,25,59.0,2,77.66666666666667,4.5,0,6,0,1.3,8.0,3.0,6.0,8.614947377549177,At Risk,True,False,False,True,False,False,0.36196796488946037,1685,Good
S2790,Christopher Jones,Male,2025-03-12,High,15.562167377560856,0.9,1.0,14.8,4,0.781875,77.04166666666667,24,88.66666666666667,3,92.16833333333334,2.0,4,2,0,1.5,10.0,3.0,4.0,15.562167377560856,High Performer,False,False,False,False,False,False,0.1859462482227645,267,Excellent
S2791,Janet Cook,Female,2025-08-08,High,19.227256839457688,0.9666666666666668,0.75,14.625,4,0.7512758620689655,76.96551724137932,29,78.5,2,87.33333333333333,2.5,1,5,0,2.1,9.0,3.0,6.0,19.227256839457688,High Performer,False,False,False,False,False,False,0.19688243261399946,279,Excellent
S2792,Tyler Baker,Female,2024-08-17,Medium,6.811716094968937,0.9333333333333332,0.5,12.05,2,0.7870588235294117,79.41176470588235,34,75.66666666666667,3,86.83333333333333,3.8333333333333335,1,5,0,1.3,6.0,3.0,5.0,6.811716094968937,High Performer,False,False,False,True,False,False,0.23193639603708754,560,Good
S2793,John Mcfarland,Female,2026-04-02,Medium,12.677601461213184,0.9666666666666668,0.6666666666666666,12.533333333333331,3,0.7906400000000001,80.92,25,83.66666666666667,3,82.83333333333333,3.0,1,5,0,1.7,6.0,3.0,6.0,12.677601461213184,High Performer,False,False,False,False,False,False,0.197863996346967,321,Excellent
S2794,Cassandra Vasquez,Male,2024-11-14,High,9.728141550203162,0.9666666666666668,1.0,12.566666666666668,3,0.78584375,76.875,32,80.5,2,78.0,2.5,2,4,0,1.9,10.0,2.0,5.0,9.728141550203162,High Performer,False,False,False,True,False,False,0.2202598544578254,518,Good
S2795,Randy Robinson,Male,2024-11-14,Medium,7.567592573086531,0.9333333333333332,0.3333333333333333,14.2,3,0.7928571428571428,75.21428571428571,28,75.5,2,78.83333333333333,4.833333333333333,0,6,0,2.0,7.0,1.0,0.0,7.567592573086531,High Performer,False,False,False,True,False,False,0.24064054237680751,611,Good
S2796,Susan Baldwin,Female,2026-03-27,Medium,6.942187618961919,0.9666666666666668,1.0,10.933333333333332,3,0.8164137931034483,81.24137931034483,29,79.66666666666667,3,83.83333333333333,3.1666666666666665,1,5,0,1.3,8.0,1.0,4.0,6.942187618961919,High Performer,False,False,False,True,False,False,0.2109703930215607,433,Good
S2797,Benjamin Duncan,Male,2025-10-27,High,12.83869402247673,0.8333333333333334,0.3333333333333333,9.033333333333331,3,0.8001999999999999,82.12,25,77.75,4,86.16666666666667,3.5,2,4,0,2.0,4.0,2.0,6.0,12.83869402247673,Average Performer,False,False,False,False,False,False,0.23475993161047487,434,Good
S2798,Jeremy Mosley,Male,2025-06-19,High,13.95770472905958,0.8333333333333334,0.3333333333333333,9.0,3,0.7609615384615385,78.46153846153847,26,77.0,2,86.66666666666667,2.6666666666666665,2,4,0,1.0,4.0,0.0,3.0,13.95770472905958,Average Performer,False,False,False,False,False,False,0.24448394330555615,935,Good
S2799,Martin Fitzpatrick,Male,2024-09-02,Medium,16.606481816087964,0.9,0.5,14.375,4,0.8386428571428571,88.25,28,70.0,2,87.83333333333333,2.333333333333333,0,6,0,2.9,9.0,1.0,6.0,16.606481816087964,High Performer,False,False,False,False,False,False,0.21014093831692296,230,Good
S2800,Deborah Graves,Female,2026-07-24,Medium,21.9060189964281,0.8,1.0,9.5,3,0.8425357142857143,83.53571428571429,28,84.5,4,81.5,1.8333333333333333,2,4,0,2.2,10.0,2.0,3.0,21.9060189964281,Average Performer,False,False,False,False,False,False,0.20122423822321545,347,Good
S2801,Laura Robertson,Female,2026-06-21,Low,5.643134518722395,0.6,0.25,6.35,4,0.6324814814814814,64.22222222222223,27,63.0,3,84.83333333333333,5.333333333333333,0,6,0,1.0,5.0,0.0,3.0,5.643134518722395,At Risk,True,False,False,True,False,True,0.3928977192587496,1682,Good
S2802,Katherine Graham,Male,2025-03-21,Low,9.712534487354452,0.5666666666666667,0.5,8.05,4,0.7377916666666667,73.58333333333333,24,66.66666666666667,3,75.16666666666667,5.0,1,5,0,1.2,7.0,1.0,2.0,9.712534487354452,At Risk,True,False,False,True,False,False,0.36663116378161387,1706,Good
S2803,Priscilla Floyd,Male,2026-06-17,Low,6.3011525089655365,0.7333333333333333,0.4,11.62,5,0.6265652173913043,59.51834838709678,23,64.25,4,83.5,6.666666666666667,0,5,1,1.0,8.0,2.0,3.0,6.3011525089655365,Average Performer,True,False,False,True,False,True,0.35919422017686153,1640,Good
S2804,April Finley,Male,2025-03-04,Medium,13.25965769633819,0.9,0.6666666666666666,12.833333333333334,3,0.7776923076923077,77.76923076923077,26,79.25,4,83.5,4.166666666666667,0,6,0,1.6,4.0,4.0,7.0,13.25965769633819,High Performer,False,False,False,False,False,False,0.22479316345146222,591,Good
S2805,Karen Bradley,Female,2025-01-10,Low,4.687683284562822,0.6666666666666666,0.8,13.28,5,0.762,76.61538461538461,26,70.25,4,70.16666666666667,3.8333333333333335,1,5,0,1.0,9.0,0.0,4.0,4.687683284562822,At Risk,True,False,False,True,False,False,0.3472641251219263,1688,Good
S2806,Heather Maldonado,Female,2024-12-16,Medium,13.016900184435816,0.6666666666666666,0.0,8.625,4,0.7550384615384615,76.46153846153847,26,76.5,2,79.0,5.166666666666667,0,5,1,1.1,7.0,2.0,4.0,13.016900184435816,At Risk,True,False,False,False,False,True,0.3027795444107053,1390,Good
S2807,Mark Benjamin,Male,2026-04-24,Medium,9.791062651309629,0.9333333333333332,0.5,20.700000000000003,2,0.857,88.04,25,72.66666666666667,3,78.83333333333333,2.833333333333333,2,4,0,1.2,10.0,2.0,3.0,9.791062651309629,High Performer,False,False,False,True,False,False,0.22150567670505927,823,Good
S2808,Joseph Woodward,Male,2026-02-21,High,13.537996796593916,0.9666666666666668,0.5,11.7,4,0.7857931034482759,76.03448275862068,29,82.0,3,83.66666666666667,2.0,3,3,0,1.6,9.0,1.0,5.0,13.537996796593916,High Performer,False,False,False,False,False,False,0.19925041030736573,380,Excellent
S2809,Joe Miranda,Male,2025-08-10,High,16.360662453709654,1.0,1.0,19.4,4,0.8145,83.0,22,78.0,3,84.66666666666667,2.833333333333333,2,4,0,1.6,10.0,1.0,6.0,16.360662453709654,High Performer,False,False,False,False,False,False,0.18174834386572586,301,Excellent
S2810,Cassandra Williams,Female,2024-07-28,Medium,11.862885079521178,0.8333333333333334,0.6666666666666666,12.866666666666667,3,0.7348181818181818,74.5,22,70.0,3,79.5,4.5,2,4,0,1.5,6.0,3.0,3.0,11.862885079521178,Average Performer,False,False,False,False,False,False,0.2823139994224092,1262,Good
S2811,Connor Dominguez,Female,2024-10-30,Medium,16.878316856164492,0.9333333333333332,0.6666666666666666,7.433333333333334,3,0.7736296296296297,75.85185185185185,27,88.5,4,86.0,2.833333333333333,3,3,0,2.0,9.0,3.0,4.0,16.878316856164492,High Performer,False,False,False,False,False,False,0.18638198563736658,167,Excellent
S2812,Lydia Howard,Male,2025-09-25,High,12.019854151385806,1.0,0.6666666666666666,10.2,3,0.8886296296296295,90.60857142857144,27,87.66666666666667,3,77.83333333333333,3.5,2,4,0,1.8,7.0,4.0,5.0,12.019854151385806,High Performer,False,False,False,False,False,False,0.1612781423993133,201,Excellent
S2813,Mark Moss,Male,2025-04-23,Medium,13.778565793594966,0.7666666666666667,0.5,11.55,4,0.7911785714285714,82.53571428571429,28,80.66666666666667,3,79.33333333333333,1.3333333333333333,4,2,0,2.2,7.0,3.0,5.0,13.778565793594966,Average Performer,False,False,False,False,False,False,0.25620001408744114,681,Good
S2814,Corey Cortez,Male,2024-09-17,Medium,16.3739714883651,0.6666666666666666,0.25,8.45,4,0.7041851851851852,70.0,27,73.75,4,75.16666666666667,4.833333333333333,1,5,0,2.3,10.0,2.0,4.0,16.3739714883651,At Risk,True,False,False,False,False,False,0.320892849056865,1331,Good
S2815,Katherine Brown,Other,2026-06-03,Medium,17.73150335714007,0.6333333333333333,0.5,13.2,2,0.8245666666666666,82.73333333333333,30,67.0,2,76.0,4.666666666666667,0,5,1,2.4,4.0,1.0,2.0,17.73150335714007,At Risk,True,False,False,False,False,False,0.30196790827381653,1106,Good
S2816,Elizabeth Ferguson,Male,2024-08-30,Medium,17.357060924507213,0.7333333333333333,1.0,16.875,4,0.7423571428571429,75.5,28,78.0,3,77.66666666666667,3.1666666666666665,0,6,0,1.5,10.0,2.0,2.0,17.357060924507213,Average Performer,True,False,False,False,False,False,0.27806687149825576,1238,Good
S2817,Joann Forbes,Female,2025-06-16,Low,4.23416244118064,0.6666666666666666,0.5,7.8,4,0.6682068965517242,70.10344827586206,29,66.75,4,71.83333333333333,5.833333333333333,0,6,0,1.0,5.0,0.0,3.0,4.23416244118064,At Risk,True,False,False,True,False,True,0.3810358582648645,1822,Good
S2818,Anthony French,Female,2025-08-04,Low,7.416572383718702,0.7666666666666667,0.5,7.9,2,0.822,80.48148148148148,27,65.0,3,79.5,4.166666666666667,0,6,0,1.5,6.0,1.0,3.0,7.416572383718702,Average Performer,False,False,False,True,False,False,0.29394190237403656,1173,Good
S2819,Bruce Roman,Male,2025-10-15,Medium,14.405354912395858,0.9,0.6666666666666666,8.033333333333333,3,0.72368,76.28,25,81.5,2,83.66666666666667,3.1666666666666665,1,5,0,2.2,7.0,1.0,5.0,14.405354912395858,Average Performer,False,False,False,False,False,False,0.23338261271901034,510,Good
S2820,Judy Gregory,Male,2025-03-24,Medium,17.712063540708257,0.8666666666666667,1.0,15.55,2,0.8450333333333333,82.6,30,77.25,4,78.16666666666667,2.833333333333333,1,5,0,2.5,9.0,0.0,3.0,17.712063540708257,High Performer,False,False,False,False,False,False,0.2137931744815627,471,Good
S2821,Brittany Riley,Male,2025-10-09,Medium,3.7228466280432775,0.6,1.0,7.233333333333333,3,0.7015925925925927,70.55555555555556,27,74.0,3,79.33333333333333,3.8333333333333335,0,6,0,1.0,8.0,0.0,4.0,3.7228466280432775,At Risk,True,False,False,True,False,False,0.363215105652114,1619,Good
S2822,Amanda Thomas,Female,2025-07-13,Low,2.096904281051923,0.5333333333333333,0.5,6.1,4,0.7361851851851852,74.92592592592592,27,54.74916666666667,4,74.83333333333333,5.5,1,5,0,1.0,6.0,2.0,5.0,2.096904281051923,At Risk,True,False,False,True,False,True,0.41882051707514795,1812,Average
S2823,Kaitlin Hardin,Female,2026-06-26,Medium,18.32124352043497,1.0,1.0,10.9,3,0.8062758620689656,78.55172413793103,29,91.66666666666669,3,84.83333333333333,3.333333333333333,1,5,0,1.1,9.0,5.0,3.0,18.32124352043497,High Performer,False,False,False,False,False,False,0.15173079924488952,271,Excellent
S2824,Michael Anderson,Female,2025-04-15,High,14.971890143782243,1.0,1.0,14.75,2,0.7787499999999999,78.5625,32,76.66666666666667,3,87.16666666666667,2.0,1,5,0,2.6,8.0,3.0,6.0,14.971890143782243,High Performer,False,False,False,False,False,False,0.19486194130721107,135,Excellent
S2825,Anthony Parker,Female,2026-03-25,High,15.6376822806093,0.9,1.0,16.733333333333334,3,0.7543103448275862,76.13793103448276,29,92.5,2,89.5,2.333333333333333,2,4,0,2.6,6.0,4.0,7.0,15.6376822806093,High Performer,False,False,False,False,False,False,0.19036269085020088,114,Excellent
S2826,Joy Jackson,Male,2025-05-16,Medium,6.159733575426987,0.8666666666666667,0.3333333333333333,20.5,3,0.8456206896551725,83.79310344827586,29,83.66666666666667,3,82.33333333333333,3.8333333333333335,1,5,0,1.1,9.0,2.0,4.0,6.159733575426987,High Performer,False,False,False,True,False,False,0.22341445916488084,570,Good
S2827,Sabrina Rodriguez,Other,2025-07-31,Medium,12.390768063050665,0.9333333333333332,0.5,13.275,4,0.82748,82.68,25,82.5,2,83.0,1.6666666666666667,3,3,0,2.8,7.0,1.0,7.0,12.390768063050665,High Performer,False,False,False,False,False,False,0.19794574650904,101,Excellent
S2828,Robert Walker PhD,Female,2026-05-06,Low,1.137407532769451,0.7333333333333333,0.6666666666666666,9.7,3,0.66092,66.6,25,70.33333333333333,3,77.33333333333333,5.666666666666667,0,6,0,1.0,8.0,2.0,0.0,1.137407532769451,Average Performer,True,False,False,True,False,True,0.35888048116807647,1709,Good
S2829,Robert Hendrix,Male,2026-02-06,High,21.04499575570306,0.9,0.75,12.25,4,0.7612413793103449,79.06896551724138,29,69.5,2,84.5,3.8333333333333335,1,5,0,2.9,10.0,0.0,8.0,21.04499575570306,Average Performer,False,False,False,False,False,False,0.2282650968176389,557,Good
S2830,Erika Daugherty,Other,2026-05-05,Medium,13.9705081802998,0.8,1.0,11.566666666666668,3,0.71776,72.44,25,66.66666666666667,3,84.66666666666667,5.0,0,6,0,1.7,6.0,2.0,5.0,13.9705081802998,Average Performer,False,False,False,False,False,False,0.2894123962159172,1166,Good
S2831,Brenda Copeland,Female,2025-11-09,Low,4.9652308638027005,0.9333333333333332,0.75,14.225,4,0.6417999999999999,64.32,25,78.75,4,85.16666666666667,3.0,1,5,0,1.8,9.0,0.0,0.0,4.9652308638027005,Average Performer,False,False,False,True,False,False,0.27646358950715993,714,Good
S2832,Pamela Watkins,Female,2024-11-07,Low,10.672340300248363,0.5333333333333333,0.6666666666666666,11.933333333333332,3,0.6847692307692307,66.23076923076923,26,59.25,4,74.83333333333333,4.666666666666667,0,5,1,1.4,7.0,4.0,7.0,10.672340300248363,At Risk,True,False,False,False,False,False,0.40380504668527656,1786,Average
S2833,Bryan Thomas,Female,2026-03-10,Medium,16.15188925162262,0.8666666666666667,0.6,9.3,5,0.7553823529411765,75.82352941176471,34,82.66666666666667,3,82.5,2.333333333333333,2,4,0,2.5,6.0,2.0,2.0,16.15188925162262,High Performer,False,False,False,False,False,False,0.2272555709885905,441,Good
S2834,Michael Tran,Female,2024-11-11,Medium,14.00130913481957,0.9,0.75,12.625,4,0.7487307692307692,72.96153846153847,26,84.33333333333333,3,86.83333333333333,2.5,1,5,0,1.1,4.0,2.0,6.0,14.00130913481957,Average Performer,False,False,False,False,False,False,0.21646082972705366,634,Good
S2835,Timothy Williams,Female,2025-08-23,Medium,11.131089859642184,0.8333333333333334,0.6666666666666666,8.700000000000001,3,0.7208064516129032,72.93548387096774,31,66.0,2,88.16666666666667,1.8333333333333333,2,4,0,2.2,5.0,1.0,5.0,11.131089859642184,Average Performer,False,False,False,False,False,False,0.2833470065336902,846,Good
S2836,Ryan Salazar,Male,2025-12-03,Low,4.384249514479189,0.6333333333333333,0.4,9.46,5,0.6421538461538462,68.76923076923077,26,66.5,2,70.33333333333333,6.0,0,6,0,1.4,10.0,1.0,1.0,4.384249514479189,At Risk,True,False,False,True,False,True,0.3995598890343149,1783,Good
S2837,Alexis Tucker,Male,2025-07-20,High,15.309659692196266,0.9333333333333332,0.3333333333333333,14.266666666666666,3,0.7862222222222223,75.81481481481481,27,74.25,4,87.83333333333333,3.1666666666666665,0,6,0,2.900999999999999,10.0,3.0,2.0,15.309659692196266,High Performer,False,False,False,False,False,False,0.21227585076950936,203,Good
S2838,Christopher Davis,Female,2026-03-10,Low,10.257014605214437,0.7333333333333333,0.75,15.25,4,0.67368,68.6,25,78.5,2,75.16666666666667,3.333333333333333,1,5,0,1.8,3.0,4.0,4.0,10.257014605214437,Average Performer,True,False,False,False,False,False,0.3191701301536306,1354,Good
S2839,Stacie Butler,Male,2025-07-11,Medium,12.331032636741554,0.9333333333333332,0.3333333333333333,17.533333333333335,3,0.8357586206896552,83.96551724137932,29,79.66666666666667,3,84.0,2.1666666666666665,3,3,0,1.9,8.0,3.0,3.0,12.331032636741554,High Performer,False,False,False,False,False,False,0.19977816553458289,234,Excellent
S2840,Patricia Schwartz,Male,2025-12-27,Medium,9.612152429617218,0.9666666666666668,0.5,16.925,4,0.795375,79.6875,32,89.33333333333333,3,79.83333333333333,4.333333333333333,2,4,0,1.8,8.0,2.0,4.0,9.612152429617218,High Performer,False,False,False,True,False,False,0.1972737855926236,299,Excellent
S2841,Mark Mills,Male,2025-07-10,High,18.798654821250807,0.9666666666666668,1.0,13.875,4,0.7322857142857143,73.07142857142857,28,88.33333333333333,3,75.16666666666667,2.5,2,4,0,2.1,6.0,2.0,3.0,18.798654821250807,Average Performer,False,False,False,False,False,False,0.20223431532782532,568,Good
S2842,Todd Bishop,Male,2024-11-19,Medium,15.278952100113017,0.9,0.75,10.05,4,0.8271923076923078,84.5,26,70.25,4,79.33333333333333,1.6666666666666667,3,3,0,1.8,9.0,4.0,5.0,15.278952100113017,High Performer,False,False,False,False,False,False,0.2291449274420251,752,Good
S2843,Christopher Porter,Female,2026-05-30,Medium,6.924942036525186,0.7333333333333333,0.6666666666666666,9.0,3,0.869,86.07142857142857,28,68.0,2,73.83333333333333,3.0,1,5,0,1.3,6.0,3.0,6.0,6.924942036525186,Average Performer,True,False,False,True,False,False,0.2919043115753537,1320,Good
S2844,Lori Patton,Female,2026-02-12,High,19.141616773937923,0.8,0.3333333333333333,7.7,3,0.8209655172413793,82.62068965517241,29,81.33333333333333,3,89.83333333333333,3.1666666666666665,1,5,0,1.1,9.0,3.0,6.0,19.141616773937923,Average Performer,False,False,False,False,False,False,0.20843963622607475,569,Good
S2845,Aaron Young,Male,2025-04-05,Medium,6.296970415595421,0.8,1.0,10.133333333333333,3,0.7115806451612904,73.03225806451613,31,57.5,2,77.16666666666667,4.333333333333333,1,5,0,1.0,10.0,3.0,4.0,6.296970415595421,Average Performer,False,False,False,True,False,False,0.3400333804126244,1700,Good
S2846,Joseph Davis,Male,2024-10-04,Low,7.457799412105433,0.7666666666666667,0.75,8.35,4,0.720103448275862,77.72413793103448,29,62.5,2,69.16666666666667,3.0,1,5,0,1.4,8.0,2.0,3.0,7.457799412105433,Average Performer,False,False,False,True,False,False,0.34490780032031115,1684,Good
S2847,Philip Fernandez,Male,2026-04-09,Medium,11.40784577340807,0.7666666666666667,0.6,12.78,5,0.6329166666666667,62.875,24,66.75,4,75.66666666666667,4.333333333333333,0,6,0,1.2,7.0,5.0,5.0,11.40784577340807,Average Performer,False,False,False,False,False,False,0.34293871889981314,1718,Good
S2848,Randy Hopkins,Female,2025-11-24,Medium,16.222491168080904,0.9666666666666668,1.0,15.966666666666669,3,0.7851034482758621,80.3103448275862,29,71.75,4,71.5,2.5,3,3,0,1.8,7.0,1.0,5.0,16.222491168080904,High Performer,False,False,False,False,False,False,0.2314960709303724,908,Good
S2849,Cory Hogan,Female,2025-12-25,High,22.0203694151314,0.9333333333333332,0.6666666666666666,11.133333333333333,3,0.8390000000000001,90.32142857142856,28,82.0,3,81.83333333333333,1.1666666666666667,3,3,0,2.8,8.0,3.0,5.0,22.0203694151314,High Performer,False,False,False,False,False,False,0.1731657431288382,118,Excellent
S2850,Tracy Wells,Male,2025-11-23,Medium,16.323302490885983,0.7666666666666667,0.6666666666666666,15.366666666666667,3,0.6968275862068964,69.72413793103448,29,77.5,2,82.16666666666667,3.5,0,6,0,2.7,8.0,1.0,6.0,16.323302490885983,Average Performer,False,False,False,False,False,False,0.2802268012440494,853,Good
S2851,Michael Williams,Female,2025-06-10,High,22.627192690293583,0.9,1.0,13.95,4,0.8087586206896552,82.03448275862068,29,83.33333333333333,3,86.33333333333333,3.333333333333333,2,4,0,2.7,8.0,2.0,4.0,22.627192690293583,High Performer,False,False,False,False,False,False,0.17963776540070284,95,Excellent
S2852,Dominique Hamilton,Female,2025-05-23,Medium,12.703334288282887,1.0,0.5,17.675,4,0.8649583333333334,86.04166666666667,24,82.0,4,84.0,3.6666666666666665,0,6,0,2.2,8.0,1.0,2.0,12.703334288282887,High Performer,False,False,False,False,False,False,0.1687541642792928,52,Excellent
S2853,Robert Chang,Female,2025-01-23,Low,3.483810838254294,0.7666666666666667,0.3333333333333333,8.866666666666667,3,0.6900416666666667,68.20833333333333,24,80.0,3,76.5,2.5,2,4,0,1.3,9.0,2.0,5.0,3.483810838254294,Average Performer,False,False,False,True,False,False,0.3178613062376976,1385,Good
S2854,Patrick Buckley,Female,2026-06-26,Medium,9.0131657779787,0.8,0.25,7.775,4,0.733,74.09375,32,83.75,4,79.33333333333333,4.333333333333333,0,6,0,1.1,10.0,2.0,3.0,9.0131657779787,Average Performer,False,False,False,True,False,False,0.27106708555505327,1147,Good
S2855,Richard Washington,Male,2025-05-30,High,18.49386037765825,1.0,0.75,14.65,4,0.8133461538461538,84.5,26,91.5,2,87.33333333333333,3.0,2,4,0,1.0,8.0,3.0,4.0,18.49386037765825,High Performer,False,False,False,False,False,False,0.14576150290200823,239,Excellent
S2856,Steven Griffith,Female,2025-04-16,Medium,9.49041523871376,0.9,0.6666666666666666,19.23333333333333,3,0.6950833333333333,69.29166666666667,24,84.75,4,75.0,3.0,1,5,0,1.5,7.0,1.0,4.0,9.49041523871376,Average Performer,False,False,False,True,False,False,0.2607489619032156,1059,Good
S2857,Erika Gonzalez,Male,2025-09-20,Medium,10.462990452065174,0.8,0.6666666666666666,10.4,3,0.7834137931034483,80.13793103448276,29,71.0,3,74.0,1.5,3,3,0,1.0,8.0,2.0,5.0,10.462990452065174,Average Performer,False,False,False,False,False,False,0.2858183859388026,1467,Good
S2858,Erika Maxwell,Female,2024-08-31,Medium,7.4759078669511645,0.6666666666666666,0.5,4.275,4,0.731423076923077,73.96153846153847,26,68.0,3,76.33333333333333,5.5,0,6,0,1.7,3.0,0.0,7.0,7.4759078669511645,At Risk,True,False,False,True,False,True,0.3447166405890323,1500,Good
S2859,Brent Rojas,Female,2025-12-29,Low,2.3956813019044416,0.8333333333333334,0.6666666666666666,22.53333333333333,3,0.8062142857142857,83.5,28,75.25,4,76.0,3.1666666666666665,1,5,0,1.9,9.0,0.0,1.0,2.3956813019044416,Average Performer,False,False,False,True,False,False,0.2793131776976199,877,Good
S2860,Jaime Walker,Female,2026-06-18,Low,8.837168883711323,0.5333333333333333,0.25,7.75,4,0.7780370370370371,80.25925925925925,27,74.0,4,81.33333333333333,3.6666666666666665,1,5,0,1.4,9.0,2.0,4.0,8.837168883711323,At Risk,True,False,False,True,False,False,0.3411626333462773,1242,Good
S2861,John Zamora,Female,2025-07-06,Medium,12.524952996268093,0.9333333333333332,0.75,14.075,4,0.7635384615384615,76.96153846153847,26,72.0,3,90.33333333333331,1.6666666666666667,2,4,0,2.0,4.0,3.0,2.0,12.524952996268093,High Performer,False,False,False,False,False,False,0.22679274571445807,454,Good
S2862,Timothy Gibson,Male,2026-02-18,Medium,18.547741065081937,0.8333333333333334,1.0,7.925,4,0.7750322580645161,80.70967741935483,31,84.5,2,84.83333333333333,3.5,0,6,0,1.4,6.0,3.0,3.0,18.547741065081937,Average Performer,False,False,False,False,False,False,0.216537636584607,618,Good
S2863,Chad Cortez,Female,2025-02-27,Medium,8.526911548646043,0.7666666666666667,0.25,7.8,4,0.7099565217391305,71.30434782608695,23,87.5,2,84.0,4.166666666666667,2,4,0,1.5,9.0,3.0,5.0,8.526911548646043,Average Performer,False,False,False,True,False,False,0.2730290979399791,870,Good
S2864,Vanessa Harris,Other,2025-12-10,High,12.258455569379112,0.9333333333333332,0.5,10.075,4,0.8243870967741935,85.41935483870968,31,77.0,2,82.16666666666667,2.833333333333333,1,5,0,1.0,3.0,0.0,6.0,12.258455569379112,High Performer,False,False,False,False,False,False,0.21145439871096083,718,Good
S2865,Michael Brown,Female,2024-10-03,Medium,12.876353712532918,0.6666666666666666,0.0,16.05,2,0.7216551724137932,70.75862068965517,29,71.5,2,77.16666666666667,5.0,0,6,0,2.0,10.0,2.0,3.0,12.876353712532918,At Risk,True,False,False,False,False,False,0.3258958973278631,1364,Good
S2866,Samuel Ellis,Male,2026-05-30,Medium,15.075431327958654,0.9666666666666668,0.8,14.1,5,0.762,75.06666666666666,30,80.0,3,87.66666666666667,1.6666666666666667,3,3,0,1.8,4.0,4.0,6.0,15.075431327958654,High Performer,False,False,False,False,False,False,0.20054475501343666,295,Good
S2867,Greg Tanner,Male,2024-12-02,Medium,13.787481052344818,0.6666666666666666,0.6666666666666666,6.066666666666666,3,0.7567241379310345,78.3103448275862,29,78.0,4,82.83333333333333,3.8333333333333335,1,5,0,1.8,8.0,3.0,6.0,13.787481052344818,At Risk,True,False,False,False,False,False,0.2915973893231609,947,Good
S2868,Rachel Little,Male,2026-01-27,Medium,11.213624913101544,0.7,1.0,8.733333333333334,3,0.6664444444444444,71.70370370370371,27,73.0,3,81.16666666666667,2.833333333333333,1,5,0,1.8,6.0,2.0,5.0,11.213624913101544,Average Performer,True,False,False,False,False,False,0.3292826043839128,1323,Good
S2869,Carolyn Cordova,Female,2024-08-15,High,14.76156937011874,0.9333333333333332,0.5,21.35,2,0.7694642857142858,77.46428571428571,28,86.75,4,81.5,2.333333333333333,2,4,0,2.8,8.0,2.0,3.0,14.76156937011874,High Performer,False,False,False,False,False,False,0.2031734575270841,205,Good
S2870,Angelica Vincent,Female,2025-10-14,Medium,7.541154626387335,0.8333333333333334,0.6666666666666666,15.1,3,0.732741935483871,73.54838709677419,31,76.0,4,83.83333333333333,2.5,1,5,0,1.3,9.0,0.0,4.0,7.541154626387335,Average Performer,False,False,False,True,False,False,0.27524119945553704,1019,Good
S2871,Zachary Vargas PhD,Male,2025-11-28,High,15.608624011034216,0.9333333333333332,0.75,19.55,4,0.7501538461538462,79.07692307692308,26,82.75,4,85.33333333333333,4.0,1,5,0,2.3,5.0,4.0,6.0,15.608624011034216,High Performer,False,False,False,False,False,False,0.2090989527929273,264,Good
S2872,Nicholas Fitzgerald,Female,2026-04-06,High,11.883633960718548,0.8666666666666667,0.0,16.666666666666668,3,0.7964615384615384,78.76923076923077,26,88.66666666666667,3,84.66666666666667,2.333333333333333,1,5,0,1.1,9.0,2.0,1.0,11.883633960718548,High Performer,False,False,False,False,False,False,0.21035245355974208,542,Good
S2873,Garrett Riley,Female,2026-03-18,Low,4.19119390640248,0.7,0.25,9.3,4,0.6810322580645162,65.54838709677419,31,67.75,4,71.83333333333333,3.1666666666666665,2,4,0,1.6,6.0,2.0,3.0,4.19119390640248,Average Performer,True,False,False,True,False,False,0.36696233781463894,1675,Good
S2874,Leslie Hernandez,Female,2026-01-27,High,18.48110868853316,0.8666666666666667,0.6666666666666666,12.066666666666668,3,0.7603793103448276,77.75862068965517,29,86.75,4,84.0,2.1666666666666665,1,5,0,2.3,10.0,3.0,6.0,18.48110868853316,High Performer,False,False,False,False,False,False,0.20951676850855214,325,Good
S2875,Abigail Baird,Female,2025-03-23,Medium,5.202311548282268,0.7666666666666667,0.75,9.2,4,0.8253939393939393,83.96969696969697,33,79.0,2,90.0,2.0,4,2,0,1.3,7.0,1.0,6.0,5.202311548282268,Average Performer,False,False,False,True,False,False,0.2547093726444458,600,Good
S2876,John Mack,Female,2025-10-05,High,20.75736448285404,0.9333333333333332,1.0,19.8,3,0.8208888888888889,83.70370370370371,27,92.25,4,81.5,1.1666666666666667,1,5,0,2.4,10.0,1.0,5.0,20.75736448285404,High Performer,False,False,False,False,False,False,0.16175658879286492,100,Excellent
S2877,Joseph Mendoza,Female,2025-12-10,Low,9.850455365893389,1.0,1.0,17.275,4,0.7574516129032258,73.29032258064517,31,81.0,2,84.83333333333333,2.833333333333333,1,5,0,1.0,7.0,2.0,3.0,9.850455365893389,High Performer,False,False,False,True,False,False,0.2088883777142988,637,Good
S2878,Samantha Chavez,Male,2024-10-31,Medium,5.566076620202015,0.9666666666666668,1.0,13.0,3,0.7803749999999999,76.625,24,84.5,4,81.5,3.0,3,3,0,1.4,8.0,0.0,5.0,5.566076620202015,High Performer,False,False,False,True,False,False,0.21905564178282827,488,Good
S2879,Justin Smith,Female,2025-12-09,High,15.89676875923203,0.8666666666666667,0.5,14.625,4,0.6322857142857143,62.21428571428572,28,72.33333333333333,3,87.66666666666667,2.0,2,4,0,1.6,8.0,5.0,6.0,15.89676875923203,Average Performer,False,False,False,False,False,False,0.2777390304828723,1009,Good
S2880,Tiffany Anderson,Female,2025-10-04,Medium,5.548045548142105,0.9666666666666668,0.5,16.9,4,0.7874,74.6,25,74.75,4,79.16666666666667,1.3333333333333333,3,3,0,1.8,9.0,1.0,4.0,5.548045548142105,High Performer,False,False,False,True,False,False,0.23999321946297802,638,Good
S2881,Matthew Davis,Female,2024-10-01,Medium,8.245968637600042,0.6666666666666666,0.3333333333333333,16.733333333333334,3,0.7554137931034483,75.65517241379311,29,85.66666666666667,3,86.16666666666667,2.333333333333333,2,4,0,1.1,9.0,3.0,5.0,8.245968637600042,At Risk,True,False,False,True,False,False,0.28551094047496545,911,Good
S2882,Eric Warner,Female,2024-12-23,Low,8.349349386426344,0.6,1.0,11.425,4,0.6630833333333334,68.79166666666667,24,61.5,2,78.66666666666667,3.333333333333333,0,6,0,1.0,2.0,3.0,3.0,8.349349386426344,At Risk,True,False,False,True,False,False,0.38920162653393414,1798,Good
S2883,Nicole Johnson,Female,2025-11-19,High,15.349646276139428,0.8,0.5,11.475,4,0.8055333333333333,82.56666666666666,30,71.5,2,73.5,4.5,0,6,0,2.6,10.0,2.0,6.0,15.349646276139428,Average Performer,False,False,False,False,False,False,0.26671588430965143,927,Good
S2884,Raymond Sawyer,Male,2025-09-20,Low,7.958592317373567,0.6,0.5,16.45,2,0.7828928571428572,79.89285714285714,28,64.5,2,85.83333333333333,3.0,0,6,0,1.0,7.0,1.0,3.0,7.958592317373567,At Risk,True,False,False,True,False,False,0.33748566206370895,1379,Good
S2885,Richard Wood,Male,2025-10-18,Low,1.0,0.7333333333333333,0.3333333333333333,10.166666666666666,3,0.758962962962963,75.07407407407408,27,58.0,4,76.33333333333333,3.8333333333333335,0,6,0,1.0,6.0,2.0,3.0,1.0,Average Performer,True,False,False,True,False,False,0.35597777777777784,1677,Good
S2886,Mark Dalton,Male,2026-03-07,Low,7.391885544916069,0.7333333333333333,1.0,7.966666666666666,3,0.6933076923076923,69.07692307692308,26,80.0,2,76.33333333333333,4.166666666666667,0,6,0,2.0,8.0,2.0,3.0,7.391885544916069,Average Performer,True,False,False,True,False,False,0.3156946451120688,1193,Good
S2887,Steven Cook,Male,2024-09-06,Medium,6.088239565863923,0.8666666666666667,0.6666666666666666,11.3,3,0.8059642857142857,81.5,28,85.5,2,86.5,2.1666666666666665,2,4,0,2.2,8.0,2.0,4.0,6.088239565863923,High Performer,False,False,False,True,False,False,0.22557344870438778,160,Good
S2888,Jeffery Nelson,Female,2025-10-12,Medium,13.599155782909142,0.8,0.5,11.95,4,0.8186071428571429,82.92857142857143,28,74.0,2,84.16666666666667,6.166666666666667,0,6,0,2.5,9.0,2.0,7.0,13.599155782909142,Average Performer,False,False,False,False,False,True,0.24616996768558425,478,Good
S2889,Kimberly Norton,Other,2025-09-05,Medium,10.55324020511846,0.7333333333333333,1.0,16.95,2,0.8216428571428571,83.07142857142857,28,74.66666666666667,3,80.5,3.0,1,5,0,1.3,10.0,3.0,3.0,10.55324020511846,Average Performer,True,False,False,False,False,False,0.27370737567768005,1028,Good
S2890,Angela Gilmore,Male,2024-12-21,Low,2.4344467984100446,0.6666666666666666,1.0,8.1,3,0.6358076923076923,62.96153846153846,26,68.0,4,77.5,2.333333333333333,3,3,0,1.3,8.0,0.0,5.0,2.4344467984100446,At Risk,True,False,False,True,False,False,0.38425490864500056,1703,Good
S2891,Amy Dougherty,Male,2026-03-01,Medium,8.757799502977232,0.8333333333333334,0.75,12.45,4,0.8173448275862069,80.75862068965517,29,68.5,2,83.66666666666667,2.833333333333333,1,5,0,2.5,5.0,1.0,3.0,8.757799502977232,Average Performer,False,False,False,True,False,False,0.2620687196333615,567,Good
S2892,Stacy Rodriguez,Female,2025-07-31,Medium,15.23193023641174,1.0,1.0,15.833333333333334,3,0.799375,78.875,32,86.5,4,78.33333333333333,1.5,3,3,0,2.0,10.0,1.0,3.0,15.23193023641174,High Performer,False,False,False,False,False,False,0.1816076744089707,277,Excellent
S2893,Manuel Diaz,Male,2025-08-21,Medium,10.13920352249752,0.8666666666666667,0.8,13.88,5,0.7080000000000001,74.5,24,89.0,2,82.16666666666667,1.5,3,3,0,1.9,6.0,0.0,3.0,10.13920352249752,Average Performer,False,False,False,False,False,False,0.2443353245270895,630,Good
S2894,Justin Jones,Female,2026-06-23,Medium,14.533360920382256,0.8,1.0,9.833333333333334,3,0.8412857142857143,83.32142857142857,28,75.5,4,79.16666666666667,3.8333333333333335,0,6,0,2.2,6.0,1.0,3.0,14.533360920382256,Average Performer,False,False,False,False,False,False,0.24153088341333007,637,Good
S2895,Christine Zavala,Female,2024-08-10,Low,6.141311642303526,0.6666666666666666,0.75,13.725,4,0.7714,78.23333333333333,30,78.5,4,75.33333333333333,5.0,0,5,1,1.0,6.0,2.0,5.0,6.141311642303526,At Risk,True,False,False,True,False,False,0.3165600542275745,1444,Good
S2896,Brian Mendoza,Female,2024-10-28,High,12.93990612721554,0.7666666666666667,1.0,10.6,2,0.7661851851851852,76.37037037037037,27,89.5,2,84.0,3.8333333333333335,0,6,0,2.0,4.0,4.0,3.0,12.93990612721554,Average Performer,False,False,False,False,False,False,0.2411280124597389,507,Good
S2897,Lauren Haley,Male,2025-12-20,Low,1.0,0.6,0.5,9.05,4,0.6264230769230769,62.53846153846154,26,79.5,2,71.5,6.166666666666667,0,6,0,1.0,6.0,1.0,5.0,1.0,At Risk,True,False,False,True,False,True,0.393323076923077,1740,Good
S2898,Patrick Perez,Male,2026-07-24,Medium,9.686635917302974,0.9,1.0,12.7,3,0.8432999999999999,83.66666666666667,30,80.0,3,77.33333333333333,3.0,1,5,0,2.7,7.0,1.0,4.0,9.686635917302974,High Performer,False,False,False,True,False,False,0.2217934102067426,358,Good
S2899,Derek Frazier,Female,2025-09-13,Low,5.7016373360069545,0.7333333333333333,0.0,9.133333333333333,3,0.7711612903225806,77.90322580645162,31,68.0,2,79.16666666666667,6.0,0,6,0,1.1,7.0,3.0,3.0,5.7016373360069545,Average Performer,True,False,False,True,False,True,0.3163141862298751,1440,Good
S2900,Arthur Reed,Female,2024-12-13,Medium,14.871412346599392,0.9,1.0,12.25,4,0.7242962962962963,75.0,27,80.0,2,86.33333333333333,3.333333333333333,1,5,0,1.3,4.0,4.0,3.0,14.871412346599392,Average Performer,False,False,False,False,False,False,0.2310325802446126,751,Good
S2901,Mr. Bryan Mckinney,Male,2024-08-10,Medium,15.70767937844032,0.8666666666666667,0.6666666666666666,12.4,3,0.7662399999999999,77.68,25,84.5,2,76.0,3.8333333333333335,0,6,0,1.4,10.0,3.0,4.0,15.70767937844032,High Performer,False,False,False,False,False,False,0.23119213488723256,916,Good
S2902,Kim Carter,Female,2025-02-25,Low,9.635946836490945,0.8,1.0,11.133333333333333,3,0.7538571428571429,77.17857142857143,28,74.5,2,73.33333333333333,4.666666666666667,2,4,0,1.6,8.0,3.0,4.0,9.635946836490945,Average Performer,False,False,False,True,False,False,0.2907529900516298,1301,Good
S2903,Rebecca Dougherty,Male,2026-03-30,Medium,13.166488123952677,0.9333333333333332,1.0,6.633333333333333,3,0.8176538461538462,80.11538461538461,26,70.0,3,87.66666666666667,4.666666666666667,1,5,0,2.4,10.0,1.0,2.0,13.166488123952677,High Performer,False,False,False,False,False,False,0.21695429251063114,262,Good
S2904,Teresa Jones,Female,2025-01-02,Low,5.023025209305975,0.5666666666666667,0.6666666666666666,9.7,3,0.6720416666666668,68.91666666666667,24,63.0,2,80.0,4.0,0,6,0,1.6,4.0,2.0,0.0,5.023025209305975,At Risk,True,False,False,True,False,False,0.3981632703100684,1631,Good
S2905,Judith Miller,Male,2025-02-02,Medium,9.83378224871714,0.7666666666666667,1.0,7.566666666666666,3,0.7027037037037037,72.92592592592592,27,75.0,2,85.5,4.666666666666667,0,6,0,1.0,5.0,2.0,3.0,9.83378224871714,Average Performer,False,False,False,True,False,False,0.29468776660042934,1290,Good
S2906,Donna Frye,Female,2026-05-02,Medium,12.73949470819021,0.8666666666666667,0.3333333333333333,13.166666666666666,3,0.6792083333333333,66.25,24,75.66666666666667,3,72.83333333333333,3.1666666666666665,2,4,0,2.0,10.0,1.0,3.0,12.73949470819021,Average Performer,False,False,False,False,False,False,0.2871387632295245,1222,Good
S2907,Donald Terry,Male,2026-01-26,Medium,6.978806213766248,0.8333333333333334,0.75,12.425,4,0.7969130434782609,80.43478260869566,23,69.0,2,71.5,3.6666666666666665,2,4,0,1.6,10.0,3.0,7.0,6.978806213766248,Average Performer,False,False,False,True,False,False,0.28989573808877284,1255,Good
S2908,Shaun Meyer DDS,Male,2026-05-09,Medium,7.861473100630394,0.8,1.0,14.125,4,0.7531111111111111,71.48148148148148,27,70.5,2,78.33333333333333,3.0,1,5,0,1.1,8.0,3.0,4.0,7.861473100630394,Average Performer,False,False,False,True,False,False,0.2959129839150907,1410,Good
S2909,Wayne Weaver,Male,2026-06-16,Medium,11.426710508840696,0.9666666666666668,0.6666666666666666,6.9,3,0.78388,80.6,25,74.5,4,89.33333333333333,4.0,0,5,1,1.4,10.0,2.0,5.0,11.426710508840696,High Performer,False,False,False,False,False,False,0.2116025570612316,474,Good
S2910,Gregory Wallace,Male,2025-10-20,High,23.80020721529897,0.9333333333333332,0.0,19.05,2,0.75675,72.57142857142857,28,70.0,2,82.16666666666667,2.1666666666666665,1,5,0,2.1,6.0,2.0,4.0,22.628166883106164,High Performer,False,False,False,False,False,False,0.21982124945890125,704,Good
S2911,Dorothy Brown,Female,2025-07-07,Medium,5.449658746971664,0.8,0.5,10.725,4,0.7135714285714286,73.89285714285714,28,74.25,4,81.0,1.8333333333333333,2,4,0,1.0,7.0,0.0,3.0,5.449658746971664,Average Performer,False,False,False,True,False,False,0.30230442456114226,1399,Good
S2912,Crystal Meza,Other,2024-09-30,High,21.46341039242899,0.9333333333333332,0.6666666666666666,11.1,3,0.8632068965517242,86.3103448275862,29,78.0,4,80.0,3.6666666666666665,1,5,0,2.4,8.0,1.0,3.0,21.46341039242899,High Performer,False,False,False,False,False,False,0.17804607172007694,257,Excellent
S2913,Jennifer Cooper,Male,2026-04-14,Low,2.616750699476945,0.7333333333333333,0.3333333333333333,10.866666666666667,3,0.7474333333333334,73.2,30,63.5,2,73.83333333333333,2.833333333333333,1,5,0,1.1,8.0,2.0,3.0,2.616750699476945,Average Performer,True,False,False,True,False,False,0.3481447899179743,1679,Good
S2914,Erin Watkins,Male,2025-09-14,Low,1.0,0.8,0.6666666666666666,6.966666666666666,3,0.7589642857142858,72.78571428571429,28,75.33333333333333,3,80.0,4.333333333333333,0,6,0,1.0,7.0,4.0,4.0,1.0,Average Performer,False,False,False,True,False,False,0.2991440476190476,1289,Good
S2915,Sarah Wallace,Female,2025-11-10,Medium,18.110072499334308,0.5,0.6666666666666666,11.333333333333334,3,0.7634333333333333,75.66666666666667,30,75.0,2,84.0,4.5,0,6,0,1.5,7.0,3.0,4.0,18.110072499334308,At Risk,True,False,False,False,False,False,0.3246948187516643,1159,Good
S2916,Carlos Clarke,Female,2025-04-01,Medium,17.67067302112985,0.8666666666666667,0.0,23.027249999999995,2,0.7391481481481482,75.51851851851852,27,76.66666666666667,3,88.66666666666667,1.8333333333333333,2,4,0,1.4,9.0,2.0,2.0,17.67067302112985,Average Performer,False,False,False,False,False,False,0.2310788730027309,760,Good
S2917,David Washington,Female,2025-06-04,Medium,18.476429005873527,0.7666666666666667,1.0,9.675,4,0.7657916666666668,77.5,24,85.0,2,86.66666666666667,2.1666666666666665,2,4,0,2.3,6.0,3.0,5.0,18.476429005873527,Average Performer,False,False,False,False,False,False,0.23240476081864947,395,Good
S2918,Patricia Williams,Male,2025-10-27,Medium,13.13088493845002,0.8,0.5,10.95,4,0.822896551724138,83.93103448275862,29,77.33333333333333,3,81.66666666666667,1.6666666666666667,3,3,0,1.0,9.0,2.0,4.0,13.13088493845002,Average Performer,False,False,False,False,False,False,0.2431371554699669,960,Good
S2919,Jesus Jackson,Male,2024-08-30,Low,8.840343826885817,0.7666666666666667,1.0,10.55,4,0.7429629629629629,77.18518518518519,27,71.5,2,75.83333333333333,3.333333333333333,0,6,0,1.6,10.0,2.0,3.0,8.840343826885817,Average Performer,False,False,False,True,False,False,0.3065935848772299,1386,Good
S2920,Michelle Mitchell,Female,2025-08-12,Low,5.265444196722081,0.7333333333333333,0.6666666666666666,16.3,3,0.8155172413793103,78.79310344827586,29,70.5,4,80.33333333333333,2.1666666666666665,2,4,0,1.6,5.0,3.0,3.0,5.265444196722081,Average Performer,True,False,False,True,False,False,0.29734788376106847,1065,Good
S2921,Sara Schwartz,Male,2026-05-27,Medium,7.084864048340848,1.0,0.6666666666666666,17.666666666666664,3,0.8149333333333334,81.8,30,78.0,2,86.0,1.8333333333333333,3,3,0,2.0,8.0,1.0,4.0,7.084864048340848,High Performer,False,False,False,True,False,False,0.20280783987914786,151,Good
S2922,Brittany Young,Female,2026-07-22,Low,6.642558706483266,0.6666666666666666,0.3333333333333333,11.766666666666666,3,0.7374333333333334,75.53333333333333,30,61.75,4,76.83333333333333,6.5,0,6,0,1.6,4.0,1.0,4.0,6.642558706483266,At Risk,True,False,False,True,False,True,0.3567469365671252,1575,Good
S2923,Eugene Martinez,Male,2024-08-14,Medium,18.56349786537578,0.8,0.6666666666666666,17.033333333333335,3,0.78265625,76.53125,32,80.5,4,84.33333333333333,3.6666666666666665,2,4,0,1.7,6.0,2.0,5.0,18.56349786537578,Average Performer,False,False,False,False,False,False,0.23129438033656055,636,Good
S2924,Cody Hart,Female,2025-04-17,Low,3.768236423105221,0.7666666666666667,0.75,6.15,4,0.7810689655172414,76.72413793103448,29,64.33333333333333,3,84.66666666666667,3.6666666666666665,1,5,0,1.0,5.0,3.0,5.0,3.768236423105221,Average Performer,False,False,False,True,False,False,0.3089253859537312,1292,Good
S2925,Evan Cooper,Male,2025-07-01,High,14.648980053102408,0.8333333333333334,0.75,9.5,4,0.7788076923076923,81.76923076923077,26,79.66666666666667,3,83.83333333333333,3.0,2,4,0,1.9,7.0,1.0,6.0,14.648980053102408,Average Performer,False,False,False,False,False,False,0.2363185755082696,561,Good
S2926,Joshua Martin,Female,2024-12-14,Medium,12.66983387751574,1.0,0.5,15.275,4,0.7929655172413793,80.0,29,73.0,3,89.16666666666667,3.1666666666666665,2,4,0,2.3,10.0,2.0,4.0,12.66983387751574,High Performer,False,False,False,False,False,False,0.20068576013379685,179,Good
S2927,Thomas Sullivan,Female,2025-06-14,Medium,3.1918093763352005,1.0,1.0,17.875,4,0.7898000000000001,79.88,25,86.33333333333333,3,89.16666666666667,2.833333333333333,1,5,0,1.0,8.0,3.0,3.0,3.1918093763352005,High Performer,False,False,False,True,False,False,0.19866380989249532,328,Excellent
S2928,Mr. Jimmy Flores Jr.,Female,2024-08-14,Medium,15.554337342900602,0.9333333333333332,1.0,15.766666666666666,3,0.7672333333333333,76.43333333333334,30,77.75,4,79.16666666666667,2.833333333333333,1,5,0,1.4,10.0,2.0,5.0,15.554337342900602,High Performer,False,False,False,False,False,False,0.2233608233094152,840,Good
S2929,Vanessa Rivera,Male,2026-05-25,High,14.325802703141829,0.9666666666666668,0.25,14.95,4,0.7419259259259259,72.88888888888889,27,77.5,4,86.16666666666667,2.333333333333333,3,3,0,2.1,6.0,1.0,2.0,14.325802703141829,Average Performer,False,False,False,False,False,False,0.21569104879770096,370,Good
S2930,Kara Roberts,Female,2025-09-10,Low,5.870425604970583,0.6666666666666666,0.3333333333333333,7.0,3,0.6701034482758621,66.58620689655173,29,75.0,2,86.16666666666667,3.6666666666666665,0,6,0,1.0,7.0,1.0,3.0,5.870425604970583,At Risk,True,False,False,True,False,False,0.3383762348381482,1406,Good
S2931,Veronica Berry,Female,2025-03-30,High,17.440800740367322,0.9666666666666668,1.0,15.9,3,0.7935555555555557,81.11111111111111,27,90.0,3,86.16666666666667,2.0,1,5,0,1.0,9.0,1.0,8.0,17.440800740367322,High Performer,False,False,False,False,False,False,0.16741466481574827,382,Excellent
S2932,Keith Meadows,Female,2025-05-19,Medium,10.7254084805272,0.6,0.6666666666666666,7.733333333333333,3,0.7617692307692308,75.96153846153847,26,60.5,2,77.33333333333333,4.166666666666667,1,5,0,2.0,7.0,0.0,2.0,10.7254084805272,At Risk,True,False,False,False,False,False,0.3576557095679128,1424,Good
S2933,Michael Dennis,Female,2025-02-11,High,20.336297725522897,0.9,1.0,14.975,4,0.7382307692307692,73.23076923076923,26,87.0,3,90.16666666666669,3.0,1,5,0,2.5,10.0,2.0,5.0,20.336297725522897,Average Performer,False,False,False,False,False,False,0.19344002491696197,173,Excellent
S2934,Brenda Pierce,Female,2024-10-05,Medium,3.57513641790062,0.7,0.3333333333333333,9.9,3,0.6612962962962963,64.5925925925926,27,73.5,2,83.33333333333333,1.8333333333333333,2,4,0,2.0,5.0,3.0,4.0,3.57513641790062,Average Performer,True,False,False,True,False,False,0.34567327006635956,1184,Good
S2935,James Randall,Female,2024-10-24,Medium,17.731889692757374,0.9666666666666668,1.0,9.1,3,0.7571935483870967,81.06451612903226,31,80.25,4,75.5,3.5,1,5,0,2.3,9.0,2.0,5.0,17.731889692757374,High Performer,False,False,False,False,False,False,0.21309554458531085,578,Good
S2936,Brandon Brown,Male,2024-10-12,Medium,15.795874471978385,0.8,0.5,9.25,4,0.8219583333333333,82.75,24,77.0,2,79.66666666666667,1.5,1,5,0,1.7,7.0,4.0,4.0,15.795874471978385,Average Performer,False,False,False,False,False,False,0.240422813820054,787,Good
S2937,Lauren Walker,Female,2025-09-20,High,11.162923462595051,0.9333333333333332,0.5,23.027249999999995,2,0.8014,78.9,30,72.5,4,83.66666666666667,1.5,3,3,0,2.900999999999999,6.0,1.0,4.0,11.162923462595051,High Performer,False,False,False,False,False,False,0.22783935801017904,319,Good
S2938,Diana Johnson,Female,2024-12-04,High,21.606653389665244,1.0,1.0,11.5,3,0.8798214285714285,89.71428571428571,28,85.0,4,89.66666666666667,1.5,2,4,0,1.6,9.0,2.0,4.0,21.606653389665244,High Performer,False,False,False,False,False,False,0.12753693795440832,50,Excellent
S2939,Jill Powers,Male,2025-03-05,Medium,8.317838998301346,0.7,0.8,13.580000000000002,5,0.7633181818181818,78.5909090909091,22,76.0,2,75.16666666666667,5.333333333333333,0,6,0,1.2,9.0,1.0,4.0,8.317838998301346,Average Performer,True,False,False,True,False,True,0.3104599479587921,1425,Good
S2940,Jorge Lee,Male,2024-11-15,Low,4.020748521449226,0.7333333333333333,0.5,10.225,4,0.6288846153846154,64.8076923076923,26,59.0,2,76.33333333333333,6.666666666666667,1,5,0,1.0,7.0,4.0,6.0,4.020748521449226,Average Performer,True,False,False,True,False,True,0.38544941074765904,1810,Good
S2941,Larry Harding,Male,2024-12-15,Low,1.4825399440298932,0.6,0.75,10.15,4,0.7163103448275862,71.41379310344827,29,77.75,4,76.83333333333333,6.333333333333333,0,5,1,1.3,8.0,2.0,8.0,1.4825399440298932,At Risk,True,False,False,True,False,True,0.3606505466916494,1485,Good
S2942,Heather Hernandez,Female,2025-02-10,High,14.657760052737762,0.9666666666666668,0.75,17.25,4,0.7969666666666666,80.06666666666666,30,76.25,4,78.0,3.5,0,6,0,2.2,7.0,4.0,3.0,14.657760052737762,High Performer,False,False,False,False,False,False,0.21309893320148893,495,Good
S2943,Jaclyn Watson,Female,2026-03-15,Medium,12.598002256755148,0.8666666666666667,0.3333333333333333,8.733333333333333,3,0.7137083333333334,73.625,24,65.0,2,87.83333333333333,2.1666666666666665,1,5,0,1.4,8.0,3.0,2.0,12.598002256755148,Average Performer,False,False,False,False,False,False,0.2759758276914454,1104,Good
S2944,Gregory Madden,Female,2024-10-04,High,17.774295220464108,0.9,1.0,19.6,2,0.8190344827586207,84.86206896551724,29,94.0,2,79.5,1.1666666666666667,3,3,0,1.7,9.0,1.0,6.0,17.774295220464108,High Performer,False,False,False,False,False,False,0.17760391712125354,391,Excellent
S2945,Anita Luna,Female,2024-11-23,High,17.862896892323345,0.8,0.5,11.25,4,0.8104814814814815,78.07407407407408,27,81.0,3,86.16666666666667,2.6666666666666665,1,5,0,1.5,9.0,2.0,5.0,17.862896892323345,Average Performer,False,False,False,False,False,False,0.22094831332474715,552,Good
S2946,Willie Lara,Male,2025-03-22,Medium,11.235042138648312,0.8666666666666667,0.5,8.725000000000001,4,0.779909090909091,74.9090909090909,22,74.0,2,83.0,3.333333333333333,0,6,0,1.0,10.0,1.0,3.0,11.235042138648312,High Performer,False,False,False,False,False,False,0.24877300071398523,1017,Good
S2947,Robert Waller,Male,2025-06-08,Medium,8.956912448305214,0.8,0.5,3.9996666666666663,2,0.7071153846153847,72.5,26,76.0,2,78.66666666666667,3.5,1,5,0,1.9,8.0,2.0,5.0,8.956912448305214,Average Performer,False,False,False,True,False,False,0.29547310349462147,1153,Good
S2948,Steven Taylor,Male,2026-01-05,High,11.713071039198812,0.9,0.5,12.125,4,0.6686428571428572,67.57142857142857,28,72.33333333333333,3,85.5,2.5,1,5,0,1.7,4.0,2.0,1.0,11.713071039198812,Average Performer,False,False,False,False,False,False,0.2722077985924791,936,Good
S2949,Angelica Clark,Male,2024-12-05,High,16.44807219507686,0.9,0.6666666666666666,14.4,3,0.7231538461538461,71.61538461538461,26,89.0,2,84.83333333333333,1.5,2,4,0,1.6,5.0,2.0,5.0,16.44807219507686,Average Performer,False,False,False,False,False,False,0.21168366566615404,548,Good
S2950,Sean Hatfield,Male,2024-09-10,High,11.96232780505541,0.8666666666666667,0.5,17.9,2,0.8417142857142857,86.25,28,75.75,4,81.0,2.1666666666666665,2,4,0,1.5,8.0,1.0,7.0,11.96232780505541,High Performer,False,False,False,False,False,False,0.22791322810640907,694,Good
S2951,Tyler Avila,Male,2025-11-16,Low,7.725499989036612,0.7,0.25,9.85,4,0.6375862068965518,65.79310344827586,29,64.0,3,81.33333333333333,1.3333333333333333,1,5,0,1.7,5.0,2.0,5.0,7.725499989036612,Average Performer,True,False,False,True,False,False,0.364410387958443,1507,Good
S2952,Jason Rocha,Female,2025-04-05,Low,7.247967632504516,0.6666666666666666,1.0,11.2,3,0.5914919565217391,59.52173913043478,23,72.66666666666667,3,71.0,7.0,0,6,0,1.0,5.0,2.0,3.0,7.247967632504516,At Risk,True,False,False,True,False,True,0.38593249396221696,1806,Good
S2953,Justin Page,Female,2024-12-14,High,17.57011666819368,1.0,1.0,18.23333333333333,3,0.8024137931034483,80.89655172413794,29,83.75,4,83.16666666666667,1.6666666666666667,3,3,0,1.7,9.0,3.0,4.0,17.57011666819368,High Performer,False,False,False,False,False,False,0.1731005703984813,236,Excellent
S2954,Breanna Lopez,Other,2024-08-17,High,22.06655983975113,1.0,1.0,20.925,4,0.8114814814814815,81.81481481481481,27,94.0,3,81.33333333333333,3.6666666666666665,1,5,0,1.9,10.0,2.0,6.0,22.06655983975113,High Performer,False,False,False,False,False,False,0.14138915595617774,131,Excellent
S2955,Julian Williams,Female,2026-02-01,Low,2.981098368261085,0.5333333333333333,0.5,10.2,2,0.5952222222222223,59.51834838709678,27,65.25,4,80.66666666666667,5.5,0,5,1,1.0,7.0,1.0,3.0,2.981098368261085,At Risk,True,False,False,True,False,True,0.42914725407934723,1780,Average
S2956,Sandra Torres,Female,2024-09-10,Low,8.681715070048273,0.7,0.5,11.95,4,0.6313333333333333,65.70370370370371,27,73.5,2,85.83333333333333,4.833333333333333,1,5,0,1.2,7.0,2.0,3.0,8.681715070048273,Average Performer,True,False,False,True,False,False,0.33814571232487933,1387,Good
S2957,Julie Johnson,Male,2025-03-15,Medium,11.305025324277414,0.9,0.5,10.625,4,0.7731333333333333,78.03333333333333,30,75.5,4,83.5,2.833333333333333,2,4,0,1.9,10.0,1.0,4.0,11.305025324277414,High Performer,False,False,False,False,False,False,0.23854743668930645,586,Good
S2958,Dennis Blanchard,Female,2025-05-25,High,24.485540747382867,1.0,1.0,14.925,4,0.73975,75.5,24,82.5,4,86.16666666666667,1.0,4,2,0,2.8,8.0,4.0,7.0,22.628166883106164,Average Performer,False,False,False,False,False,False,0.1772545827922346,145,Excellent
S2959,Kaitlyn Valdez,Female,2024-10-11,High,16.363016059026865,1.0,1.0,7.9,2,0.73016,72.04,25,86.66666666666667,3,86.33333333333333,4.166666666666667,0,6,0,2.2,9.0,2.0,7.0,16.363016059026865,Average Performer,False,False,False,False,False,False,0.1872111265190995,165,Excellent
S2960,Jennifer Vasquez,Male,2025-04-01,Medium,7.891931006857341,0.7666666666666667,0.75,8.5,4,0.783,78.23076923076923,26,70.5,2,75.0,5.666666666666667,0,6,0,1.5,6.0,3.0,6.0,7.891931006857341,Average Performer,False,False,False,True,False,True,0.30020350581619,1335,Good
S2961,Danielle Wilson,Male,2024-11-14,Medium,16.160004635440192,0.9333333333333332,1.0,15.4,3,0.8586153846153847,87.07692307692308,26,80.66666666666667,3,85.33333333333333,4.0,1,5,0,1.4,6.0,3.0,5.0,16.160004635440192,High Performer,False,False,False,False,False,False,0.17934870636011746,294,Excellent
S2962,Zachary Jones,Female,2025-06-12,High,10.30867349856933,0.8333333333333334,0.5,12.45,4,0.7485599999999999,72.88,25,74.25,4,82.16666666666667,3.0,1,5,0,1.0,10.0,4.0,3.0,10.30867349856933,Average Performer,False,False,False,False,False,False,0.26957698292024335,1213,Good
S2963,Lauren Cunningham,Male,2026-06-20,Medium,5.210457697534723,0.8,0.6666666666666666,6.566666666666667,3,0.8103448275862069,77.72413793103448,29,67.0,3,75.33333333333333,3.6666666666666665,2,4,0,1.1,7.0,1.0,4.0,5.210457697534723,Average Performer,False,False,False,True,False,False,0.29687040748030114,1384,Good
S2964,Lori Alvarez,Female,2025-04-04,High,15.929748895225403,0.9333333333333332,1.0,19.33333333333333,3,0.8807083333333333,87.0,24,87.5,2,88.5,1.1666666666666667,3,3,0,2.0,5.0,3.0,5.0,15.929748895225403,High Performer,False,False,False,False,False,False,0.1548797944286032,26,Excellent
S2965,Barbara Hunt,Female,2025-02-12,Low,5.916700382048747,0.5333333333333333,0.6666666666666666,7.633333333333333,3,0.6458076923076923,66.07692307692308,26,69.5,2,75.16666666666667,3.8333333333333335,0,6,0,1.2,6.0,2.0,4.0,5.916700382048747,At Risk,True,False,False,True,False,False,0.4063826080192371,1776,Average
S2966,Sarah Martin,Male,2025-05-14,Medium,16.90865776160532,0.8333333333333334,0.5,11.575,4,0.892265925925926,90.60857142857144,24,90.5,4,81.0,2.1666666666666665,2,4,0,2.3,9.0,1.0,2.0,16.90865776160532,Average Performer,False,False,False,False,False,False,0.17921524448487555,181,Excellent
S2967,Francisco Johns,Male,2026-04-30,High,10.326551808485153,0.8,0.6666666666666666,10.133333333333333,3,0.7768709677419354,78.93548387096774,31,66.0,2,85.0,2.1666666666666665,2,4,0,2.3,9.0,1.0,5.0,10.326551808485153,Average Performer,False,False,False,False,False,False,0.28162233015620647,773,Good
S2968,Christopher Nelson,Male,2026-06-25,Medium,12.22267369553422,0.8333333333333334,0.25,14.375,4,0.7360689655172414,75.79310344827586,29,74.5,2,85.0,3.0,1,5,0,1.6,3.0,5.0,4.0,12.22267369553422,Average Performer,False,False,False,False,False,False,0.26378929277265867,892,Good
S2969,Thomas Kelly,Male,2024-10-28,Medium,11.558356939302769,0.8333333333333334,0.3333333333333333,11.666666666666666,3,0.7664827586206897,76.27586206896552,29,75.5,2,76.33333333333333,2.5,2,4,0,1.1,4.0,1.0,5.0,11.558356939302769,Average Performer,False,False,False,False,False,False,0.2673259467322028,1263,Good
S2970,Joseph Mayer,Male,2024-09-05,Low,7.624593609638872,0.5666666666666667,0.0,9.533333333333331,3,0.7319130434782608,69.95652173913044,23,75.25,4,80.33333333333333,3.8333333333333335,1,5,0,1.0,6.0,2.0,4.0,7.624593609638872,At Risk,True,False,False,True,False,False,0.34869793626575796,1518,Good
S2971,Pamela White,Female,2024-12-31,Medium,17.57335714943254,0.8333333333333334,1.0,14.466666666666669,3,0.8031999999999999,78.76,25,70.33333333333333,3,86.66666666666667,2.0,3,3,0,1.5,7.0,4.0,3.0,17.57335714943254,Average Performer,False,False,False,False,False,False,0.23610660712641868,766,Good
S2972,Paul Stephens,Male,2025-01-29,Medium,13.18089255370763,0.9,1.0,9.7,3,0.6964,70.96666666666667,30,73.0,4,88.0,3.0,2,4,0,1.5,8.0,2.0,3.0,13.18089255370763,Average Performer,False,False,False,False,False,False,0.25512776861573094,876,Good
S2973,Samantha Cohen,Female,2026-03-03,Medium,14.381178541646593,0.9,0.6666666666666666,19.96666666666667,3,0.7909629629629629,79.18518518518519,27,67.5,2,88.16666666666667,3.0,0,6,0,1.3,7.0,0.0,6.0,14.381178541646593,Average Performer,False,False,False,False,False,False,0.23450816475699465,777,Good
S2974,Michael Barker,Male,2025-11-02,Medium,13.561350301551476,0.8666666666666667,0.75,11.95,4,0.7255416666666666,74.29166666666667,24,82.66666666666667,3,79.33333333333333,2.6666666666666665,0,6,0,2.0,5.0,0.0,1.0,13.561350301551476,Average Performer,False,False,False,False,False,False,0.24743412424612132,767,Good
S2975,Kevin Morrow,Female,2025-10-25,Low,6.796106711072731,0.7,0.3333333333333333,10.433333333333334,3,0.74568,74.36,25,62.333333333333336,3,75.83333333333333,6.0,0,5,1,1.5,7.0,0.0,4.0,6.796106711072731,Average Performer,True,False,False,True,False,True,0.3458890665556515,1587,Good
S2976,Joseph Watson,Male,2025-01-26,Medium,6.587224487670657,0.7666666666666667,0.6666666666666666,8.966666666666667,3,0.7063636363636363,71.96969696969697,33,76.5,4,77.0,4.833333333333333,1,5,0,1.0,9.0,2.0,6.0,6.587224487670657,Average Performer,False,False,False,True,False,False,0.3114561812050658,1519,Good
S2977,Mr. Thomas Garcia,Male,2025-08-13,Medium,11.74368133627548,0.7666666666666667,0.5,8.775,4,0.7742758620689656,81.06896551724138,29,65.5,2,86.16666666666667,4.333333333333333,0,6,0,1.0,7.0,3.0,6.0,11.74368133627548,Average Performer,False,False,False,False,False,False,0.2864413713719549,1254,Good
S2978,Daniel Lopez,Female,2025-08-26,High,13.65625097233684,1.0,0.75,14.975,4,0.8071,81.96666666666667,30,77.0,2,84.0,4.333333333333333,1,5,0,1.7,7.0,3.0,3.0,13.65625097233684,High Performer,False,False,False,False,False,False,0.1937293725691579,342,Excellent
S2979,Lisa Guerra,Female,2026-03-03,Medium,10.961519072485066,0.9333333333333332,0.75,8.75,4,0.7975185185185185,81.4074074074074,27,79.75,4,79.5,2.5,0,6,0,2.7,6.0,2.0,5.0,10.961519072485066,High Performer,False,False,False,False,False,False,0.22125731342989846,331,Good
S2980,Kim Arnold,Male,2025-08-22,Low,3.458012697406708,0.6333333333333333,0.5,11.125,4,0.6816923076923077,67.38461538461539,26,61.333333333333336,3,81.5,5.666666666666667,0,6,0,2.1,2.0,0.0,5.0,3.458012697406708,At Risk,True,False,False,True,False,True,0.3835972759487909,1415,Good
S2981,Ashley Stevens,Female,2025-05-22,Low,10.975352939913684,0.3666666666666666,1.0,13.033333333333331,3,0.59556,61.6,25,61.0,2,80.83333333333333,5.833333333333333,0,6,0,1.0,9.0,2.0,3.0,10.975352939913684,At Risk,True,False,False,False,False,True,0.4589769509835491,1808,Average
S2982,Robert Mclean,Male,2024-10-24,High,7.996756566073239,1.0,0.3333333333333333,8.966666666666667,3,0.7210344827586207,72.44827586206897,29,90.0,3,74.83333333333333,4.0,1,5,0,1.1,7.0,2.0,5.0,7.996756566073239,Average Performer,False,False,False,True,False,False,0.22144776375723071,898,Good
S2983,Eric Cox,Female,2025-02-21,High,16.832460274059304,0.9333333333333332,1.0,11.266666666666666,3,0.76675,77.375,24,90.33333333333331,3,85.5,2.0,3,3,0,1.8,9.0,3.0,3.0,16.832460274059304,High Performer,False,False,False,False,False,False,0.1856438493148518,241,Excellent
S2984,Stacy Harper,Male,2024-09-12,Low,6.583467473767069,0.8,0.6666666666666666,9.933333333333332,3,0.6793600000000001,66.64,25,71.0,4,72.83333333333333,4.666666666666667,1,5,0,1.6,7.0,0.0,5.0,6.583467473767069,Average Performer,False,False,False,True,False,False,0.3284833313155823,1537,Good
S2985,Gloria Mckinney,Male,2025-03-31,Low,1.0155111073990135,0.6333333333333333,0.3333333333333333,11.833333333333334,3,0.5914919565217391,59.51834838709678,25,61.333333333333336,3,70.66666666666667,6.0,0,5,1,1.1,8.0,2.0,5.0,1.0155111073990135,At Risk,True,False,False,True,False,True,0.4330136352749807,1857,Average
S2986,Robert Walker,Female,2025-07-23,High,16.071105841222675,1.0,1.0,14.3,4,0.8681612903225806,85.06451612903226,31,79.0,4,85.66666666666667,2.6666666666666665,2,4,0,1.8,7.0,0.0,7.0,16.071105841222675,High Performer,False,False,False,False,False,False,0.16287384830016913,119,Excellent
S2987,Brenda Perez,Female,2025-09-29,Medium,9.255560159830134,0.8666666666666667,0.0,11.566666666666668,3,0.777551724137931,80.44827586206897,29,76.66666666666667,3,83.66666666666667,4.0,1,5,0,1.8,9.0,1.0,5.0,9.255560159830134,High Performer,False,False,False,True,False,False,0.24809558235904533,632,Good
S2988,Carlos Miller,Male,2025-06-08,Medium,12.56782889509512,0.7,1.0,8.533333333333333,3,0.7017826086956522,71.04347826086956,23,77.75,4,77.83333333333333,2.833333333333333,1,5,0,1.2,10.0,3.0,5.0,12.56782889509512,Average Performer,True,False,False,False,False,False,0.3107956451535665,1458,Good
S2989,Rachel Jones,Female,2024-09-15,Low,1.0,0.7333333333333333,1.0,8.925,4,0.5994642857142857,63.10714285714285,28,61.333333333333336,3,81.83333333333333,6.166666666666667,1,4,1,1.0,6.0,0.0,3.0,1.0,Average Performer,True,False,False,True,False,True,0.38891071428571433,1712,Good
S2990,Nicole Williams,Female,2025-08-07,High,19.067206256865155,0.9666666666666668,0.3333333333333333,13.366666666666667,3,0.8749666666666667,84.86666666666666,30,90.66666666666669,3,84.5,2.0,2,4,0,2.4,8.0,3.0,5.0,19.067206256865155,High Performer,False,False,False,False,False,False,0.14009198435783704,17,Excellent
S2991,Ricky Palmer,Male,2024-08-18,High,14.62053601112556,0.9,1.0,5.1000000000000005,3,0.8374444444444444,82.51851851851852,27,82.75,4,74.16666666666667,1.8333333333333333,3,3,0,2.1,5.0,1.0,2.0,14.62053601112556,High Performer,False,False,False,False,False,False,0.21046532663885273,500,Good
S2992,Bryan King,Female,2025-06-08,Low,9.03368327246396,0.8666666666666667,0.0,14.1,1,0.7321538461538462,72.65384615384616,26,80.0,3,86.66666666666667,4.333333333333333,1,4,1,2.0,6.0,0.0,6.0,9.03368327246396,Average Performer,False,False,False,True,False,False,0.25110297130601955,531,Good
S2993,Michael Webster,Male,2025-12-01,High,18.687610351331514,0.9333333333333332,0.6666666666666666,13.666666666666666,3,0.75912,77.0,25,85.5,2,77.33333333333333,2.6666666666666665,2,4,0,1.9,9.0,3.0,4.0,18.687610351331514,High Performer,False,False,False,False,False,False,0.2052116407883379,584,Good
S2994,Tamara Harris,Female,2025-01-24,Medium,9.922390581231424,0.8333333333333334,0.75,10.95,4,0.7196428571428571,75.42857142857143,28,79.0,2,80.5,3.8333333333333335,2,3,1,1.8,9.0,1.0,6.0,9.922390581231424,Average Performer,False,False,False,True,False,False,0.27221783307073094,938,Good
S2995,Cathy Bell,Female,2026-07-06,Medium,14.462733684891155,0.8,0.75,15.4,4,0.8480740740740741,88.96296296296296,27,87.25,4,84.16666666666667,4.0,0,6,0,1.5,8.0,1.0,6.0,14.462733684891155,Average Performer,False,False,False,False,False,False,0.20867094356554988,428,Good
S2996,Ryan Mcmahon,Female,2026-06-15,Medium,9.060661277195464,0.8333333333333334,0.5,8.95,4,0.8045000000000001,76.9,30,76.75,4,78.5,5.166666666666667,1,5,0,1.5,6.0,3.0,5.0,9.060661277195464,Average Performer,False,False,False,True,False,True,0.256415013473678,899,Good
S2997,Hannah Martin,Male,2024-08-10,Medium,3.0742874285712407,0.8333333333333334,1.0,8.1,3,0.71516,71.32,25,74.5,4,76.83333333333333,5.666666666666667,1,5,0,1.0,10.0,0.0,3.0,3.0742874285712407,Average Performer,False,False,False,True,False,True,0.30518294809523855,1470,Good
S2998,Monica Allen,Male,2025-02-21,Medium,15.71274121288092,0.7666666666666667,0.3333333333333333,9.5,3,0.7715357142857143,77.67857142857143,28,90.0,2,79.33333333333333,3.5,2,4,0,1.4,10.0,2.0,4.0,15.71274121288092,Average Performer,False,False,False,False,False,False,0.23859076601541673,869,Good
S2999,Annette Lane,Male,2025-09-30,High,14.822399330755085,1.0,1.0,11.225,4,0.852551724137931,85.75862068965517,29,82.25,4,86.0,1.3333333333333333,4,2,0,2.1,10.0,1.0,6.0,14.822399330755085,High Performer,False,False,False,False,False,False,0.163678484431733,41,Excellent
